bank,sound,rate,samples,seconds,offset,file
0,0,8000,7681,0.96,0,bank000/000.wav
0,1,8000,5243,0.655,0,bank000/001.wav
0,2,8000,8172,1.022,0,bank000/002.wav
0,3,8000,7735,0.967,0,bank000/003.wav
0,4,8000,6380,0.797,0,bank000/004.wav
0,5,8000,5906,0.738,0,bank000/005.wav
0,6,8000,4304,0.538,0,bank000/006.wav
0,7,8000,7572,0.947,0,bank000/007.wav
0,8,8000,5641,0.705,0,bank000/008.wav
0,9,8000,4833,0.604,0,bank000/009.wav
0,10,8000,7458,0.932,0,bank000/010.wav
0,11,8000,7666,0.958,0,bank000/011.wav
0,12,8000,9146,1.143,0,bank000/012.wav
0,13,8000,6803,0.85,0,bank000/013.wav
0,14,8000,3513,0.439,0,bank000/014.wav
0,15,8000,4743,0.593,0,bank000/015.wav
0,16,8000,8250,1.031,0,bank000/016.wav
0,17,8000,6546,0.818,0,bank000/017.wav
0,18,8000,5130,0.641,0,bank000/018.wav
0,19,8000,4546,0.568,0,bank000/019.wav
0,20,8000,3927,0.491,0,bank000/020.wav
0,21,8000,4767,0.596,0,bank000/021.wav
0,22,8000,6669,0.834,0,bank000/022.wav
0,23,8000,7980,0.998,0,bank000/023.wav
0,24,8000,4153,0.519,0,bank000/024.wav
0,25,8000,4269,0.534,0,bank000/025.wav
0,26,8000,5152,0.644,0,bank000/026.wav
0,27,8000,10964,1.371,0,bank000/027.wav
0,28,8000,9113,1.139,0,bank000/028.wav
0,29,8000,5761,0.72,0,bank000/029.wav
0,30,8000,5926,0.741,0,bank000/030.wav
0,31,8000,8155,1.019,0,bank000/031.wav
0,32,8000,11444,1.431,0,bank000/032.wav
0,33,8000,4932,0.617,0,bank000/033.wav
0,34,8000,10638,1.33,0,bank000/034.wav
0,35,8000,5658,0.707,0,bank000/035.wav
0,36,8000,6400,0.8,0,bank000/036.wav
0,37,8000,9447,1.181,0,bank000/037.wav
0,38,8000,7306,0.913,0,bank000/038.wav
0,39,8000,4795,0.599,0,bank000/039.wav
0,40,8000,5936,0.742,0,bank000/040.wav
0,41,8000,5001,0.625,0,bank000/041.wav
0,42,8000,4515,0.564,0,bank000/042.wav
0,43,8000,7138,0.892,0,bank000/043.wav
0,44,8000,4683,0.585,0,bank000/044.wav
0,45,8000,8053,1.007,0,bank000/045.wav
0,46,8000,5778,0.722,0,bank000/046.wav
0,47,8000,6166,0.771,0,bank000/047.wav
0,48,8000,6072,0.759,0,bank000/048.wav
0,49,8000,6241,0.78,0,bank000/049.wav
0,50,8000,5650,0.706,0,bank000/050.wav
0,51,8000,3278,0.41,0,bank000/051.wav
0,52,8000,5846,0.731,0,bank000/052.wav
0,53,8000,4390,0.549,0,bank000/053.wav
0,54,8000,5887,0.736,0,bank000/054.wav
0,55,8000,5501,0.688,0,bank000/055.wav
0,56,8000,9447,1.181,0,bank000/056.wav
0,57,8000,4883,0.61,0,bank000/057.wav
0,58,8000,6478,0.81,0,bank000/058.wav
0,59,8000,7207,0.901,0,bank000/059.wav
0,60,8000,8620,1.077,0,bank000/060.wav
0,61,8000,5316,0.664,0,bank000/061.wav
0,62,8000,6449,0.806,0,bank000/062.wav
0,63,8000,5147,0.643,0,bank000/063.wav
0,64,8000,4450,0.556,0,bank000/064.wav
0,65,8000,8586,1.073,0,bank000/065.wav
0,66,8000,9463,1.183,0,bank000/066.wav
0,67,8000,10610,1.326,0,bank000/067.wav
0,68,8000,10289,1.286,0,bank000/068.wav
0,69,8000,5752,0.719,0,bank000/069.wav
0,70,8000,6992,0.874,0,bank000/070.wav
0,71,8000,15067,1.883,0,bank000/071.wav
0,72,8000,6733,0.842,0,bank000/072.wav
0,73,8000,5506,0.688,0,bank000/073.wav
0,74,8000,7072,0.884,0,bank000/074.wav
0,75,8000,6380,0.797,0,bank000/075.wav
0,76,8000,8881,1.11,0,bank000/076.wav
0,77,8000,9229,1.154,0,bank000/077.wav
0,78,8000,6733,0.842,0,bank000/078.wav
0,79,8000,5612,0.702,0,bank000/079.wav
0,80,8000,6509,0.814,0,bank000/080.wav
0,81,8000,7118,0.89,0,bank000/081.wav
0,82,8000,7104,0.888,0,bank000/082.wav
0,83,8000,6976,0.872,0,bank000/083.wav
0,84,8000,7784,0.973,0,bank000/084.wav
0,85,8000,7561,0.945,0,bank000/085.wav
0,86,8000,6953,0.869,0,bank000/086.wav
0,87,8000,8470,1.059,0,bank000/087.wav
0,88,8000,10230,1.279,0,bank000/088.wav
0,89,8000,8861,1.108,0,bank000/089.wav
0,90,8000,9803,1.225,0,bank000/090.wav
0,91,8000,11069,1.384,0,bank000/091.wav
0,92,8000,5067,0.633,0,bank000/092.wav
0,93,8000,3830,0.479,0,bank000/093.wav
0,94,8000,7396,0.924,0,bank000/094.wav
0,95,8000,6044,0.755,0,bank000/095.wav
0,96,8000,6976,0.872,0,bank000/096.wav
0,97,8000,4509,0.564,0,bank000/097.wav
0,98,8000,8409,1.051,0,bank000/098.wav
0,99,8000,6123,0.765,0,bank000/099.wav
0,100,8000,5761,0.72,0,bank000/100.wav
0,101,8000,8798,1.1,0,bank000/101.wav
0,102,8000,7055,0.882,0,bank000/102.wav
0,103,8000,6066,0.758,0,bank000/103.wav
0,104,8000,7144,0.893,0,bank000/104.wav
0,105,8000,7424,0.928,0,bank000/105.wav
0,106,8000,9078,1.135,0,bank000/106.wav
0,107,8000,5398,0.675,0,bank000/107.wav
0,108,8000,6004,0.75,0,bank000/108.wav
0,109,8000,6055,0.757,0,bank000/109.wav
0,110,8000,5852,0.732,0,bank000/110.wav
0,111,8000,6133,0.767,0,bank000/111.wav
0,112,8000,9223,1.153,0,bank000/112.wav
0,113,8000,9440,1.18,0,bank000/113.wav
0,114,8000,4964,0.621,0,bank000/114.wav
0,115,8000,4172,0.521,0,bank000/115.wav
0,116,8000,10552,1.319,0,bank000/116.wav
0,117,8000,5296,0.662,0,bank000/117.wav
0,118,8000,8433,1.054,0,bank000/118.wav
0,119,8000,9238,1.155,0,bank000/119.wav
0,120,8000,5769,0.721,0,bank000/120.wav
0,121,8000,5153,0.644,0,bank000/121.wav
0,122,8000,8724,1.091,0,bank000/122.wav
0,123,8000,8146,1.018,0,bank000/123.wav
0,124,8000,7844,0.981,0,bank000/124.wav
0,125,8000,5069,0.634,0,bank000/125.wav
0,126,8000,7387,0.923,0,bank000/126.wav
0,127,8000,8716,1.089,0,bank000/127.wav
0,128,8000,6212,0.776,0,bank000/128.wav
0,129,8000,8035,1.004,0,bank000/129.wav
0,130,8000,6113,0.764,0,bank000/130.wav
0,131,8000,8729,1.091,0,bank000/131.wav
0,132,8000,7069,0.884,0,bank000/132.wav
0,133,8000,7684,0.961,0,bank000/133.wav
0,134,8000,11532,1.442,0,bank000/134.wav
0,135,8000,6416,0.802,0,bank000/135.wav
0,136,8000,7543,0.943,0,bank000/136.wav
0,137,8000,4992,0.624,0,bank000/137.wav
0,138,8000,3343,0.418,0,bank000/138.wav
0,139,8000,10420,1.302,0,bank000/139.wav
0,140,8000,6469,0.809,0,bank000/140.wav
0,141,8000,6175,0.772,0,bank000/141.wav
0,142,8000,5878,0.735,0,bank000/142.wav
0,143,8000,4646,0.581,0,bank000/143.wav
0,144,8000,9121,1.14,0,bank000/144.wav
0,145,8000,5227,0.653,0,bank000/145.wav
0,146,8000,6744,0.843,0,bank000/146.wav
0,147,8000,6724,0.841,0,bank000/147.wav
0,148,8000,5803,0.725,0,bank000/148.wav
0,149,8000,11089,1.386,0,bank000/149.wav
0,150,8000,6843,0.855,0,bank000/150.wav
0,151,8000,5992,0.749,0,bank000/151.wav
0,152,8000,6906,0.863,0,bank000/152.wav
0,153,8000,7212,0.901,0,bank000/153.wav
0,154,8000,9335,1.167,0,bank000/154.wav
0,155,8000,7986,0.998,0,bank000/155.wav
0,156,8000,5209,0.651,0,bank000/156.wav
0,157,8000,7660,0.958,0,bank000/157.wav
0,158,8000,5538,0.692,0,bank000/158.wav
0,159,8000,4626,0.578,0,bank000/159.wav
0,160,8000,8924,1.115,0,bank000/160.wav
0,161,8000,5658,0.707,0,bank000/161.wav
0,162,8000,11155,1.394,0,bank000/162.wav
0,163,8000,8904,1.113,0,bank000/163.wav
1,0,8000,2987,0.373,2283522,bank001/000.wav
1,1,8000,3321,0.415,2283522,bank001/001.wav
1,2,8000,2990,0.374,2283522,bank001/002.wav
1,3,8000,3383,0.423,2283522,bank001/003.wav
1,4,8000,4113,0.514,2283522,bank001/004.wav
1,5,8000,5040,0.63,2283522,bank001/005.wav
1,6,8000,2864,0.358,2283522,bank001/006.wav
1,7,8000,2755,0.344,2283522,bank001/007.wav
1,8,8000,3481,0.435,2283522,bank001/008.wav
1,9,8000,3253,0.407,2283522,bank001/009.wav
1,10,8000,3573,0.447,2283522,bank001/010.wav
1,11,8000,2735,0.342,2283522,bank001/011.wav
1,12,8000,3713,0.464,2283522,bank001/012.wav
1,13,8000,3644,0.456,2283522,bank001/013.wav
1,14,8000,2249,0.281,2283522,bank001/014.wav
2,0,8000,4496,0.562,2388528,bank002/000.wav
2,1,8000,3575,0.447,2388528,bank002/001.wav
2,2,8000,2723,0.34,2388528,bank002/002.wav
2,3,8000,2798,0.35,2388528,bank002/003.wav
2,4,8000,3106,0.388,2388528,bank002/004.wav
3,0,8000,5233,0.654,2426728,bank003/000.wav
3,1,8000,2141,0.268,2426728,bank003/001.wav
3,2,8000,3924,0.49,2426728,bank003/002.wav
3,3,8000,1676,0.209,2426728,bank003/003.wav
3,4,8000,3381,0.423,2426728,bank003/004.wav
3,5,8000,7372,0.921,2426728,bank003/005.wav
3,6,8000,7063,0.883,2426728,bank003/006.wav
3,7,8000,7953,0.994,2426728,bank003/007.wav
3,8,8000,5143,0.643,2426728,bank003/008.wav
4,0,8000,6089,0.761,2519304,bank004/000.wav
4,1,8000,6013,0.752,2519304,bank004/001.wav
4,2,8000,6093,0.762,2519304,bank004/002.wav
4,3,8000,5498,0.687,2519304,bank004/003.wav
4,4,8000,5684,0.711,2519304,bank004/004.wav
4,5,8000,5675,0.709,2519304,bank004/005.wav
4,6,8000,4926,0.616,2519304,bank004/006.wav
4,7,8000,6433,0.804,2519304,bank004/007.wav
4,8,8000,5684,0.711,2519304,bank004/008.wav
4,9,8000,4416,0.552,2519304,bank004/009.wav
4,10,8000,6398,0.8,2519304,bank004/010.wav
4,11,8000,2313,0.289,2519304,bank004/011.wav
4,12,8000,2563,0.32,2519304,bank004/012.wav
4,13,8000,2524,0.316,2519304,bank004/013.wav
5,0,8000,3529,0.441,2664726,bank005/000.wav
5,1,8000,4010,0.501,2664726,bank005/001.wav
5,2,8000,4583,0.573,2664726,bank005/002.wav
5,3,8000,5792,0.724,2664726,bank005/003.wav
5,4,8000,5123,0.64,2664726,bank005/004.wav
5,5,8000,2658,0.332,2664726,bank005/005.wav
5,6,8000,2060,0.258,2664726,bank005/006.wav
5,7,8000,3096,0.387,2664726,bank005/007.wav
5,8,8000,4995,0.624,2664726,bank005/008.wav
5,9,8000,4340,0.542,2664726,bank005/009.wav
5,10,8000,8040,1.005,2664726,bank005/010.wav
5,11,8000,4709,0.589,2664726,bank005/011.wav
5,12,8000,8289,1.036,2664726,bank005/012.wav
5,13,8000,5718,0.715,2664726,bank005/013.wav
5,14,8000,6132,0.766,2664726,bank005/014.wav
5,15,8000,3756,0.469,2664726,bank005/015.wav
5,16,8000,6173,0.772,2664726,bank005/016.wav
5,17,8000,5124,0.64,2664726,bank005/017.wav
5,18,8000,5153,0.644,2664726,bank005/018.wav
5,19,8000,5449,0.681,2664726,bank005/019.wav
5,20,8000,5261,0.658,2664726,bank005/020.wav
5,21,8000,5863,0.733,2664726,bank005/021.wav
5,22,8000,5078,0.635,2664726,bank005/022.wav
5,23,8000,4489,0.561,2664726,bank005/023.wav
5,24,8000,4606,0.576,2664726,bank005/024.wav
5,25,8000,5776,0.722,2664726,bank005/025.wav
5,26,8000,5406,0.676,2664726,bank005/026.wav
5,27,8000,7393,0.924,2664726,bank005/027.wav
5,28,8000,4087,0.511,2664726,bank005/028.wav
5,29,8000,6016,0.752,2664726,bank005/029.wav
5,30,8000,3115,0.389,2664726,bank005/030.wav
5,31,8000,4346,0.543,2664726,bank005/031.wav
5,32,8000,6036,0.754,2664726,bank005/032.wav
5,33,8000,5253,0.657,2664726,bank005/033.wav
5,34,8000,5615,0.702,2664726,bank005/034.wav
5,35,8000,5856,0.732,2664726,bank005/035.wav
5,36,8000,3352,0.419,2664726,bank005/036.wav
5,37,8000,3521,0.44,2664726,bank005/037.wav
5,38,8000,5226,0.653,2664726,bank005/038.wav
5,39,8000,5707,0.713,2664726,bank005/039.wav
5,40,8000,6195,0.774,2664726,bank005/040.wav
5,41,8000,6543,0.818,2664726,bank005/041.wav
5,42,8000,6350,0.794,2664726,bank005/042.wav
5,43,8000,5596,0.7,2664726,bank005/043.wav
5,44,8000,5740,0.718,2664726,bank005/044.wav
5,45,8000,6273,0.784,2664726,bank005/045.wav
5,46,8000,3507,0.438,2664726,bank005/046.wav
5,47,8000,5072,0.634,2664726,bank005/047.wav
5,48,8000,6518,0.815,2664726,bank005/048.wav
5,49,8000,5469,0.684,2664726,bank005/049.wav
5,50,8000,4680,0.585,2664726,bank005/050.wav
5,51,8000,3192,0.399,2664726,bank005/051.wav
5,52,8000,3967,0.496,2664726,bank005/052.wav
5,53,8000,4564,0.571,2664726,bank005/053.wav
5,54,8000,4089,0.511,2664726,bank005/054.wav
5,55,8000,4660,0.583,2664726,bank005/055.wav
5,56,8000,2941,0.368,2664726,bank005/056.wav
5,57,8000,3327,0.416,2664726,bank005/057.wav
6,0,15000,28672,1.911,3248358,bank006/000.wav
6,1,15000,28672,1.911,3248358,bank006/001.wav
7,0,18000,52668,2.926,3367850,bank007/000.wav
7,1,18000,11116,0.618,3367850,bank007/001.wav
8,0,22050,32498,1.474,3500222,bank008/000.wav
9,0,18000,15820,0.879,3570022,bank009/000.wav
10,0,12000,18816,1.568,3606466,bank010/000.wav
10,1,12000,18346,1.529,3606466,bank010/001.wav
11,0,11963,7392,0.618,3685594,bank011/000.wav
11,1,22050,30720,1.393,3685594,bank011/001.wav
11,2,44100,3856,0.087,3685594,bank011/002.wav
11,3,18000,3331,0.185,3685594,bank011/003.wav
12,0,32000,88704,2.772,3780996,bank012/000.wav
13,0,32000,11970,0.374,3963208,bank013/000.wav
13,1,32000,10728,0.335,3963208,bank013/001.wav
13,2,32000,8429,0.263,3963208,bank013/002.wav
13,3,22050,6333,0.287,3963208,bank013/003.wav
13,4,44100,15145,0.343,3963208,bank013/004.wav
14,0,12000,20631,1.719,4073222,bank014/000.wav
14,1,12000,29005,2.417,4073222,bank014/001.wav
14,2,12000,29603,2.467,4073222,bank014/002.wav
14,3,12000,17061,1.422,4073222,bank014/003.wav
14,4,12000,25082,2.09,4073222,bank014/004.wav
14,5,12000,26769,2.231,4073222,bank014/005.wav
14,6,12000,26002,2.167,4073222,bank014/006.wav
14,7,12000,24014,2.001,4073222,bank014/007.wav
15,0,12000,32681,2.723,4474360,bank015/000.wav
15,1,12000,35036,2.92,4474360,bank015/001.wav
15,2,12000,37469,3.122,4474360,bank015/002.wav
15,3,12000,36496,3.041,4474360,bank015/003.wav
15,4,12000,38280,3.19,4474360,bank015/004.wav
15,5,12000,42335,3.528,4474360,bank015/005.wav
15,6,12000,30722,2.56,4474360,bank015/006.wav
15,7,12000,43687,3.641,4474360,bank015/007.wav
15,8,12000,36334,3.028,4474360,bank015/008.wav
15,9,12000,26385,2.199,4474360,bank015/009.wav
15,10,12000,52338,4.362,4474360,bank015/010.wav
15,11,12000,36766,3.064,4474360,bank015/011.wav
15,12,12000,41524,3.46,4474360,bank015/012.wav
15,13,12000,35469,2.956,4474360,bank015/013.wav
15,14,12000,41524,3.46,4474360,bank015/014.wav
16,0,15571,308,0.02,5613256,bank016/000.wav
16,1,44100,13280,0.301,5613256,bank016/001.wav
16,2,8000,1360,0.17,5613256,bank016/002.wav
16,3,18000,42992,2.388,5613256,bank016/003.wav
16,4,16000,4801,0.3,5613256,bank016/004.wav
16,5,18000,5714,0.317,5613256,bank016/005.wav
16,6,14000,20375,1.455,5613256,bank016/006.wav
17,0,12000,11360,0.947,5795720,bank017/000.wav
17,1,12000,17812,1.484,5795720,bank017/001.wav
17,2,12000,21262,1.772,5795720,bank017/002.wav
17,3,12000,24436,2.036,5795720,bank017/003.wav
17,4,12000,22918,1.91,5795720,bank017/004.wav
17,5,12000,27095,2.258,5795720,bank017/005.wav
17,6,12000,25130,2.094,5795720,bank017/006.wav
17,7,12000,26651,2.221,5795720,bank017/007.wav
17,8,12000,13363,1.114,5795720,bank017/008.wav
17,9,12000,24214,2.018,5795720,bank017/009.wav
17,10,12000,13161,1.097,5795720,bank017/010.wav
17,11,12000,9353,0.779,5795720,bank017/011.wav
17,12,12000,10196,0.85,5795720,bank017/012.wav
17,13,12000,12976,1.081,5795720,bank017/013.wav
17,14,12000,12787,1.066,5795720,bank017/014.wav
17,15,12000,13103,1.092,5795720,bank017/015.wav
17,16,12000,13538,1.128,5795720,bank017/016.wav
17,17,12000,15172,1.264,5795720,bank017/017.wav
17,18,12000,14912,1.243,5795720,bank017/018.wav
17,19,12000,14150,1.179,5795720,bank017/019.wav
17,20,12000,11663,0.972,5795720,bank017/020.wav
17,21,12000,11465,0.955,5795720,bank017/021.wav
17,22,12000,12795,1.066,5795720,bank017/022.wav
17,23,12000,12375,1.031,5795720,bank017/023.wav
17,24,12000,12561,1.047,5795720,bank017/024.wav
17,25,12000,14822,1.235,5795720,bank017/025.wav
17,26,12000,12445,1.037,5795720,bank017/026.wav
17,27,12000,13667,1.139,5795720,bank017/027.wav
17,28,12000,13864,1.155,5795720,bank017/028.wav
17,29,12000,10344,0.862,5795720,bank017/029.wav
17,30,12000,12440,1.037,5795720,bank017/030.wav
17,31,12000,9166,0.764,5795720,bank017/031.wav
17,32,12000,13043,1.087,5795720,bank017/032.wav
17,33,12000,12570,1.048,5795720,bank017/033.wav
17,34,12000,12544,1.045,5795720,bank017/034.wav
17,35,12000,13231,1.103,5795720,bank017/035.wav
17,36,12000,15236,1.27,5795720,bank017/036.wav
17,37,12000,14672,1.223,5795720,bank017/037.wav
17,38,12000,5870,0.489,5795720,bank017/038.wav
17,39,12000,8983,0.749,5795720,bank017/039.wav
17,40,12000,9787,0.816,5795720,bank017/040.wav
17,41,12000,8690,0.724,5795720,bank017/041.wav
17,42,12000,8661,0.722,5795720,bank017/042.wav
17,43,12000,11242,0.937,5795720,bank017/043.wav
17,44,12000,12372,1.031,5795720,bank017/044.wav
17,45,12000,10535,0.878,5795720,bank017/045.wav
17,46,12000,7874,0.656,5795720,bank017/046.wav
17,47,12000,10664,0.889,5795720,bank017/047.wav
17,48,12000,7493,0.624,5795720,bank017/048.wav
17,49,12000,16904,1.409,5795720,bank017/049.wav
17,50,12000,15354,1.28,5795720,bank017/050.wav
17,51,12000,18759,1.563,5795720,bank017/051.wav
17,52,12000,26963,2.247,5795720,bank017/052.wav
17,53,12000,17297,1.441,5795720,bank017/053.wav
17,54,12000,13428,1.119,5795720,bank017/054.wav
17,55,12000,13939,1.162,5795720,bank017/055.wav
17,56,12000,15966,1.331,5795720,bank017/056.wav
17,57,12000,14346,1.196,5795720,bank017/057.wav
17,58,12000,12170,1.014,5795720,bank017/058.wav
17,59,12000,15490,1.291,5795720,bank017/059.wav
17,60,12000,13312,1.109,5795720,bank017/060.wav
17,61,12000,8522,0.71,5795720,bank017/061.wav
17,62,12000,15521,1.293,5795720,bank017/062.wav
17,63,12000,27008,2.251,5795720,bank017/063.wav
17,64,12000,17289,1.441,5795720,bank017/064.wav
18,0,22050,6496,0.295,7674386,bank018/000.wav
18,1,22050,5020,0.228,7674386,bank018/001.wav
18,2,22050,8272,0.375,7674386,bank018/002.wav
19,0,12000,12146,1.012,7718766,bank019/000.wav
19,1,12000,16629,1.386,7718766,bank019/001.wav
19,2,12000,15044,1.254,7718766,bank019/002.wav
19,3,12000,17231,1.436,7718766,bank019/003.wav
19,4,12000,16792,1.399,7718766,bank019/004.wav
19,5,12000,15944,1.329,7718766,bank019/005.wav
19,6,12000,15899,1.325,7718766,bank019/006.wav
19,7,12000,13417,1.118,7718766,bank019/007.wav
19,8,12000,15536,1.295,7718766,bank019/008.wav
19,9,12000,12216,1.018,7718766,bank019/009.wav
19,10,12000,12221,1.018,7718766,bank019/010.wav
19,11,12000,14214,1.185,7718766,bank019/011.wav
19,12,12000,27110,2.259,7718766,bank019/012.wav
19,13,12000,14106,1.175,7718766,bank019/013.wav
19,14,12000,15679,1.307,7718766,bank019/014.wav
19,15,12000,7285,0.607,7718766,bank019/015.wav
19,16,12000,9278,0.773,7718766,bank019/016.wav
19,17,12000,20896,1.741,7718766,bank019/017.wav
19,18,12000,11285,0.94,7718766,bank019/018.wav
19,19,12000,11669,0.972,7718766,bank019/019.wav
19,20,12000,26828,2.236,7718766,bank019/020.wav
19,21,12000,20927,1.744,7718766,bank019/021.wav
19,22,12000,27624,2.302,7718766,bank019/022.wav
19,23,12000,23649,1.971,7718766,bank019/023.wav
19,24,12000,23432,1.953,7718766,bank019/024.wav
19,25,12000,27590,2.299,7718766,bank019/025.wav
19,26,12000,16606,1.384,7718766,bank019/026.wav
19,27,12000,20456,1.705,7718766,bank019/027.wav
19,28,12000,12479,1.04,7718766,bank019/028.wav
19,29,12000,6441,0.537,7718766,bank019/029.wav
19,30,12000,7654,0.638,7718766,bank019/030.wav
19,31,12000,7807,0.651,7718766,bank019/031.wav
19,32,12000,9614,0.801,7718766,bank019/032.wav
19,33,12000,10983,0.915,7718766,bank019/033.wav
19,34,12000,8355,0.696,7718766,bank019/034.wav
19,35,12000,9007,0.751,7718766,bank019/035.wav
19,36,12000,10685,0.89,7718766,bank019/036.wav
19,37,12000,7470,0.623,7718766,bank019/037.wav
19,38,12000,12953,1.079,7718766,bank019/038.wav
19,39,12000,11788,0.982,7718766,bank019/039.wav
19,40,12000,12873,1.073,7718766,bank019/040.wav
19,41,12000,7574,0.631,7718766,bank019/041.wav
19,42,12000,9362,0.78,7718766,bank019/042.wav
19,43,12000,7750,0.646,7718766,bank019/043.wav
19,44,12000,6678,0.556,7718766,bank019/044.wav
19,45,12000,5461,0.455,7718766,bank019/045.wav
19,46,12000,6371,0.531,7718766,bank019/046.wav
19,47,12000,8555,0.713,7718766,bank019/047.wav
19,48,12000,19392,1.616,7718766,bank019/048.wav
19,49,12000,15320,1.277,7718766,bank019/049.wav
19,50,12000,21063,1.755,7718766,bank019/050.wav
19,51,12000,20551,1.713,7718766,bank019/051.wav
19,52,12000,18199,1.517,7718766,bank019/052.wav
19,53,12000,14756,1.23,7718766,bank019/053.wav
19,54,12000,15992,1.333,7718766,bank019/054.wav
19,55,12000,19898,1.658,7718766,bank019/055.wav
19,56,12000,16423,1.369,7718766,bank019/056.wav
20,0,15000,16492,1.099,9369896,bank020/000.wav
20,1,12000,24696,2.058,9369896,bank020/001.wav
20,2,8000,19933,2.492,9369896,bank020/002.wav
20,3,8000,5483,0.685,9369896,bank020/003.wav
21,0,8000,55804,6.976,9507908,bank021/000.wav
21,1,12000,18418,1.535,9507908,bank021/001.wav
21,2,12000,51658,4.305,9507908,bank021/002.wav
21,3,12000,50469,4.206,9507908,bank021/003.wav
21,4,12000,35366,2.947,9507908,bank021/004.wav
21,5,12000,46862,3.905,9507908,bank021/005.wav
22,0,18000,5925,0.329,10029866,bank022/000.wav
22,1,18000,19584,1.088,10029866,bank022/001.wav
22,2,18000,36888,2.049,10029866,bank022/002.wav
23,0,8000,12852,1.607,10159464,bank023/000.wav
23,1,8500,18353,2.159,10159464,bank023/001.wav
23,2,8500,20200,2.376,10159464,bank023/002.wav
23,3,15000,14412,0.961,10159464,bank023/003.wav
24,0,15000,16492,1.099,10295902,bank024/000.wav
24,1,15000,1617,0.108,10295902,bank024/001.wav
24,2,15000,12805,0.854,10295902,bank024/002.wav
25,0,12000,42416,3.535,10362534,bank025/000.wav
25,1,12000,30693,2.558,10362534,bank025/001.wav
25,2,15000,37000,2.467,10362534,bank025/002.wav
25,3,12000,47455,3.955,10362534,bank025/003.wav
25,4,15000,35851,2.39,10362534,bank025/004.wav
25,5,12000,49175,4.098,10362534,bank025/005.wav
25,6,15000,37766,2.518,10362534,bank025/006.wav
25,7,12000,56646,4.721,10362534,bank025/007.wav
25,8,15000,31052,2.07,10362534,bank025/008.wav
25,9,15000,8974,0.598,10362534,bank025/009.wav
25,10,12000,20998,1.75,10362534,bank025/010.wav
25,11,15000,16440,1.096,10362534,bank025/011.wav
25,12,12000,22997,1.916,10362534,bank025/012.wav
25,13,12000,54253,4.521,10362534,bank025/013.wav
25,14,12000,34970,2.914,10362534,bank025/014.wav
25,15,12000,21104,1.759,10362534,bank025/015.wav
25,16,12000,37222,3.102,10362534,bank025/016.wav
25,17,12000,43151,3.596,10362534,bank025/017.wav
25,18,12000,27998,2.333,10362534,bank025/018.wav
25,19,12000,22123,1.844,10362534,bank025/019.wav
25,20,12000,29437,2.453,10362534,bank025/020.wav
25,21,12000,22910,1.909,10362534,bank025/021.wav
25,22,12000,49310,4.109,10362534,bank025/022.wav
25,23,12000,49386,4.115,10362534,bank025/023.wav
25,24,12000,27336,2.278,10362534,bank025/024.wav
25,25,12000,32285,2.69,10362534,bank025/025.wav
25,26,12000,52794,4.399,10362534,bank025/026.wav
25,27,12000,22611,1.884,10362534,bank025/027.wav
25,28,12000,33233,2.769,10362534,bank025/028.wav
25,29,12000,44472,3.706,10362534,bank025/029.wav
25,30,12000,25707,2.142,10362534,bank025/030.wav
25,31,12000,15895,1.325,10362534,bank025/031.wav
25,32,12000,31648,2.637,10362534,bank025/032.wav
25,33,12000,33147,2.762,10362534,bank025/033.wav
25,34,12000,16030,1.336,10362534,bank025/034.wav
25,35,12000,25611,2.134,10362534,bank025/035.wav
25,36,12000,28144,2.345,10362534,bank025/036.wav
25,37,12000,10562,0.88,10362534,bank025/037.wav
25,38,12000,23335,1.945,10362534,bank025/038.wav
25,39,12000,25003,2.084,10362534,bank025/039.wav
25,40,12000,24007,2.001,10362534,bank025/040.wav
25,41,12000,20326,1.694,10362534,bank025/041.wav
25,42,12000,22227,1.852,10362534,bank025/042.wav
25,43,12000,36706,3.059,10362534,bank025/043.wav
25,44,12000,35679,2.973,10362534,bank025/044.wav
25,45,12000,19492,1.624,10362534,bank025/045.wav
25,46,12000,34662,2.889,10362534,bank025/046.wav
25,47,12000,31604,2.634,10362534,bank025/047.wav
25,48,12000,29573,2.464,10362534,bank025/048.wav
25,49,12000,28153,2.346,10362534,bank025/049.wav
25,50,12000,32681,2.723,10362534,bank025/050.wav
25,51,12000,36467,3.039,10362534,bank025/051.wav
25,52,12000,33815,2.818,10362534,bank025/052.wav
25,53,12000,51280,4.273,10362534,bank025/053.wav
25,54,12000,16387,1.366,10362534,bank025/054.wav
25,55,12000,32149,2.679,10362534,bank025/055.wav
25,56,15000,13939,0.929,10362534,bank025/056.wav
25,57,12000,25742,2.145,10362534,bank025/057.wav
25,58,15000,23163,1.544,10362534,bank025/058.wav
25,59,12000,15256,1.271,10362534,bank025/059.wav
25,60,12000,26047,2.171,10362534,bank025/060.wav
25,61,12000,25767,2.147,10362534,bank025/061.wav
25,62,12000,45272,3.773,10362534,bank025/062.wav
25,63,12000,52956,4.413,10362534,bank025/063.wav
25,64,12000,51698,4.308,10362534,bank025/064.wav
25,65,12000,28225,2.352,10362534,bank025/065.wav
25,66,15000,26881,1.792,10362534,bank025/066.wav
26,0,15000,41161,2.744,14561926,bank026/000.wav
26,1,15000,15850,1.057,14561926,bank026/001.wav
26,2,12000,35899,2.992,14561926,bank026/002.wav
26,3,12000,40493,3.374,14561926,bank026/003.wav
26,4,15000,54116,3.608,14561926,bank026/004.wav
26,5,12000,42457,3.538,14561926,bank026/005.wav
26,6,12000,48422,4.035,14561926,bank026/006.wav
26,7,12000,33378,2.781,14561926,bank026/007.wav
26,8,12000,22687,1.891,14561926,bank026/008.wav
26,9,15000,40242,2.683,14561926,bank026/009.wav
26,10,15000,31134,2.076,14561926,bank026/010.wav
26,11,15000,30535,2.036,14561926,bank026/011.wav
26,12,15000,28785,1.919,14561926,bank026/012.wav
26,13,15000,32212,2.147,14561926,bank026/013.wav
26,14,15000,25772,1.718,14561926,bank026/014.wav
26,15,15000,21481,1.432,14561926,bank026/015.wav
26,16,15000,31379,2.092,14561926,bank026/016.wav
26,17,12000,39017,3.251,14561926,bank026/017.wav
26,18,15000,41793,2.786,14561926,bank026/018.wav
26,19,15000,56793,3.786,14561926,bank026/019.wav
26,20,12000,49153,4.096,14561926,bank026/020.wav
26,21,12000,30953,2.579,14561926,bank026/021.wav
26,22,12000,20710,1.726,14561926,bank026/022.wav
26,23,12000,19427,1.619,14561926,bank026/023.wav
26,24,12000,29206,2.434,14561926,bank026/024.wav
26,25,12000,23176,1.931,14561926,bank026/025.wav
26,26,12000,38663,3.222,14561926,bank026/026.wav
26,27,15000,41161,2.744,14561926,bank026/027.wav
26,28,15000,15850,1.057,14561926,bank026/028.wav
26,29,15000,54116,3.608,14561926,bank026/029.wav
26,30,15000,40242,2.683,14561926,bank026/030.wav
26,31,15000,31134,2.076,14561926,bank026/031.wav
26,32,15000,30535,2.036,14561926,bank026/032.wav
26,33,15000,28785,1.919,14561926,bank026/033.wav
26,34,15000,32212,2.147,14561926,bank026/034.wav
26,35,15000,25772,1.718,14561926,bank026/035.wav
26,36,15000,21481,1.432,14561926,bank026/036.wav
26,37,15000,31379,2.092,14561926,bank026/037.wav
26,38,15000,41793,2.786,14561926,bank026/038.wav
26,39,15000,56793,3.786,14561926,bank026/039.wav
27,0,12000,17151,1.429,17319024,bank027/000.wav
27,1,12000,13680,1.14,17319024,bank027/001.wav
27,2,12000,16156,1.346,17319024,bank027/002.wav
27,3,12000,12558,1.046,17319024,bank027/003.wav
27,4,12000,11961,0.997,17319024,bank027/004.wav
27,5,12000,16875,1.406,17319024,bank027/005.wav
27,6,12000,16170,1.347,17319024,bank027/006.wav
27,7,12000,16133,1.344,17319024,bank027/007.wav
27,8,12000,18111,1.509,17319024,bank027/008.wav
27,9,12000,13351,1.113,17319024,bank027/009.wav
27,10,12000,14607,1.217,17319024,bank027/010.wav
27,11,12000,13388,1.116,17319024,bank027/011.wav
27,12,12000,24096,2.008,17319024,bank027/012.wav
27,13,12000,13015,1.085,17319024,bank027/013.wav
27,14,12000,20097,1.675,17319024,bank027/014.wav
27,15,12000,27230,2.269,17319024,bank027/015.wav
27,16,12000,30890,2.574,17319024,bank027/016.wav
27,17,12000,13661,1.138,17319024,bank027/017.wav
27,18,12000,18498,1.542,17319024,bank027/018.wav
27,19,12000,17613,1.468,17319024,bank027/019.wav
27,20,15000,17562,1.171,17319024,bank027/020.wav
27,21,15000,19780,1.319,17319024,bank027/021.wav
28,0,12000,26872,2.239,18088994,bank028/000.wav
28,1,12000,15401,1.283,18088994,bank028/001.wav
28,2,12000,33443,2.787,18088994,bank028/002.wav
28,3,12000,53746,4.479,18088994,bank028/003.wav
28,4,12000,12324,1.027,18088994,bank028/004.wav
28,5,12000,37560,3.13,18088994,bank028/005.wav
28,6,12000,41957,3.496,18088994,bank028/006.wav
28,7,12000,17302,1.442,18088994,bank028/007.wav
28,8,12000,25304,2.109,18088994,bank028/008.wav
28,9,12000,13019,1.085,18088994,bank028/009.wav
28,10,15000,32968,2.198,18088994,bank028/010.wav
28,11,15000,17514,1.168,18088994,bank028/011.wav
28,12,12000,18531,1.544,18088994,bank028/012.wav
29,0,12000,33865,2.822,18785680,bank029/000.wav
29,1,12000,26453,2.204,18785680,bank029/001.wav
29,2,12000,23553,1.963,18785680,bank029/002.wav
29,3,12000,17958,1.496,18785680,bank029/003.wav
29,4,12000,21881,1.823,18785680,bank029/004.wav
29,5,12000,15488,1.291,18785680,bank029/005.wav
29,6,12000,14336,1.195,18785680,bank029/006.wav
29,7,12000,20736,1.728,18785680,bank029/007.wav
29,8,12000,39444,3.287,18785680,bank029/008.wav
29,9,12000,28544,2.379,18785680,bank029/009.wav
29,10,12000,18304,1.525,18785680,bank029/010.wav
29,11,12000,20515,1.71,18785680,bank029/011.wav
29,12,12000,28283,2.357,18785680,bank029/012.wav
29,13,15000,24334,1.622,18785680,bank029/013.wav
29,14,12000,18816,1.568,18785680,bank029/014.wav
29,15,12000,26154,2.179,18785680,bank029/015.wav
29,16,12000,41730,3.478,18785680,bank029/016.wav
29,17,15000,44594,2.973,18785680,bank029/017.wav
29,18,12000,46320,3.86,18785680,bank029/018.wav
29,19,12000,31753,2.646,18785680,bank029/019.wav
29,20,12000,36664,3.055,18785680,bank029/020.wav
29,21,12000,44220,3.685,18785680,bank029/021.wav
29,22,12000,50695,4.225,18785680,bank029/022.wav
29,23,12000,30817,2.568,18785680,bank029/023.wav
29,24,12000,44381,3.698,18785680,bank029/024.wav
29,25,12000,27723,2.31,18785680,bank029/025.wav
29,26,15000,26195,1.746,18785680,bank029/026.wav
29,27,12000,23520,1.96,18785680,bank029/027.wav
29,28,12000,17848,1.487,18785680,bank029/028.wav
29,29,12000,35670,2.973,18785680,bank029/029.wav
29,30,12000,36054,3.005,18785680,bank029/030.wav
29,31,12000,24490,2.041,18785680,bank029/031.wav
29,32,12000,30559,2.547,18785680,bank029/032.wav
29,33,12000,44245,3.687,18785680,bank029/033.wav
29,34,12000,42202,3.517,18785680,bank029/034.wav
29,35,12000,25080,2.09,18785680,bank029/035.wav
29,36,12000,45701,3.808,18785680,bank029/036.wav
29,37,12000,18958,1.58,18785680,bank029/037.wav
29,38,15000,19950,1.33,18785680,bank029/038.wav
29,39,12000,18205,1.517,18785680,bank029/039.wav
29,40,12000,19712,1.643,18785680,bank029/040.wav
29,41,12000,16070,1.339,18785680,bank029/041.wav
29,42,12000,20224,1.685,18785680,bank029/042.wav
29,43,15000,14085,0.939,18785680,bank029/043.wav
29,44,15000,29910,1.994,18785680,bank029/044.wav
29,45,15000,15967,1.064,18785680,bank029/045.wav
29,46,15000,12499,0.833,18785680,bank029/046.wav
29,47,15000,26119,1.741,18785680,bank029/047.wav
29,48,12000,17052,1.421,18785680,bank029/048.wav
29,49,12000,27832,2.319,18785680,bank029/049.wav
29,50,12000,27048,2.254,18785680,bank029/050.wav
29,51,12000,21685,1.807,18785680,bank029/051.wav
29,52,12000,21241,1.77,18785680,bank029/052.wav
29,53,15000,13370,0.891,18785680,bank029/053.wav
29,54,12000,20214,1.685,18785680,bank029/054.wav
29,55,12000,54581,4.548,18785680,bank029/055.wav
29,56,12000,32101,2.675,18785680,bank029/056.wav
29,57,12000,24213,2.018,18785680,bank029/057.wav
29,58,15000,15932,1.062,18785680,bank029/058.wav
29,59,12000,17286,1.44,18785680,bank029/059.wav
29,60,12000,24349,2.029,18785680,bank029/060.wav
29,61,12000,36367,3.031,18785680,bank029/061.wav
29,62,12000,39870,3.322,18785680,bank029/062.wav
29,63,12000,30155,2.513,18785680,bank029/063.wav
29,64,12000,46037,3.836,18785680,bank029/064.wav
29,65,12000,29724,2.477,18785680,bank029/065.wav
29,66,12000,15229,1.269,18785680,bank029/066.wav
29,67,12000,31914,2.659,18785680,bank029/067.wav
29,68,12000,18067,1.506,18785680,bank029/068.wav
29,69,12000,17187,1.432,18785680,bank029/069.wav
29,70,12000,20235,1.686,18785680,bank029/070.wav
29,71,12000,44998,3.75,18785680,bank029/071.wav
29,72,12000,47516,3.96,18785680,bank029/072.wav
29,73,12000,51688,4.307,18785680,bank029/073.wav
29,74,12000,24567,2.047,18785680,bank029/074.wav
29,75,12000,23467,1.956,18785680,bank029/075.wav
29,76,12000,42738,3.562,18785680,bank029/076.wav
29,77,12000,35191,2.933,18785680,bank029/077.wav
29,78,12000,38135,3.178,18785680,bank029/078.wav
29,79,12000,26371,2.198,18785680,bank029/079.wav
29,80,15000,16540,1.103,18785680,bank029/080.wav
29,81,12000,41465,3.455,18785680,bank029/081.wav
29,82,12000,28081,2.34,18785680,bank029/082.wav
29,83,12000,25010,2.084,18785680,bank029/083.wav
29,84,12000,20464,1.705,18785680,bank029/084.wav
29,85,12000,29009,2.417,18785680,bank029/085.wav
29,86,12000,19035,1.586,18785680,bank029/086.wav
29,87,12000,16879,1.407,18785680,bank029/087.wav
29,88,12000,51076,4.256,18785680,bank029/088.wav
29,89,12000,19773,1.648,18785680,bank029/089.wav
29,90,15000,19016,1.268,18785680,bank029/090.wav
29,91,12000,15061,1.255,18785680,bank029/091.wav
29,92,15000,18790,1.253,18785680,bank029/092.wav
29,93,12000,33885,2.824,18785680,bank029/093.wav
29,94,15000,28531,1.902,18785680,bank029/094.wav
29,95,15000,28097,1.873,18785680,bank029/095.wav
29,96,12000,30325,2.527,18785680,bank029/096.wav
29,97,12000,37015,3.085,18785680,bank029/097.wav
29,98,12000,27862,2.322,18785680,bank029/098.wav
29,99,12000,35898,2.991,18785680,bank029/099.wav
29,100,15000,12045,0.803,18785680,bank029/100.wav
29,101,15000,54754,3.65,18785680,bank029/101.wav
29,102,15000,15608,1.041,18785680,bank029/102.wav
30,0,15000,55499,3.7,24593290,bank030/000.wav
30,1,15000,41524,2.768,24593290,bank030/001.wav
30,2,12000,14860,1.238,24593290,bank030/002.wav
30,3,15000,28908,1.927,24593290,bank030/003.wav
30,4,12000,33203,2.767,24593290,bank030/004.wav
30,5,12000,19655,1.638,24593290,bank030/005.wav
30,6,15000,23560,1.571,24593290,bank030/006.wav
30,7,12000,20313,1.693,24593290,bank030/007.wav
30,8,12000,9362,0.78,24593290,bank030/008.wav
30,9,12000,43798,3.65,24593290,bank030/009.wav
30,10,12000,27398,2.283,24593290,bank030/010.wav
30,11,12000,15967,1.331,24593290,bank030/011.wav
30,12,12000,23567,1.964,24593290,bank030/012.wav
30,13,12000,52217,4.351,24593290,bank030/013.wav
30,14,12000,18531,1.544,24593290,bank030/014.wav
30,15,12000,27076,2.256,24593290,bank030/015.wav
30,16,12000,27190,2.266,24593290,bank030/016.wav
30,17,12000,22965,1.914,24593290,bank030/017.wav
31,0,15000,25578,1.705,25609280,bank031/000.wav
31,1,12000,17789,1.482,25609280,bank031/001.wav
31,2,12000,15073,1.256,25609280,bank031/002.wav
31,3,12000,55637,4.636,25609280,bank031/003.wav
31,4,15000,38800,2.587,25609280,bank031/004.wav
31,5,12000,22790,1.899,25609280,bank031/005.wav
31,6,12000,14884,1.24,25609280,bank031/006.wav
31,7,12000,37855,3.155,25609280,bank031/007.wav
31,8,12000,50829,4.236,25609280,bank031/008.wav
31,9,15000,17126,1.142,25609280,bank031/009.wav
31,10,12000,18744,1.562,25609280,bank031/010.wav
31,11,12000,48175,4.015,25609280,bank031/011.wav
31,12,12000,56344,4.695,25609280,bank031/012.wav
31,13,15000,22236,1.482,25609280,bank031/013.wav
31,14,12000,39794,3.316,25609280,bank031/014.wav
31,15,12000,54625,4.552,25609280,bank031/015.wav
31,16,12000,31545,2.629,25609280,bank031/016.wav
31,17,12000,15558,1.296,25609280,bank031/017.wav
31,18,12000,44334,3.695,25609280,bank031/018.wav
31,19,12000,16762,1.397,25609280,bank031/019.wav
31,20,15000,27167,1.811,25609280,bank031/020.wav
31,21,12000,26519,2.21,25609280,bank031/021.wav
31,22,12000,11764,0.98,25609280,bank031/022.wav
31,23,12000,19025,1.585,25609280,bank031/023.wav
31,24,12000,31397,2.616,25609280,bank031/024.wav
31,25,12000,26885,2.24,25609280,bank031/025.wav
31,26,12000,21174,1.764,25609280,bank031/026.wav
31,27,12000,33683,2.807,25609280,bank031/027.wav
31,28,12000,24277,2.023,25609280,bank031/028.wav
31,29,12000,25186,2.099,25609280,bank031/029.wav
31,30,12000,27609,2.301,25609280,bank031/030.wav
31,31,12000,20962,1.747,25609280,bank031/031.wav
31,32,12000,18158,1.513,25609280,bank031/032.wav
31,33,12000,15516,1.293,25609280,bank031/033.wav
31,34,12000,17346,1.446,25609280,bank031/034.wav
31,35,15000,35871,2.391,25609280,bank031/035.wav
31,36,15000,44074,2.938,25609280,bank031/036.wav
31,37,15000,26273,1.752,25609280,bank031/037.wav
31,38,15000,18178,1.212,25609280,bank031/038.wav
31,39,12000,33615,2.801,25609280,bank031/039.wav
31,40,15000,19155,1.277,25609280,bank031/040.wav
31,41,12000,22568,1.881,25609280,bank031/041.wav
31,42,12000,25714,2.143,25609280,bank031/042.wav
31,43,12000,28366,2.364,25609280,bank031/043.wav
31,44,12000,25295,2.108,25609280,bank031/044.wav
31,45,12000,18253,1.521,25609280,bank031/045.wav
31,46,15000,36237,2.416,25609280,bank031/046.wav
31,47,15000,32815,2.188,25609280,bank031/047.wav
31,48,15000,24975,1.665,25609280,bank031/048.wav
31,49,12000,12262,1.022,25609280,bank031/049.wav
31,50,12000,15224,1.269,25609280,bank031/050.wav
31,51,12000,21394,1.783,25609280,bank031/051.wav
31,52,12000,30831,2.569,25609280,bank031/052.wav
31,53,12000,24403,2.034,25609280,bank031/053.wav
31,54,12000,16657,1.388,25609280,bank031/054.wav
31,55,12000,14948,1.246,25609280,bank031/055.wav
31,56,15000,36496,2.433,25609280,bank031/056.wav
31,57,12000,49269,4.106,25609280,bank031/057.wav
31,58,12000,29688,2.474,25609280,bank031/058.wav
31,59,12000,37984,3.165,25609280,bank031/059.wav
31,60,15000,38816,2.588,25609280,bank031/060.wav
31,61,12000,29971,2.498,25609280,bank031/061.wav
31,62,12000,33390,2.783,25609280,bank031/062.wav
31,63,12000,41496,3.458,25609280,bank031/063.wav
31,64,15000,19245,1.283,25609280,bank031/064.wav
31,65,15000,12139,0.809,25609280,bank031/065.wav
31,66,15000,26990,1.799,25609280,bank031/066.wav
31,67,12000,15081,1.257,25609280,bank031/067.wav
31,68,15000,30808,2.054,25609280,bank031/068.wav
31,69,15000,26405,1.76,25609280,bank031/069.wav
31,70,15000,55499,3.7,25609280,bank031/070.wav
31,71,12000,14910,1.242,25609280,bank031/071.wav
31,72,12000,10816,0.901,25609280,bank031/072.wav
31,73,12000,17174,1.431,25609280,bank031/073.wav
31,74,12000,26721,2.227,25609280,bank031/074.wav
31,75,15000,14548,0.97,25609280,bank031/075.wav
31,76,15000,18245,1.216,25609280,bank031/076.wav
31,77,15000,19421,1.295,25609280,bank031/077.wav
31,78,15000,37517,2.501,25609280,bank031/078.wav
32,0,12000,11992,0.999,29935850,bank032/000.wav
32,1,12000,38679,3.223,29935850,bank032/001.wav
32,2,12000,12977,1.081,29935850,bank032/002.wav
32,3,12000,15139,1.262,29935850,bank032/003.wav
32,4,12000,23530,1.961,29935850,bank032/004.wav
32,5,12000,30086,2.507,29935850,bank032/005.wav
32,6,12000,34603,2.884,29935850,bank032/006.wav
32,7,12000,24223,2.019,29935850,bank032/007.wav
32,8,12000,27639,2.303,29935850,bank032/008.wav
32,9,12000,32712,2.726,29935850,bank032/009.wav
32,10,12000,38496,3.208,29935850,bank032/010.wav
32,11,12000,25953,2.163,29935850,bank032/011.wav
32,12,12000,21868,1.822,29935850,bank032/012.wav
33,0,12000,10861,0.905,30616448,bank033/000.wav
33,1,15000,11854,0.79,30616448,bank033/001.wav
33,2,12000,29677,2.473,30616448,bank033/002.wav
33,3,15000,56608,3.774,30616448,bank033/003.wav
33,4,15000,30949,2.063,30616448,bank033/004.wav
33,5,12000,42497,3.541,30616448,bank033/005.wav
33,6,15000,29909,1.994,30616448,bank033/006.wav
33,7,12000,23161,1.93,30616448,bank033/007.wav
33,8,12000,23972,1.998,30616448,bank033/008.wav
33,9,12000,15872,1.323,30616448,bank033/009.wav
33,10,12000,15734,1.311,30616448,bank033/010.wav
33,11,12000,19720,1.643,30616448,bank033/011.wav
33,12,12000,22682,1.89,30616448,bank033/012.wav
33,13,15000,28264,1.884,30616448,bank033/013.wav
33,14,12000,26677,2.223,30616448,bank033/014.wav
33,15,15000,26793,1.786,30616448,bank033/015.wav
33,16,12000,14599,1.217,30616448,bank033/016.wav
33,17,12000,23363,1.947,30616448,bank033/017.wav
33,18,15000,42809,2.854,30616448,bank033/018.wav
33,19,12000,20646,1.72,30616448,bank033/019.wav
33,20,12000,29513,2.459,30616448,bank033/020.wav
33,21,12000,19063,1.589,30616448,bank033/021.wav
33,22,15000,17267,1.151,30616448,bank033/022.wav
33,23,12000,25159,2.097,30616448,bank033/023.wav
33,24,12000,23232,1.936,30616448,bank033/024.wav
33,25,15000,34391,2.293,30616448,bank033/025.wav
33,26,12000,21627,1.802,30616448,bank033/026.wav
33,27,12000,12968,1.081,30616448,bank033/027.wav
33,28,12000,11344,0.945,30616448,bank033/028.wav
33,29,12000,11344,0.945,30616448,bank033/029.wav
33,30,12000,15096,1.258,30616448,bank033/030.wav
33,31,15000,23165,1.544,30616448,bank033/031.wav
33,32,12000,25473,2.123,30616448,bank033/032.wav
33,33,12000,23495,1.958,30616448,bank033/033.wav
33,34,12000,22522,1.877,30616448,bank033/034.wav
33,35,12000,22044,1.837,30616448,bank033/035.wav
33,36,12000,27354,2.28,30616448,bank033/036.wav
33,37,15000,39545,2.636,30616448,bank033/037.wav
33,38,12000,28002,2.333,30616448,bank033/038.wav
33,39,12000,36731,3.061,30616448,bank033/039.wav
33,40,15000,30036,2.002,30616448,bank033/040.wav
33,41,12000,35036,2.92,30616448,bank033/041.wav
33,42,12000,21362,1.78,30616448,bank033/042.wav
33,43,12000,16092,1.341,30616448,bank033/043.wav
33,44,12000,13371,1.114,30616448,bank033/044.wav
33,45,15000,24299,1.62,30616448,bank033/045.wav
33,46,15000,31178,2.079,30616448,bank033/046.wav
33,47,12000,12799,1.067,30616448,bank033/047.wav
33,48,12000,32294,2.691,30616448,bank033/048.wav
33,49,12000,20674,1.723,30616448,bank033/049.wav
33,50,15000,35789,2.386,30616448,bank033/050.wav
33,51,15000,24451,1.63,30616448,bank033/051.wav
33,52,15000,24955,1.664,30616448,bank033/052.wav
33,53,15000,32795,2.186,30616448,bank033/053.wav
33,54,15000,35268,2.351,30616448,bank033/054.wav
33,55,15000,32654,2.177,30616448,bank033/055.wav
33,56,15000,18705,1.247,30616448,bank033/056.wav
33,57,15000,15676,1.045,30616448,bank033/057.wav
33,58,12000,21785,1.815,30616448,bank033/058.wav
33,59,12000,20330,1.694,30616448,bank033/059.wav
33,60,12000,21811,1.818,30616448,bank033/060.wav
33,61,12000,20330,1.694,30616448,bank033/061.wav
33,62,12000,20978,1.748,30616448,bank033/062.wav
33,63,12000,20978,1.748,30616448,bank033/063.wav
33,64,12000,21152,1.763,30616448,bank033/064.wav
33,65,15000,41044,2.736,30616448,bank033/065.wav
33,66,15000,28425,1.895,30616448,bank033/066.wav
33,67,12000,23643,1.97,30616448,bank033/067.wav
33,68,12000,29411,2.451,30616448,bank033/068.wav
33,69,15000,13214,0.881,30616448,bank033/069.wav
33,70,12000,36754,3.063,30616448,bank033/070.wav
33,71,12000,11857,0.988,30616448,bank033/071.wav
33,72,12000,13267,1.106,30616448,bank033/072.wav
33,73,15000,36897,2.46,30616448,bank033/073.wav
33,74,12000,20330,1.694,30616448,bank033/074.wav
33,75,15000,45754,3.05,30616448,bank033/075.wav
33,76,15000,39053,2.604,30616448,bank033/076.wav
33,77,12000,41265,3.439,30616448,bank033/077.wav
33,78,15000,20683,1.379,30616448,bank033/078.wav
33,79,12000,20081,1.673,30616448,bank033/079.wav
33,80,15000,7103,0.474,30616448,bank033/080.wav
33,81,12000,15356,1.28,30616448,bank033/081.wav
33,82,12000,30927,2.577,30616448,bank033/082.wav
33,83,12000,20978,1.748,30616448,bank033/083.wav
33,84,12000,19843,1.654,30616448,bank033/084.wav
33,85,15000,42136,2.809,30616448,bank033/085.wav
33,86,12000,43129,3.594,30616448,bank033/086.wav
33,87,15000,47968,3.198,30616448,bank033/087.wav
33,88,15000,32044,2.136,30616448,bank033/088.wav
33,89,15000,47544,3.17,30616448,bank033/089.wav
33,90,12000,21785,1.815,30616448,bank033/090.wav
33,91,12000,19201,1.6,30616448,bank033/091.wav
33,92,12000,11463,0.955,30616448,bank033/092.wav
33,93,15000,8671,0.578,30616448,bank033/093.wav
33,94,12000,15166,1.264,30616448,bank033/094.wav
33,95,15000,42342,2.823,30616448,bank033/095.wav
33,96,12000,21519,1.793,30616448,bank033/096.wav
33,97,15000,20219,1.348,30616448,bank033/097.wav
33,98,12000,17309,1.442,30616448,bank033/098.wav
33,99,12000,17122,1.427,30616448,bank033/099.wav
33,100,15000,22689,1.513,30616448,bank033/100.wav
33,101,12000,34236,2.853,30616448,bank033/101.wav
33,102,12000,19032,1.586,30616448,bank033/102.wav
33,103,12000,29379,2.448,30616448,bank033/103.wav
33,104,12000,25385,2.115,30616448,bank033/104.wav
33,105,12000,21411,1.784,30616448,bank033/105.wav
33,106,12000,12432,1.036,30616448,bank033/106.wav
33,107,15000,34977,2.332,30616448,bank033/107.wav
33,108,12000,27936,2.328,30616448,bank033/108.wav
33,109,15000,55929,3.729,30616448,bank033/109.wav
33,110,12000,32054,2.671,30616448,bank033/110.wav
33,111,12000,17875,1.49,30616448,bank033/111.wav
33,112,15000,22142,1.476,30616448,bank033/112.wav
33,113,12000,25888,2.157,30616448,bank033/113.wav
33,114,12000,34171,2.848,30616448,bank033/114.wav
33,115,12000,35469,2.956,30616448,bank033/115.wav
33,116,12000,11679,0.973,30616448,bank033/116.wav
33,117,12000,15983,1.332,30616448,bank033/117.wav
33,118,15000,12565,0.838,30616448,bank033/118.wav
33,119,12000,18546,1.546,30616448,bank033/119.wav
33,120,15000,14286,0.952,30616448,bank033/120.wav
33,121,12000,9563,0.797,30616448,bank033/121.wav
33,122,12000,29799,2.483,30616448,bank033/122.wav
33,123,15000,38285,2.552,30616448,bank033/123.wav
33,124,12000,26439,2.203,30616448,bank033/124.wav
33,125,12000,22060,1.838,30616448,bank033/125.wav
33,126,15000,12576,0.838,30616448,bank033/126.wav
33,127,12000,23358,1.946,30616448,bank033/127.wav
33,128,15000,25477,1.698,30616448,bank033/128.wav
33,129,12000,29846,2.487,30616448,bank033/129.wav
33,130,15000,25576,1.705,30616448,bank033/130.wav
33,131,12000,31848,2.654,30616448,bank033/131.wav
33,132,12000,32268,2.689,30616448,bank033/132.wav
33,133,12000,12652,1.054,30616448,bank033/133.wav
33,134,15000,11066,0.738,30616448,bank033/134.wav
33,135,12000,30170,2.514,30616448,bank033/135.wav
33,136,12000,50121,4.177,30616448,bank033/136.wav
33,137,12000,32122,2.677,30616448,bank033/137.wav
33,138,12000,12372,1.031,30616448,bank033/138.wav
34,0,12000,26818,2.235,37609142,bank034/000.wav
34,1,15000,23395,1.56,37609142,bank034/001.wav
34,2,15000,19568,1.305,37609142,bank034/002.wav
34,3,12000,23358,1.946,37609142,bank034/003.wav
34,4,15000,29668,1.978,37609142,bank034/004.wav
34,5,12000,26847,2.237,37609142,bank034/005.wav
34,6,12000,25207,2.101,37609142,bank034/006.wav
34,7,12000,16004,1.334,37609142,bank034/007.wav
34,8,12000,19227,1.602,37609142,bank034/008.wav
34,9,12000,19032,1.586,37609142,bank034/009.wav
34,10,12000,20654,1.721,37609142,bank034/010.wav
34,11,12000,15534,1.294,37609142,bank034/011.wav
34,12,12000,19032,1.586,37609142,bank034/012.wav
34,13,12000,23358,1.946,37609142,bank034/013.wav
34,14,12000,18319,1.527,37609142,bank034/014.wav
34,15,12000,30278,2.523,37609142,bank034/015.wav
34,16,12000,12166,1.014,37609142,bank034/016.wav
34,17,12000,16545,1.379,37609142,bank034/017.wav
34,18,12000,21217,1.768,37609142,bank034/018.wav
34,19,12000,29267,2.439,37609142,bank034/019.wav
34,20,12000,21195,1.766,37609142,bank034/020.wav
34,21,12000,23358,1.946,37609142,bank034/021.wav
34,22,12000,29413,2.451,37609142,bank034/022.wav
34,23,12000,36766,3.064,37609142,bank034/023.wav
34,24,12000,21398,1.783,37609142,bank034/024.wav
34,25,12000,14776,1.231,37609142,bank034/025.wav
34,26,12000,25040,2.087,37609142,bank034/026.wav
34,27,12000,20113,1.676,37609142,bank034/027.wav
34,28,12000,24655,2.055,37609142,bank034/028.wav
34,29,12000,21411,1.784,37609142,bank034/029.wav
34,30,15000,35227,2.348,37609142,bank034/030.wav
34,31,15000,5479,0.365,37609142,bank034/031.wav
34,32,15000,31014,2.068,37609142,bank034/032.wav
34,33,15000,19844,1.323,37609142,bank034/033.wav
34,34,15000,27821,1.855,37609142,bank034/034.wav
34,35,12000,26385,2.199,37609142,bank034/035.wav
34,36,15000,32369,2.158,37609142,bank034/036.wav
34,37,15000,50683,3.379,37609142,bank034/037.wav
34,38,12000,20195,1.683,37609142,bank034/038.wav
34,39,12000,23006,1.917,37609142,bank034/039.wav
34,40,15000,30030,2.002,37609142,bank034/040.wav
35,0,12000,28916,2.41,39565290,bank035/000.wav
35,1,15000,20879,1.392,39565290,bank035/001.wav
35,2,12000,21627,1.802,39565290,bank035/002.wav
35,3,12000,21195,1.766,39565290,bank035/003.wav
35,4,15000,43407,2.894,39565290,bank035/004.wav
35,5,12000,32603,2.717,39565290,bank035/005.wav
35,6,12000,34336,2.861,39565290,bank035/006.wav
35,7,12000,27250,2.271,39565290,bank035/007.wav
35,8,15000,24802,1.653,39565290,bank035/008.wav
35,9,12000,19465,1.622,39565290,bank035/009.wav
35,10,12000,46066,3.839,39565290,bank035/010.wav
35,11,12000,34929,2.911,39565290,bank035/011.wav
35,12,12000,29413,2.451,39565290,bank035/012.wav
35,13,12000,9084,0.757,39565290,bank035/013.wav
35,14,12000,27899,2.325,39565290,bank035/014.wav
35,15,12000,21735,1.811,39565290,bank035/015.wav
35,16,12000,23574,1.964,39565290,bank035/016.wav
35,17,12000,21519,1.793,39565290,bank035/017.wav
35,18,12000,12287,1.024,39565290,bank035/018.wav
35,19,15000,13903,0.927,39565290,bank035/019.wav
35,20,12000,31792,2.649,39565290,bank035/020.wav
35,21,15000,16128,1.075,39565290,bank035/021.wav
35,22,12000,29842,2.487,39565290,bank035/022.wav
35,23,12000,26741,2.228,39565290,bank035/023.wav
35,24,15000,44631,2.975,39565290,bank035/024.wav
35,25,12000,33598,2.8,39565290,bank035/025.wav
35,26,12000,29347,2.446,39565290,bank035/026.wav
35,27,12000,32366,2.697,39565290,bank035/027.wav
35,28,15000,26610,1.774,39565290,bank035/028.wav
35,29,12000,23033,1.919,39565290,bank035/029.wav
35,30,15000,20844,1.39,39565290,bank035/030.wav
35,31,15000,40015,2.668,39565290,bank035/031.wav
36,0,18000,11116,0.618,41309766,bank036/000.wav
36,1,15000,14412,0.961,41309766,bank036/001.wav
37,0,12000,35469,2.956,41365626,bank037/000.wav
37,1,12000,26760,2.23,41365626,bank037/001.wav
37,2,12000,46572,3.881,41365626,bank037/002.wav
37,3,12000,26475,2.206,41365626,bank037/003.wav
37,4,12000,21003,1.75,41365626,bank037/004.wav
37,5,12000,36009,3.001,41365626,bank037/005.wav
37,6,12000,19116,1.593,41365626,bank037/006.wav
37,7,12000,38937,3.245,41365626,bank037/007.wav
37,8,15000,17714,1.181,41365626,bank037/008.wav
37,9,12000,19101,1.592,41365626,bank037/009.wav
37,10,12000,24655,2.055,41365626,bank037/010.wav
37,11,12000,39848,3.321,41365626,bank037/011.wav
37,12,12000,46586,3.882,41365626,bank037/012.wav
37,13,12000,33528,2.794,41365626,bank037/013.wav
37,14,12000,15272,1.273,41365626,bank037/014.wav
37,15,12000,11192,0.933,41365626,bank037/015.wav
37,16,12000,20432,1.703,41365626,bank037/016.wav
37,17,12000,33111,2.759,41365626,bank037/017.wav
37,18,12000,31811,2.651,41365626,bank037/018.wav
37,19,12000,11831,0.986,41365626,bank037/019.wav
37,20,12000,15475,1.29,41365626,bank037/020.wav
37,21,12000,17989,1.499,41365626,bank037/021.wav
37,22,12000,10949,0.912,41365626,bank037/022.wav
37,23,12000,9489,0.791,41365626,bank037/023.wav
37,24,12000,16931,1.411,41365626,bank037/024.wav
37,25,12000,20519,1.71,41365626,bank037/025.wav
37,26,12000,27472,2.289,41365626,bank037/026.wav
37,27,12000,19584,1.632,41365626,bank037/027.wav
37,28,12000,15431,1.286,41365626,bank037/028.wav
37,29,12000,14148,1.179,41365626,bank037/029.wav
37,30,12000,12190,1.016,41365626,bank037/030.wav
37,31,12000,24211,2.018,41365626,bank037/031.wav
37,32,12000,11719,0.977,41365626,bank037/032.wav
37,33,12000,13834,1.153,41365626,bank037/033.wav
37,34,12000,17351,1.446,41365626,bank037/034.wav
37,35,12000,20322,1.694,41365626,bank037/035.wav
37,36,12000,20251,1.688,41365626,bank037/036.wav
37,37,12000,23960,1.997,41365626,bank037/037.wav
37,38,12000,20549,1.712,41365626,bank037/038.wav
37,39,12000,18816,1.568,41365626,bank037/039.wav
37,40,12000,18383,1.532,41365626,bank037/040.wav
37,41,12000,26385,2.199,41365626,bank037/041.wav
37,42,12000,18816,1.568,41365626,bank037/042.wav
37,43,12000,23033,1.919,41365626,bank037/043.wav
37,44,12000,47963,3.997,41365626,bank037/044.wav
37,45,12000,39818,3.318,41365626,bank037/045.wav
37,46,12000,23001,1.917,41365626,bank037/046.wav
37,47,12000,34078,2.84,41365626,bank037/047.wav
37,48,12000,24469,2.039,41365626,bank037/048.wav
37,49,12000,15555,1.296,41365626,bank037/049.wav
37,50,12000,26386,2.199,41365626,bank037/050.wav
37,51,12000,15964,1.33,41365626,bank037/051.wav
38,0,12000,50811,4.234,43811356,bank038/000.wav
38,1,12000,37059,3.088,43811356,bank038/001.wav
38,2,12000,15604,1.3,43811356,bank038/002.wav
38,3,12000,22570,1.881,43811356,bank038/003.wav
38,4,12000,26750,2.229,43811356,bank038/004.wav
38,5,12000,22291,1.858,43811356,bank038/005.wav
38,6,12000,20062,1.672,43811356,bank038/006.wav
38,7,12000,14768,1.231,43811356,bank038/007.wav
38,8,12000,28700,2.392,43811356,bank038/008.wav
38,9,12000,20341,1.695,43811356,bank038/009.wav
38,10,12000,54769,4.564,43811356,bank038/010.wav
38,11,12000,44519,3.71,43811356,bank038/011.wav
38,12,12000,16145,1.345,43811356,bank038/012.wav
38,13,12000,23575,1.965,43811356,bank038/013.wav
38,14,12000,25102,2.092,43811356,bank038/014.wav
38,15,12000,21804,1.817,43811356,bank038/015.wav
38,16,12000,23122,1.927,43811356,bank038/016.wav
38,17,12000,24749,2.062,43811356,bank038/017.wav
38,18,12000,29168,2.431,43811356,bank038/018.wav
38,19,12000,19826,1.652,43811356,bank038/019.wav
38,20,8000,31133,3.892,43811356,bank038/020.wav
38,21,12000,25304,2.109,43811356,bank038/021.wav
38,22,15000,39328,2.622,43811356,bank038/022.wav
38,23,12000,33738,2.812,43811356,bank038/023.wav
38,24,15000,38282,2.552,43811356,bank038/024.wav
38,25,12000,32041,2.67,43811356,bank038/025.wav
38,26,12000,14015,1.168,43811356,bank038/026.wav
38,27,12000,17735,1.478,43811356,bank038/027.wav
38,28,15000,44608,2.974,43811356,bank038/028.wav
38,29,15000,14334,0.956,43811356,bank038/029.wav
38,30,15000,13593,0.906,43811356,bank038/030.wav
38,31,15000,14863,0.991,43811356,bank038/031.wav
38,32,15000,15895,1.06,43811356,bank038/032.wav
38,33,15000,13339,0.889,43811356,bank038/033.wav
38,34,15000,27433,1.829,43811356,bank038/034.wav
38,35,15000,21631,1.442,43811356,bank038/035.wav
38,36,15000,12579,0.839,43811356,bank038/036.wav
38,37,15000,21416,1.428,43811356,bank038/037.wav
38,38,15000,14294,0.953,43811356,bank038/038.wav
38,39,15000,25596,1.706,43811356,bank038/039.wav
38,40,15000,31882,2.125,43811356,bank038/040.wav
38,41,15000,39828,2.655,43811356,bank038/041.wav
38,42,15000,11420,0.761,43811356,bank038/042.wav
38,43,15000,17783,1.186,43811356,bank038/043.wav
38,44,12000,37349,3.112,43811356,bank038/044.wav
38,45,12000,13259,1.105,43811356,bank038/045.wav
38,46,12000,28490,2.374,43811356,bank038/046.wav
38,47,12000,33506,2.792,43811356,bank038/047.wav
38,48,12000,12003,1.0,43811356,bank038/048.wav
38,49,12000,22826,1.902,43811356,bank038/049.wav
38,50,12000,28227,2.352,43811356,bank038/050.wav
38,51,12000,15031,1.253,43811356,bank038/051.wav
38,52,12000,13956,1.163,43811356,bank038/052.wav
38,53,12000,12179,1.015,43811356,bank038/053.wav
38,54,12000,14058,1.171,43811356,bank038/054.wav
38,55,12000,9949,0.829,43811356,bank038/055.wav
38,56,12000,17670,1.472,43811356,bank038/056.wav
38,57,12000,12472,1.039,43811356,bank038/057.wav
38,58,12000,8986,0.749,43811356,bank038/058.wav
38,59,12000,10787,0.899,43811356,bank038/059.wav
38,60,12000,7218,0.602,43811356,bank038/060.wav
38,61,12000,16589,1.382,43811356,bank038/061.wav
38,62,12000,17113,1.426,43811356,bank038/062.wav
38,63,12000,27656,2.305,43811356,bank038/063.wav
38,64,12000,13977,1.165,43811356,bank038/064.wav
38,65,12000,15896,1.325,43811356,bank038/065.wav
38,66,12000,23249,1.937,43811356,bank038/066.wav
38,67,12000,17626,1.469,43811356,bank038/067.wav
38,68,12000,29818,2.485,43811356,bank038/068.wav
38,69,12000,29846,2.487,43811356,bank038/069.wav
38,70,12000,22060,1.838,43811356,bank038/070.wav
38,71,12000,30494,2.541,43811356,bank038/071.wav
38,72,15000,28448,1.897,43811356,bank038/072.wav
38,73,12000,40526,3.377,43811356,bank038/073.wav
38,74,15000,24466,1.631,43811356,bank038/074.wav
38,75,12000,38442,3.204,43811356,bank038/075.wav
38,76,15000,13771,0.918,43811356,bank038/076.wav
39,0,12000,17735,1.478,47419656,bank039/000.wav
39,1,12000,16869,1.406,47419656,bank039/001.wav
39,2,12000,16869,1.406,47419656,bank039/002.wav
39,3,12000,18816,1.568,47419656,bank039/003.wav
39,4,12000,18600,1.55,47419656,bank039/004.wav
39,5,12000,27423,2.285,47419656,bank039/005.wav
39,6,12000,21844,1.82,47419656,bank039/006.wav
39,7,12000,30019,2.502,47419656,bank039/007.wav
39,8,12000,7994,0.666,47419656,bank039/008.wav
39,9,12000,12814,1.068,47419656,bank039/009.wav
39,10,12000,22060,1.838,47419656,bank039/010.wav
39,11,12000,14761,1.23,47419656,bank039/011.wav
39,12,12000,25304,2.109,47419656,bank039/012.wav
39,13,12000,17356,1.446,47419656,bank039/013.wav
39,14,12000,10381,0.865,47419656,bank039/014.wav
39,15,12000,16004,1.334,47419656,bank039/015.wav
39,16,12000,14707,1.226,47419656,bank039/016.wav
39,17,12000,16653,1.388,47419656,bank039/017.wav
39,18,12000,17735,1.478,47419656,bank039/018.wav
39,19,12000,14274,1.19,47419656,bank039/019.wav
39,20,12000,13713,1.143,47419656,bank039/020.wav
39,21,12000,13150,1.096,47419656,bank039/021.wav
39,22,12000,19032,1.586,47419656,bank039/022.wav
39,23,12000,20935,1.745,47419656,bank039/023.wav
39,24,12000,15139,1.262,47419656,bank039/024.wav
39,25,12000,13409,1.117,47419656,bank039/025.wav
39,26,12000,22060,1.838,47419656,bank039/026.wav
39,27,12000,14923,1.244,47419656,bank039/027.wav
39,28,12000,21411,1.784,47419656,bank039/028.wav
39,29,12000,24655,2.055,47419656,bank039/029.wav
39,30,12000,20762,1.73,47419656,bank039/030.wav
39,31,12000,24655,2.055,47419656,bank039/031.wav
39,32,12000,18167,1.514,47419656,bank039/032.wav
39,33,12000,25304,2.109,47419656,bank039/033.wav
39,34,12000,21346,1.779,47419656,bank039/034.wav
39,35,12000,26602,2.217,47419656,bank039/035.wav
39,36,12000,34387,2.866,47419656,bank039/036.wav
39,37,12000,23358,1.946,47419656,bank039/037.wav
39,38,12000,14274,1.19,47419656,bank039/038.wav
39,39,12000,24655,2.055,47419656,bank039/039.wav
39,40,12000,28548,2.379,47419656,bank039/040.wav
39,41,12000,30494,2.541,47419656,bank039/041.wav
39,42,12000,36334,3.028,47419656,bank039/042.wav
39,43,12000,37631,3.136,47419656,bank039/043.wav
39,44,12000,22709,1.892,47419656,bank039/044.wav
39,45,12000,21314,1.776,47419656,bank039/045.wav
39,46,12000,22060,1.838,47419656,bank039/046.wav
39,47,12000,22709,1.892,47419656,bank039/047.wav
39,48,12000,20762,1.73,47419656,bank039/048.wav
39,49,12000,22060,1.838,47419656,bank039/049.wav
39,50,12000,21411,1.784,47419656,bank039/050.wav
39,51,12000,12328,1.027,47419656,bank039/051.wav
39,52,12000,12977,1.081,47419656,bank039/052.wav
39,53,12000,18167,1.514,47419656,bank039/053.wav
39,54,12000,21411,1.784,47419656,bank039/054.wav
39,55,12000,27899,2.325,47419656,bank039/055.wav
39,56,12000,20113,1.676,47419656,bank039/056.wav
39,57,12000,20113,1.676,47419656,bank039/057.wav
39,58,12000,9732,0.811,47419656,bank039/058.wav
39,59,12000,9732,0.811,47419656,bank039/059.wav
39,60,12000,18816,1.568,47419656,bank039/060.wav
39,61,12000,20665,1.722,47419656,bank039/061.wav
39,62,12000,27250,2.271,47419656,bank039/062.wav
39,63,12000,35036,2.92,47419656,bank039/063.wav
39,64,12000,25304,2.109,47419656,bank039/064.wav
39,65,12000,22709,1.892,47419656,bank039/065.wav
39,66,12000,28548,2.379,47419656,bank039/066.wav
39,67,12000,23358,1.946,47419656,bank039/067.wav
39,68,12000,27899,2.325,47419656,bank039/068.wav
39,69,12000,32008,2.667,47419656,bank039/069.wav
39,70,12000,19032,1.586,47419656,bank039/070.wav
39,71,12000,19638,1.637,47419656,bank039/071.wav
39,72,12000,25953,2.163,47419656,bank039/072.wav
39,73,12000,26818,2.235,47419656,bank039/073.wav
39,74,12000,42822,3.568,47419656,bank039/074.wav
39,75,12000,25466,2.122,47419656,bank039/075.wav
39,76,12000,26602,2.217,47419656,bank039/076.wav
39,77,12000,21627,1.802,47419656,bank039/077.wav
39,78,12000,22925,1.91,47419656,bank039/078.wav
39,79,12000,29413,2.451,47419656,bank039/079.wav
39,80,12000,18124,1.51,47419656,bank039/080.wav
39,81,12000,19248,1.604,47419656,bank039/081.wav
39,82,12000,48661,4.055,47419656,bank039/082.wav
39,83,12000,50391,4.199,47419656,bank039/083.wav
39,84,12000,26392,2.199,47419656,bank039/084.wav
39,85,12000,25953,2.163,47419656,bank039/085.wav
39,86,12000,22709,1.892,47419656,bank039/086.wav
39,87,12000,27250,2.271,47419656,bank039/087.wav
39,88,12000,28548,2.379,47419656,bank039/088.wav
39,89,12000,20426,1.702,47419656,bank039/089.wav
39,90,12000,19359,1.613,47419656,bank039/090.wav
39,91,12000,11906,0.992,47419656,bank039/091.wav
39,92,12000,27169,2.264,47419656,bank039/092.wav
39,93,12000,24554,2.046,47419656,bank039/093.wav
39,94,12000,21224,1.769,47419656,bank039/094.wav
39,95,12000,20576,1.715,47419656,bank039/095.wav
39,96,12000,22040,1.837,47419656,bank039/096.wav
39,97,12000,17032,1.419,47419656,bank039/097.wav
39,98,12000,19465,1.622,47419656,bank039/098.wav
39,99,12000,13929,1.161,47419656,bank039/099.wav
39,100,12000,21395,1.783,47419656,bank039/100.wav
39,101,12000,20089,1.674,47419656,bank039/101.wav
39,102,12000,16845,1.404,47419656,bank039/102.wav
39,103,12000,24392,2.033,47419656,bank039/103.wav
39,104,12000,19274,1.606,47419656,bank039/104.wav
39,105,12000,19603,1.634,47419656,bank039/105.wav
39,106,12000,29602,2.467,47419656,bank039/106.wav
39,107,12000,16204,1.35,47419656,bank039/107.wav
39,108,12000,11841,0.987,47419656,bank039/108.wav
39,109,12000,19789,1.649,47419656,bank039/109.wav
39,110,12000,30900,2.575,47419656,bank039/110.wav
39,111,12000,18086,1.507,47419656,bank039/111.wav
39,112,12000,23577,1.965,47419656,bank039/112.wav
39,113,12000,30957,2.58,47419656,bank039/113.wav
39,114,12000,15896,1.325,47419656,bank039/114.wav
40,0,12000,21868,1.822,52492368,bank040/000.wav
40,1,12000,18719,1.56,52492368,bank040/001.wav
40,2,12000,19505,1.625,52492368,bank040/002.wav
40,3,12000,18711,1.559,52492368,bank040/003.wav
40,4,12000,26205,2.184,52492368,bank040/004.wav
40,5,12000,26886,2.24,52492368,bank040/005.wav
40,6,12000,29407,2.451,52492368,bank040/006.wav
40,7,12000,28033,2.336,52492368,bank040/007.wav
40,8,12000,17734,1.478,52492368,bank040/008.wav
40,9,12000,12476,1.04,52492368,bank040/009.wav
40,10,12000,12471,1.039,52492368,bank040/010.wav
40,11,12000,18787,1.566,52492368,bank040/011.wav
40,12,12000,18163,1.514,52492368,bank040/012.wav
40,13,12000,17405,1.45,52492368,bank040/013.wav
40,14,12000,34582,2.882,52492368,bank040/014.wav
40,15,12000,12555,1.046,52492368,bank040/015.wav
41,0,12000,22628,1.886,53164186,bank041/000.wav
41,1,12000,17302,1.442,53164186,bank041/001.wav
41,2,12000,19465,1.622,53164186,bank041/002.wav
41,3,12000,18491,1.541,53164186,bank041/003.wav
41,4,12000,13798,1.15,53164186,bank041/004.wav
41,5,12000,24590,2.049,53164186,bank041/005.wav
41,6,12000,19032,1.586,53164186,bank041/006.wav
41,7,12000,37609,3.134,53164186,bank041/007.wav
41,8,15000,21445,1.43,53164186,bank041/008.wav
41,9,12000,34366,2.864,53164186,bank041/009.wav
41,10,12000,31467,2.622,53164186,bank041/010.wav
41,11,15000,30171,2.011,53164186,bank041/011.wav
41,12,12000,33604,2.8,53164186,bank041/012.wav
41,13,12000,16498,1.375,53164186,bank041/013.wav
41,14,15000,36017,2.401,53164186,bank041/014.wav
42,0,12000,17941,1.495,53921956,bank042/000.wav
42,1,12000,11359,0.947,53921956,bank042/001.wav
42,2,12000,9817,0.818,53921956,bank042/002.wav
42,3,12000,15353,1.279,53921956,bank042/003.wav
42,4,12000,14903,1.242,53921956,bank042/004.wav
42,5,12000,14725,1.227,53921956,bank042/005.wav
42,6,12000,11662,0.972,53921956,bank042/006.wav
42,7,12000,14897,1.241,53921956,bank042/007.wav
42,8,12000,9753,0.813,53921956,bank042/008.wav
42,9,12000,13708,1.142,53921956,bank042/009.wav
43,0,15000,25710,1.714,54194996,bank043/000.wav
43,1,15000,33159,2.211,54194996,bank043/001.wav
43,2,15000,35451,2.363,54194996,bank043/002.wav
43,3,15000,56979,3.799,54194996,bank043/003.wav
43,4,15000,53901,3.593,54194996,bank043/004.wav
43,5,15000,36041,2.403,54194996,bank043/005.wav
43,6,15000,50463,3.364,54194996,bank043/006.wav
43,7,15000,23603,1.574,54194996,bank043/007.wav
43,8,12000,45417,3.785,54194996,bank043/008.wav
43,9,15000,49605,3.307,54194996,bank043/009.wav
43,10,12000,25653,2.138,54194996,bank043/010.wav
43,11,12000,9732,0.811,54194996,bank043/011.wav
43,12,12000,19465,1.622,54194996,bank043/012.wav
43,13,12000,14761,1.23,54194996,bank043/013.wav
43,14,12000,15734,1.311,54194996,bank043/014.wav
43,15,12000,25653,2.138,54194996,bank043/015.wav
43,16,12000,9732,0.811,54194996,bank043/016.wav
43,17,12000,19465,1.622,54194996,bank043/017.wav
43,18,12000,14761,1.23,54194996,bank043/018.wav
43,19,12000,15734,1.311,54194996,bank043/019.wav
43,20,15000,21941,1.463,54194996,bank043/020.wav
43,21,15000,23125,1.542,54194996,bank043/021.wav
43,22,12000,13781,1.148,54194996,bank043/022.wav
43,23,12000,20697,1.725,54194996,bank043/023.wav
43,24,12000,29054,2.421,54194996,bank043/024.wav
43,25,12000,33188,2.766,54194996,bank043/025.wav
43,26,15000,22762,1.517,54194996,bank043/026.wav
43,27,12000,44119,3.677,54194996,bank043/027.wav
43,28,15000,35317,2.354,54194996,bank043/028.wav
43,29,15000,12320,0.821,54194996,bank043/029.wav
43,30,15000,12180,0.812,54194996,bank043/030.wav
43,31,12000,25953,2.163,54194996,bank043/031.wav
43,32,12000,19283,1.607,54194996,bank043/032.wav
43,33,12000,15345,1.279,54194996,bank043/033.wav
43,34,15000,42862,2.857,54194996,bank043/034.wav
43,35,12000,22871,1.906,54194996,bank043/035.wav
43,36,12000,16545,1.379,54194996,bank043/036.wav
43,37,12000,24006,2.001,54194996,bank043/037.wav
43,38,12000,27575,2.298,54194996,bank043/038.wav
43,39,15000,19600,1.307,54194996,bank043/039.wav
43,40,15000,23584,1.572,54194996,bank043/040.wav
43,41,15000,32309,2.154,54194996,bank043/041.wav
43,42,15000,21560,1.437,54194996,bank043/042.wav
43,43,12000,41308,3.442,54194996,bank043/043.wav
43,44,12000,24331,2.028,54194996,bank043/044.wav
43,45,12000,31576,2.631,54194996,bank043/045.wav
43,46,12000,21803,1.817,54194996,bank043/046.wav
43,47,12000,26577,2.215,54194996,bank043/047.wav
43,48,15000,36978,2.465,54194996,bank043/048.wav
43,49,12000,34603,2.884,54194996,bank043/049.wav
43,50,15000,10104,0.674,54194996,bank043/050.wav
43,51,12000,17237,1.436,54194996,bank043/051.wav
43,52,15000,39828,2.655,54194996,bank043/052.wav
43,53,12000,25691,2.141,54194996,bank043/053.wav
43,54,12000,14815,1.235,54194996,bank043/054.wav
43,55,15000,20180,1.345,54194996,bank043/055.wav
43,56,12000,29413,2.451,54194996,bank043/056.wav
43,57,12000,19897,1.658,54194996,bank043/057.wav
43,58,15000,54340,3.623,54194996,bank043/058.wav
43,59,12000,17518,1.46,54194996,bank043/059.wav
43,60,15000,13685,0.912,54194996,bank043/060.wav
43,61,12000,55191,4.599,54194996,bank043/061.wav
43,62,15000,15690,1.046,54194996,bank043/062.wav
43,63,12000,23862,1.988,54194996,bank043/063.wav
44,0,12000,21411,1.784,57631046,bank044/000.wav
44,1,12000,7137,0.595,57631046,bank044/001.wav
44,2,12000,20113,1.676,57631046,bank044/002.wav
44,3,12000,20113,1.676,57631046,bank044/003.wav
44,4,12000,22709,1.892,57631046,bank044/004.wav
44,5,12000,27899,2.325,57631046,bank044/005.wav
44,6,12000,22060,1.838,57631046,bank044/006.wav
44,7,12000,20762,1.73,57631046,bank044/007.wav
44,8,12000,24655,2.055,57631046,bank044/008.wav
44,9,12000,34712,2.893,57631046,bank044/009.wav
44,10,12000,23358,1.946,57631046,bank044/010.wav
44,11,12000,23033,1.919,57631046,bank044/011.wav
44,12,12000,36009,3.001,57631046,bank044/012.wav
44,13,12000,21097,1.758,57631046,bank044/013.wav
44,14,12000,24331,2.028,57631046,bank044/014.wav
44,15,12000,23790,1.982,57631046,bank044/015.wav
44,16,12000,21627,1.802,57631046,bank044/016.wav
44,17,12000,18948,1.579,57631046,bank044/017.wav
44,18,12000,15139,1.262,57631046,bank044/018.wav
44,19,12000,15572,1.298,57631046,bank044/019.wav
44,20,12000,13950,1.163,57631046,bank044/020.wav
44,21,12000,20113,1.676,57631046,bank044/021.wav
44,22,12000,22871,1.906,57631046,bank044/022.wav
44,23,12000,24169,2.014,57631046,bank044/023.wav
44,24,12000,19465,1.622,57631046,bank044/024.wav
44,25,12000,22547,1.879,57631046,bank044/025.wav
44,26,12000,11030,0.919,57631046,bank044/026.wav
44,27,12000,14599,1.217,57631046,bank044/027.wav
44,28,12000,24493,2.041,57631046,bank044/028.wav
44,29,12000,12490,1.041,57631046,bank044/029.wav
44,30,12000,15468,1.289,57631046,bank044/030.wav
44,31,12000,16144,1.345,57631046,bank044/031.wav
44,32,12000,13862,1.155,57631046,bank044/032.wav
45,0,12000,21999,1.833,58987202,bank045/000.wav
45,1,12000,17435,1.453,58987202,bank045/001.wav
45,2,15000,20344,1.356,58987202,bank045/002.wav
45,3,12000,30749,2.562,58987202,bank045/003.wav
45,4,12000,27098,2.258,58987202,bank045/004.wav
45,5,12000,35281,2.94,58987202,bank045/005.wav
45,6,12000,32415,2.701,58987202,bank045/006.wav
45,7,12000,33453,2.788,58987202,bank045/007.wav
45,8,12000,16406,1.367,58987202,bank045/008.wav
45,9,12000,23061,1.922,58987202,bank045/009.wav
45,10,12000,26085,2.174,58987202,bank045/010.wav
46,0,22050,13440,0.61,59560658,bank046/000.wav
47,0,15000,11225,0.748,59592342,bank047/000.wav
47,1,15000,11588,0.773,59592342,bank047/001.wav
47,2,15000,13247,0.883,59592342,bank047/002.wav
47,3,15000,29412,1.961,59592342,bank047/003.wav
47,4,15000,16018,1.068,59592342,bank047/004.wav
47,5,15000,16525,1.102,59592342,bank047/005.wav
47,6,15000,17167,1.144,59592342,bank047/006.wav
47,7,15000,17488,1.166,59592342,bank047/007.wav
47,8,15000,17944,1.196,59592342,bank047/008.wav
47,9,15000,18431,1.229,59592342,bank047/009.wav
47,10,15000,19508,1.301,59592342,bank047/010.wav
47,11,15000,20073,1.338,59592342,bank047/011.wav
47,12,15000,20276,1.352,59592342,bank047/012.wav
47,13,15000,20276,1.352,59592342,bank047/013.wav
47,14,15000,20681,1.379,59592342,bank047/014.wav
47,15,15000,20681,1.379,59592342,bank047/015.wav
47,16,15000,21481,1.432,59592342,bank047/016.wav
47,17,15000,22100,1.473,59592342,bank047/017.wav
47,18,15000,22303,1.487,59592342,bank047/018.wav
47,19,15000,22303,1.487,59592342,bank047/019.wav
47,20,15000,22303,1.487,59592342,bank047/020.wav
47,21,15000,22911,1.527,59592342,bank047/021.wav
47,22,15000,23114,1.541,59592342,bank047/022.wav
47,23,15000,23120,1.541,59592342,bank047/023.wav
47,24,15000,23790,1.586,59592342,bank047/024.wav
47,25,15000,23655,1.577,59592342,bank047/025.wav
47,26,15000,25209,1.681,59592342,bank047/026.wav
47,27,15000,25412,1.694,59592342,bank047/027.wav
47,28,15000,25547,1.703,59592342,bank047/028.wav
47,29,15000,25818,1.721,59592342,bank047/029.wav
47,30,15000,26358,1.757,59592342,bank047/030.wav
47,31,15000,26439,1.763,59592342,bank047/031.wav
47,32,15000,26493,1.766,59592342,bank047/032.wav
47,33,15000,35279,2.352,59592342,bank047/033.wav
47,34,15000,27575,1.838,59592342,bank047/034.wav
47,35,15000,27887,1.859,59592342,bank047/035.wav
47,36,15000,27980,1.865,59592342,bank047/036.wav
47,37,15000,28589,1.906,59592342,bank047/037.wav
47,38,15000,28805,1.92,59592342,bank047/038.wav
47,39,15000,15207,1.014,59592342,bank047/039.wav
47,40,15000,29738,1.983,59592342,bank047/040.wav
47,41,15000,29843,1.99,59592342,bank047/041.wav
47,42,15000,30008,2.001,59592342,bank047/042.wav
47,43,15000,30013,2.001,59592342,bank047/043.wav
47,44,15000,30278,2.019,59592342,bank047/044.wav
47,45,15000,30494,2.033,59592342,bank047/045.wav
47,46,15000,31630,2.109,59592342,bank047/046.wav
47,47,15000,31832,2.122,59592342,bank047/047.wav
47,48,15000,32846,2.19,59592342,bank047/048.wav
47,49,15000,32863,2.191,59592342,bank047/049.wav
47,50,15000,33252,2.217,59592342,bank047/050.wav
47,51,15000,33796,2.253,59592342,bank047/051.wav
47,52,15000,33928,2.262,59592342,bank047/052.wav
47,53,15000,34063,2.271,59592342,bank047/053.wav
47,54,15000,34063,2.271,59592342,bank047/054.wav
47,55,15000,34310,2.287,59592342,bank047/055.wav
48,0,15000,35144,2.343,62403496,bank048/000.wav
48,1,15000,34308,2.287,62403496,bank048/001.wav
48,2,15000,34063,2.271,62403496,bank048/002.wav
48,3,15000,33522,2.235,62403496,bank048/003.wav
48,4,15000,33517,2.234,62403496,bank048/004.wav
48,5,15000,33428,2.229,62403496,bank048/005.wav
48,6,15000,33353,2.224,62403496,bank048/006.wav
48,7,15000,33252,2.217,62403496,bank048/007.wav
48,8,15000,33252,2.217,62403496,bank048/008.wav
48,9,15000,32711,2.181,62403496,bank048/009.wav
48,10,15000,32415,2.161,62403496,bank048/010.wav
48,11,15000,31832,2.122,62403496,bank048/011.wav
48,12,15000,31630,2.109,62403496,bank048/012.wav
48,13,15000,31088,2.073,62403496,bank048/013.wav
48,14,15000,31083,2.072,62403496,bank048/014.wav
48,15,15000,30278,2.019,62403496,bank048/015.wav
48,16,15000,29976,1.998,62403496,bank048/016.wav
48,17,15000,29846,1.99,62403496,bank048/017.wav
48,18,15000,29602,1.973,62403496,bank048/018.wav
48,19,15000,29197,1.946,62403496,bank048/019.wav
48,20,15000,28521,1.901,62403496,bank048/020.wav
48,21,15000,27905,1.86,62403496,bank048/021.wav
48,22,15000,27845,1.856,62403496,bank048/022.wav
48,23,15000,27727,1.848,62403496,bank048/023.wav
48,24,15000,27575,1.838,62403496,bank048/024.wav
48,25,15000,27571,1.838,62403496,bank048/025.wav
48,26,15000,27521,1.835,62403496,bank048/026.wav
48,27,15000,26645,1.776,62403496,bank048/027.wav
48,28,15000,26358,1.757,62403496,bank048/028.wav
48,29,15000,26156,1.744,62403496,bank048/029.wav
48,30,15000,25993,1.733,62403496,bank048/030.wav
48,31,15000,25953,1.73,62403496,bank048/031.wav
48,32,15000,25118,1.675,62403496,bank048/032.wav
48,33,15000,25039,1.669,62403496,bank048/033.wav
48,34,15000,25007,1.667,62403496,bank048/034.wav
48,35,15000,24871,1.658,62403496,bank048/035.wav
48,36,15000,24601,1.64,62403496,bank048/036.wav
48,37,15000,23760,1.584,62403496,bank048/037.wav
48,38,15000,22709,1.514,62403496,bank048/038.wav
48,39,15000,22303,1.487,62403496,bank048/039.wav
48,40,15000,22236,1.482,62403496,bank048/040.wav
48,41,15000,22168,1.478,62403496,bank048/041.wav
48,42,15000,21557,1.437,62403496,bank048/042.wav
48,43,15000,21431,1.429,62403496,bank048/043.wav
48,44,15000,21357,1.424,62403496,bank048/044.wav
48,45,15000,21222,1.415,62403496,bank048/045.wav
48,46,15000,21087,1.406,62403496,bank048/046.wav
48,47,15000,20276,1.352,62403496,bank048/047.wav
48,48,15000,19600,1.307,62403496,bank048/048.wav
48,49,15000,19399,1.293,62403496,bank048/049.wav
48,50,15000,19059,1.271,62403496,bank048/050.wav
48,51,15000,18666,1.244,62403496,bank048/051.wav
48,52,15000,18620,1.241,62403496,bank048/052.wav
48,53,15000,17166,1.144,62403496,bank048/053.wav
48,54,15000,16086,1.072,62403496,bank048/054.wav
48,55,15000,15545,1.036,62403496,bank048/055.wav
49,0,15000,20546,1.37,65364600,bank049/000.wav
49,1,15000,20606,1.374,65364600,bank049/001.wav
49,2,15000,20681,1.379,65364600,bank049/002.wav
49,3,15000,21087,1.406,65364600,bank049/003.wav
49,4,15000,21492,1.433,65364600,bank049/004.wav
49,5,15000,21852,1.457,65364600,bank049/005.wav
49,6,15000,22019,1.468,65364600,bank049/006.wav
49,7,15000,22033,1.469,65364600,bank049/007.wav
49,8,15000,22709,1.514,65364600,bank049/008.wav
49,9,15000,22810,1.521,65364600,bank049/009.wav
49,10,15000,23527,1.568,65364600,bank049/010.wav
49,11,15000,23790,1.586,65364600,bank049/011.wav
49,12,15000,23790,1.586,65364600,bank049/012.wav
49,13,15000,23856,1.59,65364600,bank049/013.wav
49,14,15000,24331,1.622,65364600,bank049/014.wav
49,15,15000,24533,1.636,65364600,bank049/015.wav
49,16,15000,26574,1.772,65364600,bank049/016.wav
49,17,15000,26669,1.778,65364600,bank049/017.wav
49,18,15000,26966,1.798,65364600,bank049/018.wav
49,19,15000,26982,1.799,65364600,bank049/019.wav
49,20,15000,27034,1.802,65364600,bank049/020.wav
49,21,15000,27034,1.802,65364600,bank049/021.wav
49,22,15000,27708,1.847,65364600,bank049/022.wav
49,23,15000,27980,1.865,65364600,bank049/023.wav
49,24,15000,28115,1.874,65364600,bank049/024.wav
49,25,15000,28183,1.879,65364600,bank049/025.wav
49,26,15000,28183,1.879,65364600,bank049/026.wav
49,27,15000,34063,2.271,65364600,bank049/027.wav
49,28,15000,32441,2.163,65364600,bank049/028.wav
49,29,15000,32251,2.15,65364600,bank049/029.wav
49,30,15000,32171,2.145,65364600,bank049/030.wav
49,31,15000,31900,2.127,65364600,bank049/031.wav
49,32,15000,31359,2.091,65364600,bank049/032.wav
49,33,15000,31022,2.068,65364600,bank049/033.wav
49,34,15000,30278,2.019,65364600,bank049/034.wav
49,35,15000,29258,1.951,65364600,bank049/035.wav
49,36,15000,29197,1.946,65364600,bank049/036.wav
49,37,15000,29197,1.946,65364600,bank049/037.wav
49,38,15000,28699,1.913,65364600,bank049/038.wav
49,39,15000,28656,1.91,65364600,bank049/039.wav
49,40,15000,28386,1.892,65364600,bank049/040.wav
49,41,15000,19813,1.321,65364600,bank049/041.wav
49,42,15000,19668,1.311,65364600,bank049/042.wav
49,43,15000,19059,1.271,65364600,bank049/043.wav
49,44,15000,18957,1.264,65364600,bank049/044.wav
49,45,15000,18856,1.257,65364600,bank049/045.wav
49,46,15000,18635,1.242,65364600,bank049/046.wav
49,47,15000,18451,1.23,65364600,bank049/047.wav
49,48,15000,18045,1.203,65364600,bank049/048.wav
49,49,15000,17843,1.19,65364600,bank049/049.wav
49,50,15000,17215,1.148,65364600,bank049/050.wav
49,51,15000,16727,1.115,65364600,bank049/051.wav
49,52,15000,16221,1.081,65364600,bank049/052.wav
49,53,15000,15350,1.023,65364600,bank049/053.wav
49,54,15000,14396,0.96,65364600,bank049/054.wav
49,55,15000,10706,0.714,65364600,bank049/055.wav
50,0,15000,10985,0.732,68069224,bank050/000.wav
50,1,15000,13687,0.912,68069224,bank050/001.wav
50,2,15000,13757,0.917,68069224,bank050/002.wav
50,3,15000,14095,0.94,68069224,bank050/003.wav
50,4,15000,14466,0.964,68069224,bank050/004.wav
50,5,15000,14648,0.977,68069224,bank050/005.wav
50,6,15000,14800,0.987,68069224,bank050/006.wav
50,7,15000,16524,1.102,68069224,bank050/007.wav
50,8,15000,18211,1.214,68069224,bank050/008.wav
50,9,15000,18383,1.226,68069224,bank050/009.wav
50,10,15000,19025,1.268,68069224,bank050/010.wav
50,11,15000,19613,1.308,68069224,bank050/011.wav
50,12,15000,20541,1.369,68069224,bank050/012.wav
50,13,15000,20904,1.394,68069224,bank050/013.wav
50,14,15000,21178,1.412,68069224,bank050/014.wav
50,15,15000,21222,1.415,68069224,bank050/015.wav
50,16,15000,21411,1.427,68069224,bank050/016.wav
50,17,15000,21627,1.442,68069224,bank050/017.wav
50,18,15000,22438,1.496,68069224,bank050/018.wav
50,19,15000,22473,1.498,68069224,bank050/019.wav
50,20,15000,22709,1.514,68069224,bank050/020.wav
50,21,15000,22960,1.531,68069224,bank050/021.wav
50,22,15000,33438,2.229,68069224,bank050/022.wav
50,23,15000,24031,1.602,68069224,bank050/023.wav
50,24,15000,24060,1.604,68069224,bank050/024.wav
50,25,15000,24196,1.613,68069224,bank050/025.wav
50,26,15000,24331,1.622,68069224,bank050/026.wav
50,27,15000,24533,1.636,68069224,bank050/027.wav
50,28,15000,24750,1.65,68069224,bank050/028.wav
50,29,15000,25007,1.667,68069224,bank050/029.wav
50,30,15000,34333,2.289,68069224,bank050/030.wav
50,31,15000,25953,1.73,68069224,bank050/031.wav
50,32,15000,27440,1.829,68069224,bank050/032.wav
50,33,15000,27444,1.83,68069224,bank050/033.wav
50,34,15000,27918,1.861,68069224,bank050/034.wav
50,35,15000,28115,1.874,68069224,bank050/035.wav
50,36,15000,28386,1.892,68069224,bank050/036.wav
50,37,15000,33976,2.265,68069224,bank050/037.wav
50,38,15000,28642,1.909,68069224,bank050/038.wav
50,39,15000,29091,1.939,68069224,bank050/039.wav
50,40,15000,29467,1.964,68069224,bank050/040.wav
50,41,15000,29602,1.973,68069224,bank050/041.wav
50,42,15000,29602,1.973,68069224,bank050/042.wav
50,43,15000,29738,1.983,68069224,bank050/043.wav
50,44,15000,30007,2.0,68069224,bank050/044.wav
50,45,15000,30413,2.028,68069224,bank050/045.wav
50,46,15000,30819,2.055,68069224,bank050/046.wav
50,47,15000,31165,2.078,68069224,bank050/047.wav
50,48,15000,31427,2.095,68069224,bank050/048.wav
50,49,15000,31427,2.095,68069224,bank050/049.wav
50,50,15000,31900,2.127,68069224,bank050/050.wav
50,51,15000,32846,2.19,68069224,bank050/051.wav
50,52,15000,32905,2.194,68069224,bank050/052.wav
50,53,15000,33049,2.203,68069224,bank050/053.wav
50,54,15000,33049,2.203,68069224,bank050/054.wav
50,55,15000,33252,2.217,68069224,bank050/055.wav
51,0,22050,37888,1.718,70877966,bank051/000.wav
51,1,22050,25216,1.144,70877966,bank051/001.wav
52,0,12000,17206,1.434,71008978,bank052/000.wav
52,1,12000,24498,2.042,71008978,bank052/001.wav
52,2,12000,18923,1.577,71008978,bank052/002.wav
52,3,12000,16004,1.334,71008978,bank052/003.wav
52,4,12000,18148,1.512,71008978,bank052/004.wav
52,5,12000,21176,1.765,71008978,bank052/005.wav
52,6,12000,20925,1.744,71008978,bank052/006.wav
52,7,12000,10630,0.886,71008978,bank052/007.wav
52,8,12000,15031,1.253,71008978,bank052/008.wav
52,9,12000,25991,2.166,71008978,bank052/009.wav
52,10,12000,13031,1.086,71008978,bank052/010.wav
52,11,12000,21052,1.754,71008978,bank052/011.wav
53,0,15000,46676,3.112,71459012,bank053/000.wav
53,1,15000,12752,0.85,71459012,bank053/001.wav
53,2,15000,11451,0.763,71459012,bank053/002.wav
53,3,15000,12984,0.866,71459012,bank053/003.wav
53,4,15000,11360,0.757,71459012,bank053/004.wav
53,5,12000,32299,2.692,71459012,bank053/005.wav
54,0,12000,35442,2.954,71718860,bank054/000.wav
54,1,15000,23573,1.572,71718860,bank054/001.wav
54,2,12000,17672,1.473,71718860,bank054/002.wav
54,3,12000,28548,2.379,71718860,bank054/003.wav
54,4,15000,21911,1.461,71718860,bank054/004.wav
54,5,12000,20438,1.703,71718860,bank054/005.wav
54,6,12000,28353,2.363,71718860,bank054/006.wav
54,7,15000,25236,1.682,71718860,bank054/007.wav
54,8,12000,29667,2.472,71718860,bank054/008.wav
54,9,15000,33064,2.204,71718860,bank054/009.wav
54,10,12000,48799,4.067,71718860,bank054/010.wav
54,11,12000,47006,3.917,71718860,bank054/011.wav
54,12,12000,41986,3.499,71718860,bank054/012.wav
54,13,15000,17387,1.159,71718860,bank054/013.wav
54,14,15000,6674,0.445,71718860,bank054/014.wav
54,15,15000,40127,2.675,71718860,bank054/015.wav
54,16,12000,25036,2.086,71718860,bank054/016.wav
54,17,12000,37275,3.106,71718860,bank054/017.wav
54,18,12000,51519,4.293,71718860,bank054/018.wav
54,19,12000,29454,2.454,71718860,bank054/019.wav
54,20,12000,18420,1.535,71718860,bank054/020.wav
54,21,15000,51991,3.466,71718860,bank054/021.wav
54,22,12000,32221,2.685,71718860,bank054/022.wav
54,23,12000,52142,4.345,71718860,bank054/023.wav
54,24,12000,7857,0.655,71718860,bank054/024.wav
54,25,15000,34560,2.304,71718860,bank054/025.wav
54,26,12000,29268,2.439,71718860,bank054/026.wav
54,27,12000,30421,2.535,71718860,bank054/027.wav
54,28,12000,22718,1.893,71718860,bank054/028.wav
54,29,12000,14378,1.198,71718860,bank054/029.wav
54,30,12000,28777,2.398,71718860,bank054/030.wav
54,31,12000,8530,0.711,71718860,bank054/031.wav
54,32,12000,19155,1.596,71718860,bank054/032.wav
55,0,12000,21257,1.771,73642874,bank055/000.wav
55,1,15000,34125,2.275,73642874,bank055/001.wav
55,2,12000,20048,1.671,73642874,bank055/002.wav
55,3,12000,18361,1.53,73642874,bank055/003.wav
55,4,15000,38952,2.597,73642874,bank055/004.wav
55,5,15000,29169,1.945,73642874,bank055/005.wav
55,6,15000,33347,2.223,73642874,bank055/006.wav
55,7,15000,27064,1.804,73642874,bank055/007.wav
55,8,12000,27492,2.291,73642874,bank055/008.wav
55,9,12000,31273,2.606,73642874,bank055/009.wav
55,10,12000,20781,1.732,73642874,bank055/010.wav
55,11,12000,20830,1.736,73642874,bank055/011.wav
55,12,12000,23461,1.955,73642874,bank055/012.wav
55,13,12000,19858,1.655,73642874,bank055/013.wav
55,14,12000,21934,1.828,73642874,bank055/014.wav
55,15,15000,20442,1.363,73642874,bank055/015.wav
55,16,12000,14060,1.172,73642874,bank055/016.wav
55,17,15000,43423,2.895,73642874,bank055/017.wav
55,18,12000,27903,2.325,73642874,bank055/018.wav
55,19,15000,24930,1.662,73642874,bank055/019.wav
55,20,12000,21771,1.814,73642874,bank055/020.wav
55,21,12000,23750,1.979,73642874,bank055/021.wav
55,22,12000,21786,1.815,73642874,bank055/022.wav
55,23,12000,35044,2.92,73642874,bank055/023.wav
55,24,12000,20280,1.69,73642874,bank055/024.wav
55,25,12000,25515,2.126,73642874,bank055/025.wav
55,26,12000,19102,1.592,73642874,bank055/026.wav
55,27,12000,16998,1.417,73642874,bank055/027.wav
55,28,12000,19315,1.61,73642874,bank055/028.wav
55,29,12000,24416,2.035,73642874,bank055/029.wav
55,30,12000,18177,1.515,73642874,bank055/030.wav
55,31,12000,17009,1.417,73642874,bank055/031.wav
55,32,12000,27334,2.278,73642874,bank055/032.wav
55,33,12000,28774,2.398,73642874,bank055/033.wav
55,34,12000,16764,1.397,73642874,bank055/034.wav
55,35,15000,35123,2.342,73642874,bank055/035.wav
55,36,15000,28036,1.869,73642874,bank055/036.wav
55,37,12000,34975,2.915,73642874,bank055/037.wav
55,38,12000,13900,1.158,73642874,bank055/038.wav
56,0,12000,17925,1.494,75581236,bank056/000.wav
56,1,15000,22665,1.511,75581236,bank056/001.wav
56,2,12000,26585,2.215,75581236,bank056/002.wav
56,3,12000,27234,2.269,75581236,bank056/003.wav
56,4,12000,31630,2.636,75581236,bank056/004.wav
56,5,12000,19586,1.632,75581236,bank056/005.wav
56,6,15000,30228,2.015,75581236,bank056/006.wav
56,7,12000,5515,0.46,75581236,bank056/007.wav
56,8,12000,18978,1.581,75581236,bank056/008.wav
56,9,12000,27226,2.269,75581236,bank056/009.wav
56,10,12000,11979,0.998,75581236,bank056/010.wav
56,11,15000,8323,0.555,75581236,bank056/011.wav
56,12,12000,34063,2.839,75581236,bank056/012.wav
56,13,12000,32911,2.743,75581236,bank056/013.wav
56,14,15000,13458,0.897,75581236,bank056/014.wav
56,15,15000,27907,1.86,75581236,bank056/015.wav
56,16,12000,43588,3.632,75581236,bank056/016.wav
57,0,12000,9353,0.779,76385642,bank057/000.wav
57,1,12000,38696,3.225,76385642,bank057/001.wav
57,2,12000,13780,1.148,76385642,bank057/002.wav
57,3,15000,50006,3.334,76385642,bank057/003.wav
57,4,12000,22441,1.87,76385642,bank057/004.wav
57,5,12000,30401,2.533,76385642,bank057/005.wav
57,6,15000,28198,1.88,76385642,bank057/006.wav
57,7,12000,15965,1.33,76385642,bank057/007.wav
57,8,12000,45666,3.805,76385642,bank057/008.wav
57,9,15000,17548,1.17,76385642,bank057/009.wav
57,10,12000,22666,1.889,76385642,bank057/010.wav
57,11,12000,15788,1.316,76385642,bank057/011.wav
57,12,12000,25304,2.109,76385642,bank057/012.wav
57,13,12000,14274,1.19,76385642,bank057/013.wav
57,14,12000,24223,2.019,76385642,bank057/014.wav
57,15,12000,16177,1.348,76385642,bank057/015.wav
57,16,15000,11954,0.797,76385642,bank057/016.wav
57,17,12000,29413,2.451,76385642,bank057/017.wav
57,18,12000,12023,1.002,76385642,bank057/018.wav
57,19,12000,36906,3.075,76385642,bank057/019.wav
58,0,12000,46758,3.897,77352010,bank058/000.wav
58,1,8000,36334,4.542,77352010,bank058/001.wav
58,2,8000,27395,3.424,77352010,bank058/002.wav
58,3,8000,34430,4.304,77352010,bank058/003.wav
58,4,8000,24778,3.097,77352010,bank058/004.wav
58,5,8000,29110,3.639,77352010,bank058/005.wav
58,6,8000,32297,4.037,77352010,bank058/006.wav
58,7,8000,30566,3.821,77352010,bank058/007.wav
58,8,8000,29874,3.734,77352010,bank058/008.wav
58,9,8000,29181,3.648,77352010,bank058/009.wav
58,10,8000,26904,3.363,77352010,bank058/010.wav
58,11,8000,30040,3.755,77352010,bank058/011.wav
58,12,8000,33522,4.19,77352010,bank058/012.wav
58,13,8000,23729,2.966,77352010,bank058/013.wav
58,14,8000,17607,2.201,77352010,bank058/014.wav
58,15,8000,20474,2.559,77352010,bank058/015.wav
58,16,8000,34566,4.321,77352010,bank058/016.wav
58,17,8000,32311,4.039,77352010,bank058/017.wav
58,18,8000,29543,3.693,77352010,bank058/018.wav
58,19,8000,36882,4.61,77352010,bank058/019.wav
58,20,8000,36334,4.542,77352010,bank058/020.wav
58,21,8000,35728,4.466,77352010,bank058/021.wav
58,22,8000,45820,5.728,77352010,bank058/022.wav
58,23,8000,37541,4.693,77352010,bank058/023.wav
58,24,8000,39722,4.965,77352010,bank058/024.wav
58,25,8000,36280,4.535,77352010,bank058/025.wav
58,26,8000,46931,5.866,77352010,bank058/026.wav
58,27,8000,35004,4.375,77352010,bank058/027.wav
58,28,8000,23541,2.943,77352010,bank058/028.wav
58,29,8000,21739,2.717,77352010,bank058/029.wav
58,30,8000,42678,5.335,77352010,bank058/030.wav
58,31,8000,27899,3.487,77352010,bank058/031.wav
58,32,8000,38619,4.827,77352010,bank058/032.wav
58,33,8000,42461,5.308,77352010,bank058/033.wav
58,34,8000,45806,5.726,77352010,bank058/034.wav
58,35,8000,35901,4.488,77352010,bank058/035.wav
58,36,8000,15572,1.946,77352010,bank058/036.wav
58,37,8000,36009,4.501,77352010,bank058/037.wav
58,38,8000,34748,4.343,77352010,bank058/038.wav
58,39,8000,24799,3.1,77352010,bank058/039.wav
58,40,8000,15687,1.961,77352010,bank058/040.wav
58,41,8000,29846,3.731,77352010,bank058/041.wav
58,42,15000,25282,1.685,77352010,bank058/042.wav
58,43,15000,16468,1.098,77352010,bank058/043.wav
58,44,15000,38604,2.574,77352010,bank058/044.wav
58,45,15000,11772,0.785,77352010,bank058/045.wav
58,46,15000,37869,2.525,77352010,bank058/046.wav
59,0,15000,21060,1.404,80326736,bank059/000.wav
59,1,15000,25973,1.732,80326736,bank059/001.wav
59,2,15000,34586,2.306,80326736,bank059/002.wav
59,3,15000,24753,1.65,80326736,bank059/003.wav
60,0,12000,11499,0.958,80544284,bank060/000.wav
60,1,12000,20100,1.675,80544284,bank060/001.wav
60,2,12000,18078,1.506,80544284,bank060/002.wav
60,3,12000,12325,1.027,80544284,bank060/003.wav
60,4,12000,21048,1.754,80544284,bank060/004.wav
60,5,12000,14525,1.21,80544284,bank060/005.wav
60,6,12000,27443,2.287,80544284,bank060/006.wav
60,7,12000,23660,1.972,80544284,bank060/007.wav
60,8,12000,31783,2.649,80544284,bank060/008.wav
60,9,12000,23089,1.924,80544284,bank060/009.wav
60,10,12000,32195,2.683,80544284,bank060/010.wav
60,11,12000,22021,1.835,80544284,bank060/011.wav
60,12,12000,18655,1.555,80544284,bank060/012.wav
60,13,15000,43545,2.903,80544284,bank060/013.wav
60,14,12000,23561,1.963,80544284,bank060/014.wav
60,15,15000,18446,1.23,80544284,bank060/015.wav
60,16,15000,30345,2.023,80544284,bank060/016.wav
60,17,15000,16685,1.112,80544284,bank060/017.wav
60,18,12000,53841,4.487,80544284,bank060/018.wav
60,19,12000,18185,1.515,80544284,bank060/019.wav
60,20,12000,13814,1.151,80544284,bank060/020.wav
60,21,12000,23468,1.956,80544284,bank060/021.wav
60,22,12000,31264,2.605,80544284,bank060/022.wav
60,23,12000,25485,2.124,80544284,bank060/023.wav
60,24,12000,37602,3.134,80544284,bank060/024.wav
60,25,12000,39487,3.291,80544284,bank060/025.wav
60,26,12000,36035,3.003,80544284,bank060/026.wav
60,27,12000,40982,3.415,80544284,bank060/027.wav
60,28,12000,49813,4.151,80544284,bank060/028.wav
60,29,12000,55812,4.651,80544284,bank060/029.wav
60,30,12000,53381,4.448,80544284,bank060/030.wav
60,31,12000,40453,3.371,80544284,bank060/031.wav
60,32,15000,23005,1.534,80544284,bank060/032.wav
60,33,15000,25810,1.721,80544284,bank060/033.wav
60,34,12000,5802,0.483,80544284,bank060/034.wav
60,35,15000,6368,0.425,80544284,bank060/035.wav
60,36,12000,28831,2.403,80544284,bank060/036.wav
60,37,12000,15764,1.314,80544284,bank060/037.wav
60,38,15000,21971,1.465,80544284,bank060/038.wav
60,39,12000,16350,1.363,80544284,bank060/039.wav
60,40,12000,17389,1.449,80544284,bank060/040.wav
60,41,12000,17789,1.482,80544284,bank060/041.wav
61,0,22050,48356,2.193,82764496,bank061/000.wav
62,0,11987,10500,0.876,82866012,bank062/000.wav
62,1,12000,9601,0.8,82866012,bank062/001.wav
62,2,12000,6313,0.526,82866012,bank062/002.wav
62,3,11025,32896,2.984,82866012,bank062/003.wav
62,4,12000,1041,0.087,82866012,bank062/004.wav
62,5,12000,678,0.057,82866012,bank062/005.wav
62,6,12000,12001,1.0,82866012,bank062/006.wav
62,7,12000,12001,1.0,82866012,bank062/007.wav
62,8,12000,3441,0.287,82866012,bank062/008.wav
62,9,12000,8520,0.71,82866012,bank062/009.wav
62,10,12000,8520,0.71,82866012,bank062/010.wav
63,0,22050,51072,2.316,83081840,bank063/000.wav
64,0,18000,23296,1.294,83188788,bank064/000.wav
65,0,12000,14355,1.196,83240184,bank065/000.wav
65,1,12000,13694,1.141,83240184,bank065/001.wav
65,2,12000,11679,0.973,83240184,bank065/002.wav
65,3,12000,12571,1.048,83240184,bank065/003.wav
65,4,12000,11517,0.96,83240184,bank065/004.wav
65,5,12000,9732,0.811,83240184,bank065/005.wav
65,6,12000,10219,0.852,83240184,bank065/006.wav
65,7,12000,11006,0.917,83240184,bank065/007.wav
65,8,12000,12230,1.019,83240184,bank065/008.wav
65,9,12000,15688,1.307,83240184,bank065/009.wav
65,10,12000,20174,1.681,83240184,bank065/010.wav
65,11,12000,23917,1.993,83240184,bank065/011.wav
65,12,12000,13498,1.125,83240184,bank065/012.wav
65,13,12000,13616,1.135,83240184,bank065/013.wav
65,14,12000,15652,1.304,83240184,bank065/014.wav
65,15,12000,17708,1.476,83240184,bank065/015.wav
65,16,12000,19729,1.644,83240184,bank065/016.wav
65,17,12000,17261,1.438,83240184,bank065/017.wav
65,18,12000,15050,1.254,83240184,bank065/018.wav
65,19,12000,20510,1.709,83240184,bank065/019.wav
65,20,12000,17267,1.439,83240184,bank065/020.wav
65,21,12000,14901,1.242,83240184,bank065/021.wav
65,22,12000,13640,1.137,83240184,bank065/022.wav
65,23,12000,18411,1.534,83240184,bank065/023.wav
65,24,12000,18545,1.545,83240184,bank065/024.wav
65,25,12000,17919,1.493,83240184,bank065/025.wav
65,26,12000,22826,1.902,83240184,bank065/026.wav
65,27,12000,32350,2.696,83240184,bank065/027.wav
65,28,12000,42970,3.581,83240184,bank065/028.wav
66,0,12000,20981,1.748,84242258,bank066/000.wav
66,1,12000,14863,1.239,84242258,bank066/001.wav
66,2,12000,19432,1.619,84242258,bank066/002.wav
66,3,12000,31049,2.587,84242258,bank066/003.wav
66,4,12000,23129,1.927,84242258,bank066/004.wav
66,5,12000,21280,1.773,84242258,bank066/005.wav
66,6,12000,19834,1.653,84242258,bank066/006.wav
66,7,12000,30747,2.562,84242258,bank066/007.wav
66,8,12000,40117,3.343,84242258,bank066/008.wav
66,9,12000,32704,2.725,84242258,bank066/009.wav
66,10,15000,44164,2.944,84242258,bank066/010.wav
66,11,15000,54000,3.6,84242258,bank066/011.wav
66,12,15000,38737,2.582,84242258,bank066/012.wav
66,13,15000,29520,1.968,84242258,bank066/013.wav
66,14,15000,32067,2.138,84242258,bank066/014.wav
66,15,12000,18965,1.58,84242258,bank066/015.wav
66,16,12000,22816,1.901,84242258,bank066/016.wav
66,17,12000,20475,1.706,84242258,bank066/017.wav
66,18,12000,41160,3.43,84242258,bank066/018.wav
66,19,12000,22772,1.898,84242258,bank066/019.wav
66,20,12000,21125,1.76,84242258,bank066/020.wav
66,21,12000,26336,2.195,84242258,bank066/021.wav
66,22,12000,20044,1.67,84242258,bank066/022.wav
66,23,12000,16666,1.389,84242258,bank066/023.wav
66,24,12000,27952,2.329,84242258,bank066/024.wav
66,25,12000,8446,0.704,84242258,bank066/025.wav
66,26,15000,28938,1.929,84242258,bank066/026.wav
66,27,12000,38027,3.169,84242258,bank066/027.wav
66,28,12000,24025,2.002,84242258,bank066/028.wav
66,29,15000,28032,1.869,84242258,bank066/029.wav
66,30,12000,44292,3.691,84242258,bank066/030.wav
66,31,12000,41481,3.457,84242258,bank066/031.wav
66,32,12000,40717,3.393,84242258,bank066/032.wav
66,33,15000,11758,0.784,84242258,bank066/033.wav
66,34,12000,41039,3.42,84242258,bank066/034.wav
66,35,12000,9917,0.826,84242258,bank066/035.wav
66,36,12000,10743,0.895,84242258,bank066/036.wav
66,37,12000,8739,0.728,84242258,bank066/037.wav
66,38,12000,18113,1.509,84242258,bank066/038.wav
66,39,12000,28264,2.355,84242258,bank066/039.wav
66,40,12000,19446,1.621,84242258,bank066/040.wav
66,41,12000,25258,2.105,84242258,bank066/041.wav
66,42,12000,31014,2.584,84242258,bank066/042.wav
66,43,15000,55591,3.706,84242258,bank066/043.wav
66,44,12000,26971,2.248,84242258,bank066/044.wav
66,45,15000,16171,1.078,84242258,bank066/045.wav
66,46,12000,21734,1.811,84242258,bank066/046.wav
66,47,15000,49145,3.276,84242258,bank066/047.wav
66,48,12000,9638,0.803,84242258,bank066/048.wav
66,49,15000,21617,1.441,84242258,bank066/049.wav
66,50,12000,25357,2.113,84242258,bank066/050.wav
66,51,12000,14472,1.206,84242258,bank066/051.wav
66,52,12000,15677,1.306,84242258,bank066/052.wav
66,53,12000,14995,1.25,84242258,bank066/053.wav
66,54,15000,39910,2.661,84242258,bank066/054.wav
66,55,12000,16026,1.335,84242258,bank066/055.wav
66,56,12000,25660,2.138,84242258,bank066/056.wav
66,57,12000,39354,3.28,84242258,bank066/057.wav
66,58,12000,32572,2.714,84242258,bank066/058.wav
67,0,12000,21365,1.78,87395210,bank067/000.wav
67,1,12000,16800,1.4,87395210,bank067/001.wav
67,2,12000,17748,1.479,87395210,bank067/002.wav
67,3,12000,23083,1.924,87395210,bank067/003.wav
67,4,12000,14478,1.206,87395210,bank067/004.wav
67,5,12000,30761,2.563,87395210,bank067/005.wav
67,6,12000,23145,1.929,87395210,bank067/006.wav
67,7,12000,14325,1.194,87395210,bank067/007.wav
67,8,12000,16178,1.348,87395210,bank067/008.wav
68,0,12000,25403,2.117,87755780,bank068/000.wav
68,1,12000,14065,1.172,87755780,bank068/001.wav
68,2,15000,26646,1.776,87755780,bank068/002.wav
68,3,15000,35786,2.386,87755780,bank068/003.wav
69,0,12000,42588,3.549,87964384,bank069/000.wav
69,1,12000,20723,1.727,87964384,bank069/001.wav
69,2,12000,13491,1.124,87964384,bank069/002.wav
69,3,12000,13795,1.15,87964384,bank069/003.wav
69,4,12000,9301,0.775,87964384,bank069/004.wav
69,5,20000,28453,1.423,87964384,bank069/005.wav
69,6,12000,18147,1.512,87964384,bank069/006.wav
69,7,12000,22541,1.878,87964384,bank069/007.wav
69,8,12000,19813,1.651,87964384,bank069/008.wav
69,9,12000,13806,1.151,87964384,bank069/009.wav
69,10,12000,10872,0.906,87964384,bank069/010.wav
69,11,12000,38150,3.179,87964384,bank069/011.wav
69,12,12000,35950,2.996,87964384,bank069/012.wav
69,13,12000,7483,0.624,87964384,bank069/013.wav
69,14,12000,6971,0.581,87964384,bank069/014.wav
69,15,12000,7426,0.619,87964384,bank069/015.wav
69,16,17143,18180,1.06,87964384,bank069/016.wav
69,17,12000,22929,1.911,87964384,bank069/017.wav
69,18,12000,21444,1.787,87964384,bank069/018.wav
69,19,12000,34066,2.839,87964384,bank069/019.wav
69,20,12000,32248,2.687,87964384,bank069/020.wav
69,21,12000,26310,2.192,87964384,bank069/021.wav
69,22,12000,20250,1.688,87964384,bank069/022.wav
69,23,12000,17245,1.437,87964384,bank069/023.wav
69,24,8000,46997,5.875,87964384,bank069/024.wav
69,25,8000,37631,4.704,87964384,bank069/025.wav
69,26,12000,25747,2.146,87964384,bank069/026.wav
69,27,15000,16832,1.122,87964384,bank069/027.wav
69,28,12000,42934,3.578,87964384,bank069/028.wav
69,29,12000,27768,2.314,87964384,bank069/029.wav
69,30,15000,30746,2.05,87964384,bank069/030.wav
69,31,12000,16909,1.409,87964384,bank069/031.wav
69,32,12000,9248,0.771,87964384,bank069/032.wav
69,33,12000,30061,2.505,87964384,bank069/033.wav
69,34,12000,26383,2.199,87964384,bank069/034.wav
69,35,12000,34057,2.838,87964384,bank069/035.wav
69,36,12000,13498,1.125,87964384,bank069/036.wav
69,37,12000,37308,3.109,87964384,bank069/037.wav
69,38,12000,15060,1.255,87964384,bank069/038.wav
69,39,12000,35442,2.954,87964384,bank069/039.wav
69,40,12000,27537,2.295,87964384,bank069/040.wav
69,41,12000,23892,1.991,87964384,bank069/041.wav
69,42,12000,37350,3.112,87964384,bank069/042.wav
69,43,12000,17541,1.462,87964384,bank069/043.wav
69,44,12000,19073,1.589,87964384,bank069/044.wav
69,45,12000,19247,1.604,87964384,bank069/045.wav
69,46,12000,14069,1.172,87964384,bank069/046.wav
69,47,12000,13264,1.105,87964384,bank069/047.wav
69,48,12000,39220,3.268,87964384,bank069/048.wav
69,49,15000,23730,1.582,87964384,bank069/049.wav
69,50,12000,25334,2.111,87964384,bank069/050.wav
69,51,12000,53353,4.446,87964384,bank069/051.wav
69,52,15000,53385,3.559,87964384,bank069/052.wav
69,53,15000,16036,1.069,87964384,bank069/053.wav
69,54,12000,29016,2.418,87964384,bank069/054.wav
69,55,12000,51620,4.302,87964384,bank069/055.wav
69,56,15000,13477,0.898,87964384,bank069/056.wav
69,57,12000,11765,0.98,87964384,bank069/057.wav
69,58,12000,25444,2.12,87964384,bank069/058.wav
69,59,15000,35444,2.363,87964384,bank069/059.wav
69,60,12000,24147,2.012,87964384,bank069/060.wav
69,61,15000,22827,1.522,87964384,bank069/061.wav
69,62,12000,26532,2.211,87964384,bank069/062.wav
69,63,15000,36631,2.442,87964384,bank069/063.wav
69,64,12000,28649,2.387,87964384,bank069/064.wav
69,65,15000,21591,1.439,87964384,bank069/065.wav
69,66,15000,32276,2.152,87964384,bank069/066.wav
69,67,12000,29580,2.465,87964384,bank069/067.wav
69,68,12000,18953,1.579,87964384,bank069/068.wav
69,69,15000,16147,1.076,87964384,bank069/069.wav
69,70,12000,3565,0.297,87964384,bank069/070.wav
69,71,12000,13911,1.159,87964384,bank069/071.wav
69,72,12000,24738,2.062,87964384,bank069/072.wav
69,73,12000,19926,1.661,87964384,bank069/073.wav
69,74,12000,12794,1.066,87964384,bank069/074.wav
69,75,12000,14747,1.229,87964384,bank069/075.wav
69,76,12000,16920,1.41,87964384,bank069/076.wav
69,77,15000,17872,1.191,87964384,bank069/077.wav
69,78,12000,6192,0.516,87964384,bank069/078.wav
69,79,15000,15718,1.048,87964384,bank069/079.wav
69,80,15000,17128,1.142,87964384,bank069/080.wav
69,81,12000,13048,1.087,87964384,bank069/081.wav
69,82,15000,20564,1.371,87964384,bank069/082.wav
69,83,12000,27635,2.303,87964384,bank069/083.wav
69,84,15000,27506,1.834,87964384,bank069/084.wav
69,85,15000,29045,1.936,87964384,bank069/085.wav
69,86,15000,25136,1.676,87964384,bank069/086.wav
69,87,12000,18946,1.579,87964384,bank069/087.wav
69,88,12000,29728,2.477,87964384,bank069/088.wav
69,89,12000,15429,1.286,87964384,bank069/089.wav
69,90,12000,19958,1.663,87964384,bank069/090.wav
69,91,12000,29098,2.425,87964384,bank069/091.wav
69,92,12000,19119,1.593,87964384,bank069/092.wav
69,93,15000,24620,1.641,87964384,bank069/093.wav
69,94,12000,30221,2.518,87964384,bank069/094.wav
69,95,12000,19029,1.586,87964384,bank069/095.wav
69,96,12000,11354,0.946,87964384,bank069/096.wav
69,97,12000,13530,1.127,87964384,bank069/097.wav
69,98,12000,13121,1.093,87964384,bank069/098.wav
69,99,12000,14532,1.211,87964384,bank069/099.wav
69,100,12000,15354,1.28,87964384,bank069/100.wav
69,101,12000,16026,1.335,87964384,bank069/101.wav
69,102,12000,13210,1.101,87964384,bank069/102.wav
69,103,12000,20774,1.731,87964384,bank069/103.wav
69,104,12000,7228,0.602,87964384,bank069/104.wav
69,105,12000,20220,1.685,87964384,bank069/105.wav
69,106,12000,13612,1.134,87964384,bank069/106.wav
69,107,12000,18583,1.549,87964384,bank069/107.wav
69,108,12000,19677,1.64,87964384,bank069/108.wav
69,109,12000,20895,1.741,87964384,bank069/109.wav
69,110,12000,17507,1.459,87964384,bank069/110.wav
69,111,12000,18962,1.58,87964384,bank069/111.wav
69,112,12000,24428,2.036,87964384,bank069/112.wav
69,113,15000,21642,1.443,87964384,bank069/113.wav
69,114,15000,34244,2.283,87964384,bank069/114.wav
69,115,15000,20388,1.359,87964384,bank069/115.wav
69,116,15000,18700,1.247,87964384,bank069/116.wav
69,117,15000,29075,1.938,87964384,bank069/117.wav
69,118,12000,26632,2.219,87964384,bank069/118.wav
69,119,12000,22671,1.889,87964384,bank069/119.wav
69,120,12000,38259,3.188,87964384,bank069/120.wav
69,121,12000,30538,2.545,87964384,bank069/121.wav
69,122,12000,11621,0.968,87964384,bank069/122.wav
69,123,12000,24446,2.037,87964384,bank069/123.wav
69,124,24000,43721,1.822,87964384,bank069/124.wav
69,125,15000,21191,1.413,87964384,bank069/125.wav
69,126,12000,15765,1.314,87964384,bank069/126.wav
69,127,12000,21732,1.811,87964384,bank069/127.wav
69,128,15000,25755,1.717,87964384,bank069/128.wav
69,129,12000,14773,1.231,87964384,bank069/129.wav
69,130,12000,15401,1.283,87964384,bank069/130.wav
69,131,12000,16574,1.381,87964384,bank069/131.wav
69,132,12000,20258,1.688,87964384,bank069/132.wav
69,133,15000,21831,1.455,87964384,bank069/133.wav
69,134,15000,24346,1.623,87964384,bank069/134.wav
69,135,15000,25490,1.699,87964384,bank069/135.wav
69,136,12000,35515,2.96,87964384,bank069/136.wav
69,137,12000,36282,3.023,87964384,bank069/137.wav
69,138,15000,27844,1.856,87964384,bank069/138.wav
69,139,12000,31494,2.624,87964384,bank069/139.wav
69,140,12000,20170,1.681,87964384,bank069/140.wav
69,141,12000,22863,1.905,87964384,bank069/141.wav
69,142,12000,24455,2.038,87964384,bank069/142.wav
69,143,12000,49718,4.143,87964384,bank069/143.wav
69,144,12000,28102,2.342,87964384,bank069/144.wav
69,145,12000,29505,2.459,87964384,bank069/145.wav
69,146,12000,29144,2.429,87964384,bank069/146.wav
69,147,12000,43620,3.635,87964384,bank069/147.wav
69,148,12000,28543,2.379,87964384,bank069/148.wav
69,149,12000,17410,1.451,87964384,bank069/149.wav
69,150,12000,26770,2.231,87964384,bank069/150.wav
70,0,15000,16916,1.128,95057242,bank070/000.wav
70,1,15000,33577,2.238,95057242,bank070/001.wav
70,2,15000,40834,2.722,95057242,bank070/002.wav
70,3,15000,33577,2.238,95057242,bank070/003.wav
70,4,8000,28218,3.527,95057242,bank070/004.wav
70,5,15000,24042,1.603,95057242,bank070/005.wav
70,6,15000,30049,2.003,95057242,bank070/006.wav
70,7,12000,14069,1.172,95057242,bank070/007.wav
70,8,15000,25707,1.714,95057242,bank070/008.wav
70,9,15000,43220,2.881,95057242,bank070/009.wav
70,10,15000,13304,0.887,95057242,bank070/010.wav
70,11,12000,42377,3.531,95057242,bank070/011.wav
70,12,15000,29798,1.987,95057242,bank070/012.wav
70,13,15000,45290,3.019,95057242,bank070/013.wav
70,14,15000,34794,2.32,95057242,bank070/014.wav
70,15,12000,45770,3.814,95057242,bank070/015.wav
70,16,15000,31130,2.075,95057242,bank070/016.wav
70,17,12000,39504,3.292,95057242,bank070/017.wav
70,18,12000,20067,1.672,95057242,bank070/018.wav
71,0,22050,9744,0.442,96246532,bank071/000.wav
72,0,12000,46034,3.836,96270824,bank072/000.wav
72,1,12000,27168,2.264,96270824,bank072/001.wav
72,2,12000,35442,2.954,96270824,bank072/002.wav
72,3,12000,22310,1.859,96270824,bank072/003.wav
72,4,12000,32919,2.743,96270824,bank072/004.wav
72,5,12000,18840,1.57,96270824,bank072/005.wav
72,6,12000,36274,3.023,96270824,bank072/006.wav
72,7,12000,34688,2.891,96270824,bank072/007.wav
72,8,12000,38339,3.195,96270824,bank072/008.wav
72,9,15000,28213,1.881,96270824,bank072/009.wav
72,10,12000,34968,2.914,96270824,bank072/010.wav
72,11,15000,12473,0.832,96270824,bank072/011.wav
72,12,12000,15285,1.274,96270824,bank072/012.wav
72,13,12000,30843,2.57,96270824,bank072/013.wav
72,14,12000,33400,2.783,96270824,bank072/014.wav
72,15,15000,14700,0.98,96270824,bank072/015.wav
72,16,12000,54304,4.525,96270824,bank072/016.wav
72,17,12000,26456,2.205,96270824,bank072/017.wav
72,18,12000,40298,3.358,96270824,bank072/018.wav
72,19,12000,40102,3.342,96270824,bank072/019.wav
72,20,12000,17353,1.446,96270824,bank072/020.wav
72,21,12000,24355,2.03,96270824,bank072/021.wav
72,22,12000,31565,2.63,96270824,bank072/022.wav
72,23,12000,36449,3.037,96270824,bank072/023.wav
72,24,12000,29570,2.464,96270824,bank072/024.wav
72,25,12000,31309,2.609,96270824,bank072/025.wav
72,26,12000,27165,2.264,96270824,bank072/026.wav
72,27,15000,12763,0.851,96270824,bank072/027.wav
72,28,12000,55637,4.636,96270824,bank072/028.wav
72,29,15000,21128,1.409,96270824,bank072/029.wav
72,30,12000,43074,3.59,96270824,bank072/030.wav
72,31,12000,28570,2.381,96270824,bank072/031.wav
72,32,15000,39642,2.643,96270824,bank072/032.wav
72,33,15000,43597,2.906,96270824,bank072/033.wav
72,34,15000,10147,0.676,96270824,bank072/034.wav
72,35,12000,30413,2.534,96270824,bank072/035.wav
72,36,12000,50249,4.187,96270824,bank072/036.wav
72,37,12000,47588,3.966,96270824,bank072/037.wav
72,38,15000,22260,1.484,96270824,bank072/038.wav
72,39,12000,6688,0.557,96270824,bank072/039.wav
72,40,12000,10759,0.897,96270824,bank072/040.wav
72,41,12000,10877,0.906,96270824,bank072/041.wav
72,42,12000,16510,1.376,96270824,bank072/042.wav
72,43,15000,16204,1.08,96270824,bank072/043.wav
72,44,12000,9567,0.797,96270824,bank072/044.wav
72,45,12000,24037,2.003,96270824,bank072/045.wav
72,46,12000,22210,1.851,96270824,bank072/046.wav
72,47,12000,48208,4.017,96270824,bank072/047.wav
72,48,15000,22813,1.521,96270824,bank072/048.wav
72,49,12000,14513,1.209,96270824,bank072/049.wav
72,50,15000,5688,0.379,96270824,bank072/050.wav
72,51,12000,25163,2.097,96270824,bank072/051.wav
72,52,15000,7273,0.485,96270824,bank072/052.wav
72,53,12000,8919,0.743,96270824,bank072/053.wav
72,54,12000,25079,2.09,96270824,bank072/054.wav
72,55,12000,39746,3.312,96270824,bank072/055.wav
72,56,12000,38929,3.244,96270824,bank072/056.wav
72,57,12000,35982,2.998,96270824,bank072/057.wav
72,58,12000,22720,1.893,96270824,bank072/058.wav
72,59,12000,22172,1.848,96270824,bank072/059.wav
72,60,12000,37223,3.102,96270824,bank072/060.wav
72,61,12000,46491,3.874,96270824,bank072/061.wav
72,62,15000,32446,2.163,96270824,bank072/062.wav
72,63,15000,14066,0.938,96270824,bank072/063.wav
72,64,12000,34380,2.865,96270824,bank072/064.wav
72,65,15000,36233,2.416,96270824,bank072/065.wav
72,66,12000,47218,3.935,96270824,bank072/066.wav
72,67,12000,53158,4.43,96270824,bank072/067.wav
72,68,15000,56253,3.75,96270824,bank072/068.wav
72,69,12000,24737,2.061,96270824,bank072/069.wav
72,70,12000,20502,1.708,96270824,bank072/070.wav
72,71,12000,26513,2.209,96270824,bank072/071.wav
72,72,12000,22107,1.842,96270824,bank072/072.wav
72,73,15000,25880,1.725,96270824,bank072/073.wav
72,74,12000,28298,2.358,96270824,bank072/074.wav
72,75,12000,25448,2.121,96270824,bank072/075.wav
72,76,12000,29420,2.452,96270824,bank072/076.wav
72,77,12000,13230,1.103,96270824,bank072/077.wav
72,78,12000,42920,3.577,96270824,bank072/078.wav
72,79,12000,17059,1.422,96270824,bank072/079.wav
72,80,15000,24702,1.647,96270824,bank072/080.wav
72,81,15000,15250,1.017,96270824,bank072/081.wav
72,82,12000,20908,1.742,96270824,bank072/082.wav
72,83,12000,14017,1.168,96270824,bank072/083.wav
72,84,12000,33485,2.79,96270824,bank072/084.wav
72,85,12000,31183,2.599,96270824,bank072/085.wav
72,86,12000,32787,2.732,96270824,bank072/086.wav
72,87,12000,46467,3.872,96270824,bank072/087.wav
72,88,15000,29423,1.962,96270824,bank072/088.wav
72,89,12000,20263,1.689,96270824,bank072/089.wav
72,90,12000,8234,0.686,96270824,bank072/090.wav
72,91,12000,20384,1.699,96270824,bank072/091.wav
72,92,12000,13843,1.154,96270824,bank072/092.wav
72,93,12000,15497,1.291,96270824,bank072/093.wav
72,94,12000,27265,2.272,96270824,bank072/094.wav
72,95,12000,12684,1.057,96270824,bank072/095.wav
72,96,12000,25258,2.105,96270824,bank072/096.wav
72,97,15000,7469,0.498,96270824,bank072/097.wav
72,98,12000,28280,2.357,96270824,bank072/098.wav
72,99,12000,40059,3.338,96270824,bank072/099.wav
72,100,12000,46365,3.864,96270824,bank072/100.wav
72,101,12000,40393,3.366,96270824,bank072/101.wav
72,102,15000,10963,0.731,96270824,bank072/102.wav
72,103,15000,20180,1.345,96270824,bank072/103.wav
72,104,12000,39095,3.258,96270824,bank072/104.wav
73,0,12000,18742,1.562,102111594,bank073/000.wav
73,1,12000,26096,2.175,102111594,bank073/001.wav
73,2,12000,23454,1.954,102111594,bank073/002.wav
73,3,12000,25808,2.151,102111594,bank073/003.wav
73,4,12000,32654,2.721,102111594,bank073/004.wav
73,5,12000,22054,1.838,102111594,bank073/005.wav
73,6,12000,19176,1.598,102111594,bank073/006.wav
73,7,12000,26312,2.193,102111594,bank073/007.wav
73,8,12000,21977,1.831,102111594,bank073/008.wav
73,9,12000,24851,2.071,102111594,bank073/009.wav
73,10,12000,22349,1.862,102111594,bank073/010.wav
73,11,12000,26002,2.167,102111594,bank073/011.wav
73,12,12000,20900,1.742,102111594,bank073/012.wav
73,13,12000,20909,1.742,102111594,bank073/013.wav
73,14,12000,24806,2.067,102111594,bank073/014.wav
74,0,12000,30026,2.502,102828578,bank074/000.wav
74,1,12000,29980,2.498,102828578,bank074/001.wav
74,2,12000,30017,2.501,102828578,bank074/002.wav
74,3,12000,21918,1.827,102828578,bank074/003.wav
75,0,12000,1201,0.1,103057264,bank075/000.wav
75,1,12000,1201,0.1,103057264,bank075/001.wav
75,2,24000,4784,0.199,103057264,bank075/002.wav
75,3,24000,26740,1.114,103057264,bank075/003.wav
75,4,24000,44448,1.852,103057264,bank075/004.wav
75,5,24000,4763,0.198,103057264,bank075/005.wav
75,6,12000,850,0.071,103057264,bank075/006.wav
76,0,22050,19871,0.901,103230042,bank076/000.wav
77,0,12000,30451,2.538,103274588,bank077/000.wav
77,1,15000,47727,3.182,103274588,bank077/001.wav
77,2,12000,26624,2.219,103274588,bank077/002.wav
77,3,15000,27733,1.849,103274588,bank077/003.wav
77,4,12000,28160,2.347,103274588,bank077/004.wav
77,5,12000,16522,1.377,103274588,bank077/005.wav
77,6,15000,23222,1.548,103274588,bank077/006.wav
77,7,12000,15360,1.28,103274588,bank077/007.wav
77,8,12000,19326,1.611,103274588,bank077/008.wav
77,9,12000,26452,2.204,103274588,bank077/009.wav
77,10,15000,31116,2.074,103274588,bank077/010.wav
77,11,12000,32640,2.72,103274588,bank077/011.wav
77,12,12000,29364,2.447,103274588,bank077/012.wav
77,13,12000,30850,2.571,103274588,bank077/013.wav
77,14,15000,25462,1.697,103274588,bank077/014.wav
77,15,12000,27135,2.261,103274588,bank077/015.wav
77,16,12000,41031,3.419,103274588,bank077/016.wav
77,17,12000,36736,3.061,103274588,bank077/017.wav
77,18,12000,29711,2.476,103274588,bank077/018.wav
77,19,12000,21246,1.77,103274588,bank077/019.wav
77,20,12000,25215,2.101,103274588,bank077/020.wav
77,21,12000,40903,3.409,103274588,bank077/021.wav
77,22,12000,46193,3.849,103274588,bank077/022.wav
77,23,12000,46539,3.878,103274588,bank077/023.wav
77,24,12000,24247,2.021,103274588,bank077/024.wav
77,25,12000,26176,2.181,103274588,bank077/025.wav
77,26,15000,27850,1.857,103274588,bank077/026.wav
77,27,15000,45457,3.03,103274588,bank077/027.wav
77,28,15000,37105,2.474,103274588,bank077/028.wav
77,29,12000,15616,1.301,103274588,bank077/029.wav
77,30,15000,43734,2.916,103274588,bank077/030.wav
77,31,12000,27115,2.26,103274588,bank077/031.wav
77,32,15000,28160,1.877,103274588,bank077/032.wav
77,33,12000,24159,2.013,103274588,bank077/033.wav
77,34,12000,35320,2.943,103274588,bank077/034.wav
77,35,12000,20382,1.698,103274588,bank077/035.wav
77,36,15000,28627,1.908,103274588,bank077/036.wav
77,37,15000,44713,2.981,103274588,bank077/037.wav
77,38,15000,37736,2.516,103274588,bank077/038.wav
77,39,15000,23951,1.597,103274588,bank077/039.wav
77,40,12000,37755,3.146,103274588,bank077/040.wav
77,41,12000,25058,2.088,103274588,bank077/041.wav
77,42,12000,16442,1.37,103274588,bank077/042.wav
77,43,12000,6003,0.5,103274588,bank077/043.wav
77,44,12000,12963,1.08,103274588,bank077/044.wav
77,45,15000,27279,1.819,103274588,bank077/045.wav
77,46,12000,21646,1.804,103274588,bank077/046.wav
77,47,15000,48954,3.264,103274588,bank077/047.wav
77,48,15000,24995,1.666,103274588,bank077/048.wav
77,49,12000,14489,1.207,103274588,bank077/049.wav
77,50,12000,14712,1.226,103274588,bank077/050.wav
77,51,15000,25274,1.685,103274588,bank077/051.wav
77,52,12000,20342,1.695,103274588,bank077/052.wav
77,53,15000,28363,1.891,103274588,bank077/053.wav
77,54,12000,13559,1.13,103274588,bank077/054.wav
77,55,15000,22055,1.47,103274588,bank077/055.wav
78,0,15000,15127,1.008,106431302,bank078/000.wav
78,1,12000,12902,1.075,106431302,bank078/001.wav
78,2,12000,36039,3.003,106431302,bank078/002.wav
78,3,15000,28519,1.901,106431302,bank078/003.wav
78,4,12000,25729,2.144,106431302,bank078/004.wav
78,5,15000,47192,3.146,106431302,bank078/005.wav
78,6,15000,39001,2.6,106431302,bank078/006.wav
78,7,12000,22152,1.846,106431302,bank078/007.wav
78,8,12000,17753,1.479,106431302,bank078/008.wav
78,9,12000,15545,1.295,106431302,bank078/009.wav
78,10,12000,14439,1.203,106431302,bank078/010.wav
78,11,12000,20493,1.708,106431302,bank078/011.wav
78,12,12000,20047,1.671,106431302,bank078/012.wav
78,13,12000,16252,1.354,106431302,bank078/013.wav
78,14,12000,21513,1.793,106431302,bank078/014.wav
78,15,12000,17667,1.472,106431302,bank078/015.wav
78,16,12000,20270,1.689,106431302,bank078/016.wav
78,17,12000,27366,2.28,106431302,bank078/017.wav
78,18,12000,26347,2.196,106431302,bank078/018.wav
78,19,15000,26956,1.797,106431302,bank078/019.wav
78,20,12000,27894,2.325,106431302,bank078/020.wav
78,21,12000,23409,1.951,106431302,bank078/021.wav
78,22,12000,24098,2.008,106431302,bank078/022.wav
79,0,15000,33152,2.21,107529526,bank079/000.wav
79,1,12000,10976,0.915,107529526,bank079/001.wav
79,2,22050,27520,1.248,107529526,bank079/002.wav
79,3,18000,1751,0.097,107529526,bank079/003.wav
79,4,22050,5264,0.239,107529526,bank079/004.wav
79,5,22050,5248,0.238,107529526,bank079/005.wav
79,6,22050,5616,0.255,107529526,bank079/006.wav
79,7,22050,8622,0.391,107529526,bank079/007.wav
80,0,12000,15755,1.313,107730628,bank080/000.wav
80,1,12000,22709,1.892,107730628,bank080/001.wav
80,2,12000,12625,1.052,107730628,bank080/002.wav
80,3,12000,19248,1.604,107730628,bank080/003.wav
80,4,12000,14491,1.208,107730628,bank080/004.wav
80,5,12000,22925,1.91,107730628,bank080/005.wav
80,6,12000,16464,1.372,107730628,bank080/006.wav
80,7,12000,15248,1.271,107730628,bank080/007.wav
80,8,12000,21411,1.784,107730628,bank080/008.wav
80,9,12000,20069,1.672,107730628,bank080/009.wav
80,10,12000,21087,1.757,107730628,bank080/010.wav
80,11,12000,21573,1.798,107730628,bank080/011.wav
80,12,15000,23679,1.579,107730628,bank080/012.wav
80,13,12000,18398,1.533,107730628,bank080/013.wav
80,14,12000,41515,3.46,107730628,bank080/014.wav
80,15,12000,20927,1.744,107730628,bank080/015.wav
80,16,12000,41411,3.451,107730628,bank080/016.wav
80,17,12000,28981,2.415,107730628,bank080/017.wav
80,18,12000,37604,3.134,107730628,bank080/018.wav
80,19,12000,38014,3.168,107730628,bank080/019.wav
80,20,12000,25442,2.12,107730628,bank080/020.wav
80,21,12000,22867,1.906,107730628,bank080/021.wav
80,22,12000,21627,1.802,107730628,bank080/022.wav
80,23,12000,27433,2.286,107730628,bank080/023.wav
80,24,12000,24009,2.001,107730628,bank080/024.wav
80,25,12000,32787,2.732,107730628,bank080/025.wav
81,0,12000,21543,1.795,108992030,bank081/000.wav
81,1,12000,21189,1.766,108992030,bank081/001.wav
81,2,12000,41237,3.436,108992030,bank081/002.wav
81,3,12000,20620,1.718,108992030,bank081/003.wav
81,4,12000,20064,1.672,108992030,bank081/004.wav
81,5,12000,17109,1.426,108992030,bank081/005.wav
81,6,12000,19900,1.658,108992030,bank081/006.wav
81,7,12000,25822,2.152,108992030,bank081/007.wav
81,8,12000,42482,3.54,108992030,bank081/008.wav
81,9,12000,20553,1.713,108992030,bank081/009.wav
81,10,12000,18494,1.541,108992030,bank081/010.wav
81,11,12000,10479,0.873,108992030,bank081/011.wav
81,12,12000,39574,3.298,108992030,bank081/012.wav
81,13,15000,47013,3.134,108992030,bank081/013.wav
81,14,15000,35282,2.352,108992030,bank081/014.wav
81,15,15000,37850,2.523,108992030,bank081/015.wav
81,16,12000,40248,3.354,108992030,bank081/016.wav
82,0,15000,55128,3.675,109955752,bank082/000.wav
82,1,15000,18985,1.266,109955752,bank082/001.wav
82,2,12000,27175,2.265,109955752,bank082/002.wav
82,3,12000,33414,2.784,109955752,bank082/003.wav
82,4,12000,35879,2.99,109955752,bank082/004.wav
82,5,12000,22916,1.91,109955752,bank082/005.wav
82,6,12000,9169,0.764,109955752,bank082/006.wav
82,7,12000,14903,1.242,109955752,bank082/007.wav
82,8,12000,18459,1.538,109955752,bank082/008.wav
82,9,12000,30981,2.582,109955752,bank082/009.wav
82,10,12000,14316,1.193,109955752,bank082/010.wav
82,11,12000,34927,2.911,109955752,bank082/011.wav
82,12,12000,22374,1.865,109955752,bank082/012.wav
82,13,12000,33377,2.781,109955752,bank082/013.wav
82,14,15000,18770,1.251,109955752,bank082/014.wav
82,15,12000,33105,2.759,109955752,bank082/015.wav
82,16,15000,43298,2.887,109955752,bank082/016.wav
82,17,12000,26374,2.198,109955752,bank082/017.wav
82,18,12000,54495,4.541,109955752,bank082/018.wav
82,19,15000,14622,0.975,109955752,bank082/019.wav
82,20,15000,10763,0.718,109955752,bank082/020.wav
82,21,12000,24006,2.001,109955752,bank082/021.wav
82,22,12000,22903,1.909,109955752,bank082/022.wav
82,23,12000,31098,2.591,109955752,bank082/023.wav
82,24,15000,17277,1.152,109955752,bank082/024.wav
82,25,15000,22263,1.484,109955752,bank082/025.wav
82,26,15000,29294,1.953,109955752,bank082/026.wav
82,27,12000,11138,0.928,109955752,bank082/027.wav
82,28,12000,19248,1.604,109955752,bank082/028.wav
82,29,12000,41138,3.428,109955752,bank082/029.wav
82,30,15000,28781,1.919,109955752,bank082/030.wav
82,31,12000,25737,2.145,109955752,bank082/031.wav
82,32,12000,16254,1.355,109955752,bank082/032.wav
82,33,12000,30062,2.505,109955752,bank082/033.wav
82,34,15000,21361,1.424,109955752,bank082/034.wav
83,0,15000,17097,1.14,111788536,bank083/000.wav
83,1,15000,17711,1.181,111788536,bank083/001.wav
83,2,15000,11882,0.792,111788536,bank083/002.wav
83,3,12000,49982,4.165,111788536,bank083/003.wav
83,4,12000,15562,1.297,111788536,bank083/004.wav
83,5,12000,29970,2.498,111788536,bank083/005.wav
83,6,12000,7651,0.638,111788536,bank083/006.wav
83,7,12000,22083,1.84,111788536,bank083/007.wav
83,8,12000,49900,4.158,111788536,bank083/008.wav
83,9,8000,25501,3.188,111788536,bank083/009.wav
83,10,8000,18738,2.342,111788536,bank083/010.wav
83,11,8000,27129,3.391,111788536,bank083/011.wav
83,12,8000,26089,3.261,111788536,bank083/012.wav
83,13,8000,24930,3.116,111788536,bank083/013.wav
83,14,8000,13733,1.717,111788536,bank083/014.wav
83,15,15000,40191,2.679,111788536,bank083/015.wav
83,16,15000,22181,1.479,111788536,bank083/016.wav
84,0,12000,34526,2.877,112634000,bank084/000.wav
84,1,15000,28904,1.927,112634000,bank084/001.wav
84,2,12000,40209,3.351,112634000,bank084/002.wav
84,3,15000,54826,3.655,112634000,bank084/003.wav
84,4,12000,21039,1.753,112634000,bank084/004.wav
84,5,12000,14832,1.236,112634000,bank084/005.wav
84,6,12000,22769,1.897,112634000,bank084/006.wav
84,7,12000,18950,1.579,112634000,bank084/007.wav
85,0,12000,22157,1.846,113110914,bank085/000.wav
85,1,15000,13703,0.914,113110914,bank085/001.wav
85,2,12000,29247,2.437,113110914,bank085/002.wav
85,3,15000,20799,1.387,113110914,bank085/003.wav
85,4,12000,53456,4.455,113110914,bank085/004.wav
85,5,15000,12256,0.817,113110914,bank085/005.wav
85,6,12000,25513,2.126,113110914,bank085/006.wav
85,7,15000,16142,1.076,113110914,bank085/007.wav
85,8,12000,11769,0.981,113110914,bank085/008.wav
85,9,12000,25938,2.162,113110914,bank085/009.wav
85,10,12000,33641,2.803,113110914,bank085/010.wav
85,11,15000,41000,2.733,113110914,bank085/011.wav
85,12,12000,12414,1.034,113110914,bank085/012.wav
85,13,15000,10080,0.672,113110914,bank085/013.wav
85,14,12000,3190,0.266,113110914,bank085/014.wav
85,15,15000,39347,2.623,113110914,bank085/015.wav
85,16,15000,14389,0.959,113110914,bank085/016.wav
85,17,12000,28389,2.366,113110914,bank085/017.wav
85,18,12000,27105,2.259,113110914,bank085/018.wav
85,19,12000,14768,1.231,113110914,bank085/019.wav
85,20,15000,22012,1.467,113110914,bank085/020.wav
85,21,12000,32682,2.724,113110914,bank085/021.wav
85,22,12000,24219,2.018,113110914,bank085/022.wav
85,23,15000,9005,0.6,113110914,bank085/023.wav
85,24,12000,46112,3.843,113110914,bank085/024.wav
85,25,15000,30720,2.048,113110914,bank085/025.wav
85,26,12000,15815,1.318,113110914,bank085/026.wav
85,27,12000,20935,1.745,113110914,bank085/027.wav
85,28,12000,32070,2.672,113110914,bank085/028.wav
85,29,15000,14844,0.99,113110914,bank085/029.wav
85,30,12000,33525,2.794,113110914,bank085/030.wav
85,31,12000,27793,2.316,113110914,bank085/031.wav
85,32,12000,12750,1.062,113110914,bank085/032.wav
85,33,12000,45054,3.755,113110914,bank085/033.wav
85,34,15000,18828,1.255,113110914,bank085/034.wav
85,35,15000,18578,1.239,113110914,bank085/035.wav
85,36,12000,36206,3.017,113110914,bank085/036.wav
85,37,15000,14321,0.955,113110914,bank085/037.wav
85,38,12000,16445,1.37,113110914,bank085/038.wav
85,39,12000,39445,3.287,113110914,bank085/039.wav
85,40,12000,26598,2.216,113110914,bank085/040.wav
85,41,15000,28243,1.883,113110914,bank085/041.wav
85,42,12000,9289,0.774,113110914,bank085/042.wav
85,43,12000,15279,1.273,113110914,bank085/043.wav
85,44,12000,9919,0.827,113110914,bank085/044.wav
85,45,12000,42056,3.505,113110914,bank085/045.wav
85,46,12000,11104,0.925,113110914,bank085/046.wav
85,47,12000,29885,2.49,113110914,bank085/047.wav
85,48,12000,19904,1.659,113110914,bank085/048.wav
85,49,12000,23555,1.963,113110914,bank085/049.wav
85,50,12000,15726,1.31,113110914,bank085/050.wav
85,51,12000,19162,1.597,113110914,bank085/051.wav
85,52,12000,7707,0.642,113110914,bank085/052.wav
85,53,12000,12969,1.081,113110914,bank085/053.wav
85,54,12000,14079,1.173,113110914,bank085/054.wav
85,55,12000,13076,1.09,113110914,bank085/055.wav
85,56,12000,29062,2.422,113110914,bank085/056.wav
85,57,12000,9169,0.764,113110914,bank085/057.wav
85,58,15000,12610,0.841,113110914,bank085/058.wav
85,59,12000,25488,2.124,113110914,bank085/059.wav
85,60,12000,19058,1.588,113110914,bank085/060.wav
85,61,15000,14469,0.965,113110914,bank085/061.wav
85,62,12000,35797,2.983,113110914,bank085/062.wav
85,63,15000,50094,3.34,113110914,bank085/063.wav
85,64,12000,38565,3.214,113110914,bank085/064.wav
85,65,15000,7602,0.507,113110914,bank085/065.wav
85,66,12000,28544,2.379,113110914,bank085/066.wav
85,67,12000,24798,2.067,113110914,bank085/067.wav
85,68,15000,19225,1.282,113110914,bank085/068.wav
85,69,12000,6835,0.57,113110914,bank085/069.wav
85,70,12000,44510,3.709,113110914,bank085/070.wav
85,71,12000,36792,3.066,113110914,bank085/071.wav
85,72,15000,34197,2.28,113110914,bank085/072.wav
85,73,15000,30422,2.028,113110914,bank085/073.wav
85,74,12000,47506,3.959,113110914,bank085/074.wav
85,75,15000,9164,0.611,113110914,bank085/075.wav
85,76,12000,42784,3.565,113110914,bank085/076.wav
85,77,12000,35572,2.964,113110914,bank085/077.wav
85,78,12000,42098,3.508,113110914,bank085/078.wav
85,79,15000,45031,3.002,113110914,bank085/079.wav
85,80,12000,37379,3.115,113110914,bank085/080.wav
85,81,15000,16280,1.085,113110914,bank085/081.wav
85,82,12000,14489,1.207,113110914,bank085/082.wav
85,83,12000,12721,1.06,113110914,bank085/083.wav
85,84,12000,16430,1.369,113110914,bank085/084.wav
85,85,12000,24618,2.051,113110914,bank085/085.wav
85,86,12000,24107,2.009,113110914,bank085/086.wav
85,87,12000,36644,3.054,113110914,bank085/087.wav
85,88,12000,27603,2.3,113110914,bank085/088.wav
85,89,15000,29497,1.966,113110914,bank085/089.wav
85,90,12000,11873,0.989,113110914,bank085/090.wav
85,91,15000,19981,1.332,113110914,bank085/091.wav
85,92,12000,14479,1.207,113110914,bank085/092.wav
85,93,12000,37214,3.101,113110914,bank085/093.wav
85,94,12000,11626,0.969,113110914,bank085/094.wav
85,95,12000,20381,1.698,113110914,bank085/095.wav
85,96,12000,12204,1.017,113110914,bank085/096.wav
85,97,12000,12419,1.035,113110914,bank085/097.wav
85,98,12000,18167,1.514,113110914,bank085/098.wav
85,99,12000,8642,0.72,113110914,bank085/099.wav
85,100,12000,12469,1.039,113110914,bank085/100.wav
85,101,12000,14135,1.178,113110914,bank085/101.wav
85,102,12000,10196,0.85,113110914,bank085/102.wav
85,103,12000,12736,1.061,113110914,bank085/103.wav
85,104,12000,18966,1.581,113110914,bank085/104.wav
85,105,12000,35338,2.945,113110914,bank085/105.wav
85,106,15000,19886,1.326,113110914,bank085/106.wav
85,107,12000,30679,2.557,113110914,bank085/107.wav
85,108,12000,37506,3.126,113110914,bank085/108.wav
85,109,12000,6460,0.538,113110914,bank085/109.wav
85,110,15000,10530,0.702,113110914,bank085/110.wav
85,111,12000,36896,3.075,113110914,bank085/111.wav
85,112,12000,21955,1.83,113110914,bank085/112.wav
85,113,15000,28469,1.898,113110914,bank085/113.wav
85,114,12000,27529,2.294,113110914,bank085/114.wav
85,115,15000,19707,1.314,113110914,bank085/115.wav
85,116,15000,11856,0.79,113110914,bank085/116.wav
85,117,12000,29923,2.494,113110914,bank085/117.wav
85,118,15000,23127,1.542,113110914,bank085/118.wav
85,119,12000,53905,4.492,113110914,bank085/119.wav
85,120,12000,33610,2.801,113110914,bank085/120.wav
85,121,12000,26807,2.234,113110914,bank085/121.wav
85,122,12000,21959,1.83,113110914,bank085/122.wav
85,123,12000,16561,1.38,113110914,bank085/123.wav
85,124,12000,14721,1.227,113110914,bank085/124.wav
85,125,12000,18496,1.541,113110914,bank085/125.wav
85,126,12000,18815,1.568,113110914,bank085/126.wav
85,127,12000,16322,1.36,113110914,bank085/127.wav
85,128,15000,19595,1.306,113110914,bank085/128.wav
85,129,12000,49408,4.117,113110914,bank085/129.wav
85,130,15000,17908,1.194,113110914,bank085/130.wav
85,131,12000,19970,1.664,113110914,bank085/131.wav
85,132,12000,12706,1.059,113110914,bank085/132.wav
85,133,12000,18329,1.527,113110914,bank085/133.wav
85,134,12000,11792,0.983,113110914,bank085/134.wav
85,135,12000,21648,1.804,113110914,bank085/135.wav
86,0,12000,10707,0.892,119440266,bank086/000.wav
86,1,15000,14530,0.969,119440266,bank086/001.wav
86,2,15000,55500,3.7,119440266,bank086/002.wav
86,3,12000,40359,3.363,119440266,bank086/003.wav
86,4,15000,29259,1.951,119440266,bank086/004.wav
86,5,15000,27574,1.838,119440266,bank086/005.wav
86,6,15000,55497,3.7,119440266,bank086/006.wav
86,7,12000,20848,1.737,119440266,bank086/007.wav
86,8,12000,10162,0.847,119440266,bank086/008.wav
86,9,12000,42260,3.522,119440266,bank086/009.wav
86,10,12000,33719,2.81,119440266,bank086/010.wav
86,11,12000,16907,1.409,119440266,bank086/011.wav
86,12,12000,22370,1.864,119440266,bank086/012.wav
86,13,12000,13035,1.086,119440266,bank086/013.wav
86,14,12000,17086,1.424,119440266,bank086/014.wav
86,15,12000,44992,3.749,119440266,bank086/015.wav
86,16,12000,14011,1.168,119440266,bank086/016.wav
86,17,15000,52178,3.479,119440266,bank086/017.wav
86,18,15000,46049,3.07,119440266,bank086/018.wav
86,19,12000,42089,3.507,119440266,bank086/019.wav
87,0,22100,15738,0.712,120663334,bank087/000.wav
87,1,22100,16407,0.742,120663334,bank087/001.wav
87,2,22100,10295,0.466,120663334,bank087/002.wav
87,3,22100,14834,0.671,120663334,bank087/003.wav
88,0,22038,14840,0.673,120782686,bank088/000.wav
88,1,8000,13746,1.718,120782686,bank088/001.wav
88,2,8000,14933,1.867,120782686,bank088/002.wav
88,3,8000,14250,1.781,120782686,bank088/003.wav
88,4,8000,12539,1.567,120782686,bank088/004.wav
89,0,8000,28830,3.604,120928106,bank089/000.wav
90,0,12000,45066,3.756,120990570,bank090/000.wav
90,1,12000,10565,0.88,120990570,bank090/001.wav
90,2,15000,16644,1.11,120990570,bank090/002.wav
90,3,12000,18676,1.556,120990570,bank090/003.wav
90,4,15000,25121,1.675,120990570,bank090/004.wav
90,5,12000,41331,3.444,120990570,bank090/005.wav
90,6,15000,13107,0.874,120990570,bank090/006.wav
90,7,12000,39261,3.272,120990570,bank090/007.wav
90,8,12000,30585,2.549,120990570,bank090/008.wav
90,9,12000,21998,1.833,120990570,bank090/009.wav
90,10,12000,28918,2.41,120990570,bank090/010.wav
90,11,15000,23271,1.551,120990570,bank090/011.wav
90,12,12000,34415,2.868,120990570,bank090/012.wav
90,13,15000,43666,2.911,120990570,bank090/013.wav
90,14,12000,28819,2.402,120990570,bank090/014.wav
90,15,12000,9451,0.788,120990570,bank090/015.wav
90,16,15000,18041,1.203,120990570,bank090/016.wav
90,17,12000,28896,2.408,120990570,bank090/017.wav
90,18,12000,20620,1.718,120990570,bank090/018.wav
90,19,15000,31327,2.088,120990570,bank090/019.wav
90,20,15000,25011,1.667,120990570,bank090/020.wav
90,21,15000,42579,2.839,120990570,bank090/021.wav
90,22,12000,25049,2.087,120990570,bank090/022.wav
90,23,12000,17485,1.457,120990570,bank090/023.wav
90,24,12000,25159,2.097,120990570,bank090/024.wav
90,25,12000,22595,1.883,120990570,bank090/025.wav
90,26,12000,28472,2.373,120990570,bank090/026.wav
90,27,12000,14030,1.169,120990570,bank090/027.wav
90,28,12000,32817,2.735,120990570,bank090/028.wav
90,29,12000,26853,2.238,120990570,bank090/029.wav
90,30,12000,29483,2.457,120990570,bank090/030.wav
90,31,12000,13698,1.141,120990570,bank090/031.wav
90,32,12000,22070,1.839,120990570,bank090/032.wav
90,33,12000,11943,0.995,120990570,bank090/033.wav
90,34,12000,16835,1.403,120990570,bank090/034.wav
90,35,12000,26826,2.236,120990570,bank090/035.wav
90,36,12000,17958,1.496,120990570,bank090/036.wav
90,37,12000,26932,2.244,120990570,bank090/037.wav
90,38,12000,16507,1.376,120990570,bank090/038.wav
90,39,12000,29670,2.473,120990570,bank090/039.wav
90,40,12000,17299,1.442,120990570,bank090/040.wav
90,41,12000,14380,1.198,120990570,bank090/041.wav
90,42,12000,22778,1.898,120990570,bank090/042.wav
90,43,12000,16754,1.396,120990570,bank090/043.wav
90,44,12000,13681,1.14,120990570,bank090/044.wav
90,45,12000,16418,1.368,120990570,bank090/045.wav
90,46,12000,23269,1.939,120990570,bank090/046.wav
90,47,12000,33636,2.803,120990570,bank090/047.wav
90,48,12000,16257,1.355,120990570,bank090/048.wav
90,49,12000,32758,2.73,120990570,bank090/049.wav
90,50,12000,17559,1.463,120990570,bank090/050.wav
90,51,12000,21973,1.831,120990570,bank090/051.wav
90,52,12000,24335,2.028,120990570,bank090/052.wav
90,53,12000,21463,1.789,120990570,bank090/053.wav
90,54,12000,25580,2.132,120990570,bank090/054.wav
90,55,12000,34967,2.914,120990570,bank090/055.wav
90,56,12000,31892,2.658,120990570,bank090/056.wav
90,57,12000,16464,1.372,120990570,bank090/057.wav
90,58,12000,32530,2.711,120990570,bank090/058.wav
90,59,12000,13993,1.166,120990570,bank090/059.wav
90,60,15000,32453,2.164,120990570,bank090/060.wav
90,61,15000,17001,1.133,120990570,bank090/061.wav
90,62,12000,19946,1.662,120990570,bank090/062.wav
90,63,15000,36041,2.403,120990570,bank090/063.wav
90,64,12000,35284,2.94,120990570,bank090/064.wav
90,65,12000,47853,3.988,120990570,bank090/065.wav
90,66,12000,38089,3.174,120990570,bank090/066.wav
90,67,15000,54159,3.611,120990570,bank090/067.wav
90,68,12000,31017,2.585,120990570,bank090/068.wav
90,69,12000,40444,3.37,120990570,bank090/069.wav
90,70,12000,34875,2.906,120990570,bank090/070.wav
90,71,12000,36471,3.039,120990570,bank090/071.wav
90,72,12000,53918,4.493,120990570,bank090/072.wav
91,0,12000,31026,2.586,124849948,bank091/000.wav
91,1,12000,16869,1.406,124849948,bank091/001.wav
91,2,15000,31042,2.069,124849948,bank091/002.wav
91,3,12000,6068,0.506,124849948,bank091/003.wav
91,4,15000,25676,1.712,124849948,bank091/004.wav
91,5,12000,17283,1.44,124849948,bank091/005.wav
91,6,15000,42811,2.854,124849948,bank091/006.wav
91,7,12000,29093,2.424,124849948,bank091/007.wav
91,8,12000,22391,1.866,124849948,bank091/008.wav
91,9,15000,29369,1.958,124849948,bank091/009.wav
91,10,12000,17109,1.426,124849948,bank091/010.wav
91,11,15000,26313,1.754,124849948,bank091/011.wav
91,12,12000,24123,2.01,124849948,bank091/012.wav
91,13,12000,21356,1.78,124849948,bank091/013.wav
91,14,12000,22888,1.907,124849948,bank091/014.wav
91,15,15000,22308,1.487,124849948,bank091/015.wav
91,16,12000,29710,2.476,124849948,bank091/016.wav
91,17,12000,21239,1.77,124849948,bank091/017.wav
91,18,12000,39535,3.295,124849948,bank091/018.wav
91,19,12000,18666,1.556,124849948,bank091/019.wav
91,20,12000,18414,1.534,124849948,bank091/020.wav
91,21,12000,49647,4.137,124849948,bank091/021.wav
91,22,12000,36088,3.007,124849948,bank091/022.wav
91,23,12000,46020,3.835,124849948,bank091/023.wav
91,24,12000,20179,1.682,124849948,bank091/024.wav
91,25,12000,51705,4.309,124849948,bank091/025.wav
91,26,12000,23173,1.931,124849948,bank091/026.wav
91,27,12000,20518,1.71,124849948,bank091/027.wav
91,28,12000,12983,1.082,124849948,bank091/028.wav
91,29,12000,34869,2.906,124849948,bank091/029.wav
91,30,15000,33838,2.256,124849948,bank091/030.wav
91,31,12000,37663,3.139,124849948,bank091/031.wav
91,32,12000,21755,1.813,124849948,bank091/032.wav
91,33,12000,16880,1.407,124849948,bank091/033.wav
91,34,12000,21021,1.752,124849948,bank091/034.wav
91,35,12000,29157,2.43,124849948,bank091/035.wav
91,36,12000,15677,1.306,124849948,bank091/036.wav
91,37,12000,21346,1.779,124849948,bank091/037.wav
91,38,12000,28149,2.346,124849948,bank091/038.wav
91,39,12000,23818,1.985,124849948,bank091/039.wav
91,40,12000,18221,1.518,124849948,bank091/040.wav
91,41,12000,14634,1.22,124849948,bank091/041.wav
91,42,12000,31967,2.664,124849948,bank091/042.wav
91,43,15000,24335,1.622,124849948,bank091/043.wav
91,44,15000,13715,0.914,124849948,bank091/044.wav
91,45,12000,25409,2.117,124849948,bank091/045.wav
91,46,12000,17453,1.454,124849948,bank091/046.wav
91,47,12000,26750,2.229,124849948,bank091/047.wav
91,48,12000,8734,0.728,124849948,bank091/048.wav
92,0,12000,21103,1.759,127332738,bank092/000.wav
92,1,12000,29121,2.427,127332738,bank092/001.wav
92,2,12000,18371,1.531,127332738,bank092/002.wav
92,3,12000,23734,1.978,127332738,bank092/003.wav
92,4,12000,12792,1.066,127332738,bank092/004.wav
92,5,12000,20024,1.669,127332738,bank092/005.wav
92,6,12000,13623,1.135,127332738,bank092/006.wav
92,7,12000,14398,1.2,127332738,bank092/007.wav
92,8,12000,13467,1.122,127332738,bank092/008.wav
92,9,12000,21577,1.798,127332738,bank092/009.wav
92,10,12000,11734,0.978,127332738,bank092/010.wav
92,11,12000,25293,2.108,127332738,bank092/011.wav
92,12,12000,15425,1.285,127332738,bank092/012.wav
92,13,12000,24658,2.055,127332738,bank092/013.wav
92,14,12000,14187,1.182,127332738,bank092/014.wav
92,15,12000,23090,1.924,127332738,bank092/015.wav
92,16,12000,17919,1.493,127332738,bank092/016.wav
92,17,12000,15756,1.313,127332738,bank092/017.wav
92,18,12000,23866,1.989,127332738,bank092/018.wav
92,19,12000,16441,1.37,127332738,bank092/019.wav
92,20,12000,18421,1.535,127332738,bank092/020.wav
92,21,12000,14250,1.188,127332738,bank092/021.wav
92,22,12000,16170,1.347,127332738,bank092/022.wav
92,23,12000,24246,2.021,127332738,bank092/023.wav
92,24,12000,24370,2.031,127332738,bank092/024.wav
93,0,13548,63009,4.651,128285614,bank093/000.wav
94,0,12000,6955,0.58,128416436,bank094/000.wav
94,1,12000,13594,1.133,128416436,bank094/001.wav
94,2,18000,32447,1.803,128416436,bank094/002.wav
94,3,12000,7965,0.664,128416436,bank094/003.wav
94,4,11517,62999,5.47,128416436,bank094/004.wav
95,0,44100,5444,0.123,128669160,bank095/000.wav
95,1,22050,4768,0.216,128669160,bank095/001.wav
95,2,22050,6964,0.316,128669160,bank095/002.wav
96,0,12000,36062,3.005,128708316,bank096/000.wav
96,1,12000,30018,2.502,128708316,bank096/001.wav
96,2,12000,48755,4.063,128708316,bank096/002.wav
96,3,12000,32744,2.729,128708316,bank096/003.wav
96,4,12000,47809,3.984,128708316,bank096/004.wav
96,5,12000,31871,2.656,128708316,bank096/005.wav
96,6,12000,38966,3.247,128708316,bank096/006.wav
96,7,12000,38809,3.234,128708316,bank096/007.wav
97,0,12000,11836,0.986,129323188,bank097/000.wav
97,1,12000,16660,1.388,129323188,bank097/001.wav
97,2,12000,24073,2.006,129323188,bank097/002.wav
97,3,12000,19101,1.592,129323188,bank097/003.wav
97,4,12000,16870,1.406,129323188,bank097/004.wav
97,5,12000,21082,1.757,129323188,bank097/005.wav
97,6,12000,11056,0.921,129323188,bank097/006.wav
97,7,12000,16870,1.406,129323188,bank097/007.wav
97,8,12000,17529,1.461,129323188,bank097/008.wav
97,9,12000,14156,1.18,129323188,bank097/009.wav
97,10,12000,17556,1.463,129323188,bank097/010.wav
97,11,12000,21082,1.757,129323188,bank097/011.wav
97,12,12000,11056,0.921,129323188,bank097/012.wav
97,13,12000,17556,1.463,129323188,bank097/013.wav
97,14,12000,17529,1.461,129323188,bank097/014.wav
97,15,12000,14156,1.18,129323188,bank097/015.wav
97,16,12000,17732,1.478,129323188,bank097/016.wav
97,17,12000,12152,1.013,129323188,bank097/017.wav
97,18,12000,20269,1.689,129323188,bank097/018.wav
97,19,12000,20661,1.722,129323188,bank097/019.wav
97,20,12000,13287,1.107,129323188,bank097/020.wav
97,21,12000,15762,1.313,129323188,bank097/021.wav
97,22,12000,16162,1.347,129323188,bank097/022.wav
97,23,12000,13287,1.107,129323188,bank097/023.wav
97,24,12000,13551,1.129,129323188,bank097/024.wav
97,25,12000,16072,1.339,129323188,bank097/025.wav
97,26,12000,6214,0.518,129323188,bank097/026.wav
97,27,12000,15762,1.313,129323188,bank097/027.wav
97,28,12000,16162,1.347,129323188,bank097/028.wav
97,29,12000,6214,0.518,129323188,bank097/029.wav
97,30,12000,13551,1.129,129323188,bank097/030.wav
97,31,12000,16072,1.339,129323188,bank097/031.wav
97,32,12000,12848,1.071,129323188,bank097/032.wav
97,33,12000,15762,1.313,129323188,bank097/033.wav
97,34,12000,16162,1.347,129323188,bank097/034.wav
97,35,12000,12848,1.071,129323188,bank097/035.wav
97,36,12000,13551,1.129,129323188,bank097/036.wav
97,37,12000,16072,1.339,129323188,bank097/037.wav
97,38,12000,15762,1.313,129323188,bank097/038.wav
97,39,12000,16162,1.347,129323188,bank097/039.wav
97,40,12000,13551,1.129,129323188,bank097/040.wav
97,41,12000,16072,1.339,129323188,bank097/041.wav
97,42,12000,24007,2.001,129323188,bank097/042.wav
97,43,12000,17346,1.446,129323188,bank097/043.wav
97,44,12000,22327,1.861,129323188,bank097/044.wav
97,45,12000,18144,1.512,129323188,bank097/045.wav
97,46,12000,17346,1.446,129323188,bank097/046.wav
97,47,12000,26406,2.2,129323188,bank097/047.wav
97,48,12000,20123,1.677,129323188,bank097/048.wav
97,49,12000,7145,0.595,129323188,bank097/049.wav
97,50,12000,16544,1.379,129323188,bank097/050.wav
97,51,12000,19424,1.619,129323188,bank097/051.wav
97,52,12000,7145,0.595,129323188,bank097/052.wav
97,53,12000,26645,2.22,129323188,bank097/053.wav
97,54,12000,25512,2.126,129323188,bank097/054.wav
97,55,12000,13461,1.122,129323188,bank097/055.wav
97,56,12000,20621,1.718,129323188,bank097/056.wav
98,0,12000,18275,1.523,131192120,bank098/000.wav
98,1,12000,24547,2.046,131192120,bank098/001.wav
98,2,12000,22795,1.9,131192120,bank098/002.wav
98,3,12000,22862,1.905,131192120,bank098/003.wav
98,4,12000,22676,1.89,131192120,bank098/004.wav
98,5,12000,23844,1.987,131192120,bank098/005.wav
98,6,12000,34106,2.842,131192120,bank098/006.wav
98,7,12000,34603,2.884,131192120,bank098/007.wav
98,8,12000,31143,2.595,131192120,bank098/008.wav
98,9,12000,27164,2.264,131192120,bank098/009.wav
98,10,12000,23790,1.982,131192120,bank098/010.wav
98,11,12000,35198,2.933,131192120,bank098/011.wav
98,12,12000,21849,1.821,131192120,bank098/012.wav
98,13,12000,29824,2.485,131192120,bank098/013.wav
98,14,12000,20762,1.73,131192120,bank098/014.wav
98,15,12000,18924,1.577,131192120,bank098/015.wav
98,16,12000,19681,1.64,131192120,bank098/016.wav
98,17,12000,23358,1.946,131192120,bank098/017.wav
98,18,12000,21303,1.775,131192120,bank098/018.wav
98,19,12000,15248,1.271,131192120,bank098/019.wav
98,20,12000,28440,2.37,131192120,bank098/020.wav
98,21,12000,32441,2.703,131192120,bank098/021.wav
98,22,12000,34387,2.866,131192120,bank098/022.wav
98,23,12000,33090,2.757,131192120,bank098/023.wav
98,24,12000,23574,1.964,131192120,bank098/024.wav
98,25,12000,31143,2.595,131192120,bank098/025.wav
98,26,12000,28981,2.415,131192120,bank098/026.wav
98,27,12000,40956,3.413,131192120,bank098/027.wav
98,28,12000,28548,2.379,131192120,bank098/028.wav
98,29,12000,27250,2.271,131192120,bank098/029.wav
98,30,12000,16805,1.4,131192120,bank098/030.wav
98,31,12000,21411,1.784,131192120,bank098/031.wav
98,32,12000,9732,0.811,131192120,bank098/032.wav
98,33,12000,11014,0.918,131192120,bank098/033.wav
98,34,12000,30278,2.523,131192120,bank098/034.wav
98,35,12000,17702,1.475,131192120,bank098/035.wav
98,36,12000,27651,2.304,131192120,bank098/036.wav
98,37,12000,22925,1.91,131192120,bank098/037.wav
98,38,12000,25088,2.091,131192120,bank098/038.wav
98,39,12000,27899,2.325,131192120,bank098/039.wav
98,40,12000,26818,2.235,131192120,bank098/040.wav
98,41,12000,41740,3.478,131192120,bank098/041.wav
98,42,12000,27413,2.284,131192120,bank098/042.wav
98,43,15000,28846,1.923,131192120,bank098/043.wav
98,44,15000,35041,2.336,131192120,bank098/044.wav
98,45,15000,23371,1.558,131192120,bank098/045.wav
98,46,15000,25855,1.724,131192120,bank098/046.wav
98,47,15000,25628,1.709,131192120,bank098/047.wav
98,48,15000,32479,2.165,131192120,bank098/048.wav
98,49,15000,21865,1.458,131192120,bank098/049.wav
98,50,15000,35351,2.357,131192120,bank098/050.wav
98,51,12000,18924,1.577,131192120,bank098/051.wav
98,52,15000,23421,1.561,131192120,bank098/052.wav
98,53,12000,14956,1.246,131192120,bank098/053.wav
98,54,15000,54340,3.623,131192120,bank098/054.wav
98,55,12000,24104,2.009,131192120,bank098/055.wav
98,56,12000,15805,1.317,131192120,bank098/056.wav
98,57,15000,20634,1.376,131192120,bank098/057.wav
98,58,15000,21077,1.405,131192120,bank098/058.wav
98,59,15000,41975,2.798,131192120,bank098/059.wav
98,60,15000,27792,1.853,131192120,bank098/060.wav
98,61,15000,26941,1.796,131192120,bank098/061.wav
98,62,15000,44951,2.997,131192120,bank098/062.wav
98,63,15000,15339,1.023,131192120,bank098/063.wav
98,64,15000,20261,1.351,131192120,bank098/064.wav
98,65,12000,6646,0.554,131192120,bank098/065.wav
98,66,12000,9516,0.793,131192120,bank098/066.wav
99,0,12000,17941,1.495,134641636,bank099/000.wav
99,1,12000,28552,2.379,134641636,bank099/001.wav
99,2,12000,38019,3.168,134641636,bank099/002.wav
99,3,12000,44195,3.683,134641636,bank099/003.wav
99,4,12000,21204,1.767,134641636,bank099/004.wav
99,5,15000,21114,1.408,134641636,bank099/005.wav
99,6,12000,34185,2.849,134641636,bank099/006.wav
99,7,15000,15115,1.008,134641636,bank099/007.wav
99,8,12000,10104,0.842,134641636,bank099/008.wav
100,0,12000,22014,1.835,135107298,bank100/000.wav
100,1,12000,7122,0.594,135107298,bank100/001.wav
100,2,12000,17432,1.453,135107298,bank100/002.wav
100,3,15000,21214,1.414,135107298,bank100/003.wav
100,4,15000,29107,1.94,135107298,bank100/004.wav
100,5,15000,23160,1.544,135107298,bank100/005.wav
100,6,12000,31636,2.636,135107298,bank100/006.wav
100,7,12000,19591,1.633,135107298,bank100/007.wav
100,8,12000,11818,0.985,135107298,bank100/008.wav
100,9,12000,14310,1.192,135107298,bank100/009.wav
100,10,12000,16150,1.346,135107298,bank100/010.wav
100,11,12000,23086,1.924,135107298,bank100/011.wav
100,12,15000,20620,1.375,135107298,bank100/012.wav
100,13,12000,15658,1.305,135107298,bank100/013.wav
100,14,12000,31676,2.64,135107298,bank100/014.wav
100,15,12000,12283,1.024,135107298,bank100/015.wav
100,16,12000,13007,1.084,135107298,bank100/016.wav
100,17,12000,26142,2.179,135107298,bank100/017.wav
100,18,12000,29314,2.443,135107298,bank100/018.wav
100,19,12000,14624,1.219,135107298,bank100/019.wav
100,20,12000,14624,1.219,135107298,bank100/020.wav
100,21,12000,28271,2.356,135107298,bank100/021.wav
100,22,12000,20873,1.739,135107298,bank100/022.wav
100,23,12000,22851,1.904,135107298,bank100/023.wav
100,24,12000,30505,2.542,135107298,bank100/024.wav
100,25,12000,19173,1.598,135107298,bank100/025.wav
100,26,12000,13993,1.166,135107298,bank100/026.wav
100,27,12000,21762,1.813,135107298,bank100/027.wav
100,28,12000,51013,4.251,135107298,bank100/028.wav
100,29,12000,31961,2.663,135107298,bank100/029.wav
100,30,12000,19102,1.592,135107298,bank100/030.wav
100,31,12000,15370,1.281,135107298,bank100/031.wav
100,32,12000,19496,1.625,135107298,bank100/032.wav
100,33,12000,15574,1.298,135107298,bank100/033.wav
100,34,12000,20226,1.685,135107298,bank100/034.wav
100,35,12000,16304,1.359,135107298,bank100/035.wav
100,36,12000,18321,1.527,135107298,bank100/036.wav
100,37,12000,13645,1.137,135107298,bank100/037.wav
100,38,12000,33827,2.819,135107298,bank100/038.wav
100,39,12000,48147,4.012,135107298,bank100/039.wav
101,0,12000,23572,1.964,136862106,bank101/000.wav
101,1,12000,13357,1.113,136862106,bank101/001.wav
101,2,12000,27631,2.303,136862106,bank101/002.wav
101,3,12000,16109,1.342,136862106,bank101/003.wav
101,4,12000,12794,1.066,136862106,bank101/004.wav
101,5,12000,24356,2.03,136862106,bank101/005.wav
101,6,12000,15584,1.299,136862106,bank101/006.wav
101,7,12000,20626,1.719,136862106,bank101/007.wav
101,8,12000,13742,1.145,136862106,bank101/008.wav
101,9,15000,39419,2.628,136862106,bank101/009.wav
101,10,12000,32401,2.7,136862106,bank101/010.wav
101,11,15000,13114,0.874,136862106,bank101/011.wav
101,12,12000,14977,1.248,136862106,bank101/012.wav
101,13,12000,53993,4.499,136862106,bank101/013.wav
101,14,15000,56976,3.798,136862106,bank101/014.wav
101,15,12000,23983,1.999,136862106,bank101/015.wav
101,16,12000,31780,2.648,136862106,bank101/016.wav
101,17,12000,25697,2.141,136862106,bank101/017.wav
102,0,12000,10300,0.858,137787132,bank102/000.wav
102,1,12000,14673,1.223,137787132,bank102/001.wav
102,2,12000,17000,1.417,137787132,bank102/002.wav
102,3,12000,14427,1.202,137787132,bank102/003.wav
102,4,12000,13987,1.166,137787132,bank102/004.wav
102,5,12000,15853,1.321,137787132,bank102/005.wav
102,6,12000,12643,1.054,137787132,bank102/006.wav
103,0,12000,52368,4.364,137989702,bank103/000.wav
104,0,12000,40048,3.337,138099242,bank104/000.wav
104,1,12000,25093,2.091,138099242,bank104/001.wav
104,2,12000,27909,2.326,138099242,bank104/002.wav
104,3,12000,20182,1.682,138099242,bank104/003.wav
104,4,12000,31789,2.649,138099242,bank104/004.wav
104,5,12000,33166,2.764,138099242,bank104/005.wav
104,6,12000,20611,1.718,138099242,bank104/006.wav
104,7,12000,21131,1.761,138099242,bank104/007.wav
104,8,12000,28593,2.383,138099242,bank104/008.wav
104,9,12000,13836,1.153,138099242,bank104/009.wav
104,10,12000,21770,1.814,138099242,bank104/010.wav
104,11,12000,20602,1.717,138099242,bank104/011.wav
104,12,12000,18997,1.583,138099242,bank104/012.wav
104,13,12000,21468,1.789,138099242,bank104/013.wav
104,14,12000,25646,2.137,138099242,bank104/014.wav
104,15,12000,18520,1.543,138099242,bank104/015.wav
104,16,12000,22938,1.911,138099242,bank104/016.wav
104,17,12000,20080,1.673,138099242,bank104/017.wav
104,18,12000,22860,1.905,138099242,bank104/018.wav
104,19,12000,24486,2.041,138099242,bank104/019.wav
104,20,12000,23185,1.932,138099242,bank104/020.wav
104,21,12000,26504,2.209,138099242,bank104/021.wav
104,22,12000,18971,1.581,138099242,bank104/022.wav
104,23,12000,18451,1.538,138099242,bank104/023.wav
104,24,12000,22096,1.841,138099242,bank104/024.wav
104,25,12000,25527,2.127,138099242,bank104/025.wav
104,26,12000,16901,1.408,138099242,bank104/026.wav
104,27,12000,37206,3.1,138099242,bank104/027.wav
104,28,12000,32818,2.735,138099242,bank104/028.wav
104,29,12000,12516,1.043,138099242,bank104/029.wav
104,30,12000,21152,1.763,138099242,bank104/030.wav
104,31,12000,20760,1.73,138099242,bank104/031.wav
104,32,12000,6098,0.508,138099242,bank104/032.wav
104,33,12000,24434,2.036,138099242,bank104/033.wav
104,34,12000,43767,3.647,138099242,bank104/034.wav
104,35,12000,43674,3.639,138099242,bank104/035.wav
104,36,12000,44614,3.718,138099242,bank104/036.wav
104,37,12000,46094,3.841,138099242,bank104/037.wav
104,38,12000,29989,2.499,138099242,bank104/038.wav
104,39,12000,35149,2.929,138099242,bank104/039.wav
105,0,13462,62929,4.675,140163308,bank105/000.wav
106,0,12000,19768,1.647,140293970,bank106/000.wav
106,1,12000,14017,1.168,140293970,bank106/001.wav
106,2,12000,15380,1.282,140293970,bank106/002.wav
106,3,12000,21282,1.774,140293970,bank106/003.wav
106,4,12000,26488,2.207,140293970,bank106/004.wav
106,5,12000,22726,1.894,140293970,bank106/005.wav
106,6,12000,23933,1.994,140293970,bank106/006.wav
106,7,12000,26911,2.243,140293970,bank106/007.wav
106,8,12000,18753,1.563,140293970,bank106/008.wav
106,9,12000,23823,1.985,140293970,bank106/009.wav
107,0,22050,58849,2.669,140724936,bank107/000.wav
108,0,12000,62944,5.245,140847438,bank108/000.wav
109,0,12000,26437,2.203,140978130,bank109/000.wav
109,1,12000,19034,1.586,140978130,bank109/001.wav
109,2,12000,18483,1.54,140978130,bank109/002.wav
109,3,12000,18483,1.54,140978130,bank109/003.wav
109,4,12000,24962,2.08,140978130,bank109/004.wav
109,5,12000,24581,2.048,140978130,bank109/005.wav
109,6,12000,29188,2.432,140978130,bank109/006.wav
109,7,12000,15973,1.331,140978130,bank109/007.wav
109,8,15000,30057,2.004,140978130,bank109/008.wav
109,9,12000,25526,2.127,140978130,bank109/009.wav
109,10,15000,33460,2.231,140978130,bank109/010.wav
109,11,12000,17302,1.442,140978130,bank109/011.wav
109,12,12000,16864,1.405,140978130,bank109/012.wav
109,13,12000,7137,0.595,140978130,bank109/013.wav
109,14,12000,27899,2.325,140978130,bank109/014.wav
109,15,12000,23352,1.946,140978130,bank109/015.wav
109,16,12000,15248,1.271,140978130,bank109/016.wav
109,17,12000,24481,2.04,140978130,bank109/017.wav
109,18,12000,19460,1.622,140978130,bank109/018.wav
109,19,12000,28637,2.386,140978130,bank109/019.wav
109,20,12000,41510,3.459,140978130,bank109/020.wav
109,21,12000,25953,2.163,140978130,bank109/021.wav
109,22,12000,30052,2.504,140978130,bank109/022.wav
109,23,12000,26524,2.21,140978130,bank109/023.wav
109,24,12000,9084,0.757,140978130,bank109/024.wav
109,25,12000,12003,1.0,140978130,bank109/025.wav
109,26,12000,5760,0.48,140978130,bank109/026.wav
109,27,12000,11355,0.946,140978130,bank109/027.wav
109,28,12000,24006,2.001,140978130,bank109/028.wav
109,29,12000,27575,2.298,140978130,bank109/029.wav
109,30,12000,25044,2.087,140978130,bank109/030.wav
109,31,12000,10706,0.892,140978130,bank109/031.wav
109,32,12000,12003,1.0,140978130,bank109/032.wav
109,33,12000,12003,1.0,140978130,bank109/033.wav
109,34,12000,14274,1.19,140978130,bank109/034.wav
109,35,12000,27250,2.271,140978130,bank109/035.wav
110,0,12000,23799,1.983,142506266,bank110/000.wav
110,1,15000,20126,1.342,142506266,bank110/001.wav
110,2,12000,15372,1.281,142506266,bank110/002.wav
110,3,12000,21276,1.773,142506266,bank110/003.wav
110,4,15000,17249,1.15,142506266,bank110/004.wav
110,5,15000,21646,1.443,142506266,bank110/005.wav
110,6,12000,22204,1.85,142506266,bank110/006.wav
110,7,15000,19590,1.306,142506266,bank110/007.wav
110,8,12000,36067,3.006,142506266,bank110/008.wav
110,9,12000,32011,2.668,142506266,bank110/009.wav
110,10,15000,18552,1.237,142506266,bank110/010.wav
110,11,12000,12820,1.068,142506266,bank110/011.wav
110,12,12000,7001,0.583,142506266,bank110/012.wav
110,13,12000,33049,2.754,142506266,bank110/013.wav
110,14,15000,27277,1.818,142506266,bank110/014.wav
110,15,12000,32698,2.725,142506266,bank110/015.wav
110,16,12000,39189,3.266,142506266,bank110/016.wav
110,17,12000,44953,3.746,142506266,bank110/017.wav
110,18,12000,20770,1.731,142506266,bank110/018.wav
110,19,12000,38473,3.206,142506266,bank110/019.wav
110,20,15000,17295,1.153,142506266,bank110/020.wav
110,21,12000,19762,1.647,142506266,bank110/021.wav
110,22,12000,31853,2.654,142506266,bank110/022.wav
110,23,12000,38280,3.19,142506266,bank110/023.wav
110,24,15000,10617,0.708,142506266,bank110/024.wav
110,25,12000,47830,3.986,142506266,bank110/025.wav
110,26,12000,18265,1.522,142506266,bank110/026.wav
110,27,15000,8100,0.54,142506266,bank110/027.wav
110,28,12000,16075,1.34,142506266,bank110/028.wav
110,29,12000,28408,2.367,142506266,bank110/029.wav
110,30,12000,26698,2.225,142506266,bank110/030.wav
110,31,15000,44083,2.939,142506266,bank110/031.wav
110,32,15000,20810,1.387,142506266,bank110/032.wav
110,33,12000,25175,2.098,142506266,bank110/033.wav
110,34,12000,47398,3.95,142506266,bank110/034.wav
110,35,15000,43410,2.894,142506266,bank110/035.wav
110,36,12000,46495,3.875,142506266,bank110/036.wav
110,37,15000,31886,2.126,142506266,bank110/037.wav
110,38,15000,11451,0.763,142506266,bank110/038.wav
110,39,15000,39982,2.665,142506266,bank110/039.wav
110,40,15000,37404,2.494,142506266,bank110/040.wav
110,41,15000,18526,1.235,142506266,bank110/041.wav
110,42,15000,33514,2.234,142506266,bank110/042.wav
110,43,15000,40968,2.731,142506266,bank110/043.wav
110,44,15000,36506,2.434,142506266,bank110/044.wav
110,45,15000,22626,1.508,142506266,bank110/045.wav
110,46,15000,23157,1.544,142506266,bank110/046.wav
110,47,12000,15868,1.322,142506266,bank110/047.wav
110,48,12000,16267,1.356,142506266,bank110/048.wav
110,49,12000,12260,1.022,142506266,bank110/049.wav
110,50,12000,15291,1.274,142506266,bank110/050.wav
110,51,12000,13519,1.127,142506266,bank110/051.wav
110,52,12000,16511,1.376,142506266,bank110/052.wav
110,53,12000,21386,1.782,142506266,bank110/053.wav
110,54,12000,12957,1.08,142506266,bank110/054.wav
110,55,12000,13097,1.091,142506266,bank110/055.wav
110,56,12000,25775,2.148,142506266,bank110/056.wav
110,57,12000,11906,0.992,142506266,bank110/057.wav
110,58,12000,10064,0.839,142506266,bank110/058.wav
110,59,12000,10215,0.851,142506266,bank110/059.wav
110,60,12000,9769,0.814,142506266,bank110/060.wav
110,61,12000,17307,1.442,142506266,bank110/061.wav
110,62,12000,19006,1.584,142506266,bank110/062.wav
110,63,12000,16382,1.365,142506266,bank110/063.wav
111,0,15000,47108,3.141,145607622,bank111/000.wav
111,1,12000,5754,0.479,145607622,bank111/001.wav
111,2,15000,31751,2.117,145607622,bank111/002.wav
111,3,12000,17279,1.44,145607622,bank111/003.wav
111,4,15000,27667,1.844,145607622,bank111/004.wav
111,5,12000,34483,2.874,145607622,bank111/005.wav
111,6,15000,25970,1.731,145607622,bank111/006.wav
111,7,12000,21894,1.825,145607622,bank111/007.wav
111,8,15000,32408,2.161,145607622,bank111/008.wav
111,9,12000,17199,1.433,145607622,bank111/009.wav
111,10,12000,20512,1.709,145607622,bank111/010.wav
111,11,12000,16203,1.35,145607622,bank111/011.wav
111,12,12000,14804,1.234,145607622,bank111/012.wav
111,13,12000,14917,1.243,145607622,bank111/013.wav
111,14,12000,20698,1.725,145607622,bank111/014.wav
111,15,12000,22195,1.85,145607622,bank111/015.wav
111,16,12000,18875,1.573,145607622,bank111/016.wav
111,17,12000,15238,1.27,145607622,bank111/017.wav
111,18,12000,13282,1.107,145607622,bank111/018.wav
111,19,12000,12130,1.011,145607622,bank111/019.wav
112,0,15000,22815,1.521,146473160,bank112/000.wav
112,1,15000,46820,3.121,146473160,bank112/001.wav
112,2,12000,13872,1.156,146473160,bank112/002.wav
112,3,12000,53989,4.499,146473160,bank112/003.wav
112,4,15000,34502,2.3,146473160,bank112/004.wav
112,5,12000,55803,4.65,146473160,bank112/005.wav
112,6,15000,26402,1.76,146473160,bank112/006.wav
112,7,15000,40228,2.682,146473160,bank112/007.wav
112,8,15000,42009,2.801,146473160,bank112/008.wav
112,9,12000,22344,1.862,146473160,bank112/009.wav
112,10,15000,20585,1.372,146473160,bank112/010.wav
112,11,15000,18567,1.238,146473160,bank112/011.wav
112,12,15000,37899,2.527,146473160,bank112/012.wav
112,13,15000,21587,1.439,146473160,bank112/013.wav
112,14,15000,39427,2.628,146473160,bank112/014.wav
112,15,12000,38089,3.174,146473160,bank112/015.wav
112,16,12000,32778,2.732,146473160,bank112/016.wav
112,17,15000,21017,1.401,146473160,bank112/017.wav
112,18,15000,24569,1.638,146473160,bank112/018.wav
112,19,12000,42089,3.507,146473160,bank112/019.wav
112,20,12000,15569,1.297,146473160,bank112/020.wav
112,21,12000,18565,1.547,146473160,bank112/021.wav
112,22,12000,18207,1.517,146473160,bank112/022.wav
112,23,15000,13057,0.87,146473160,bank112/023.wav
112,24,15000,19557,1.304,146473160,bank112/024.wav
112,25,12000,15168,1.264,146473160,bank112/025.wav
112,26,12000,19181,1.598,146473160,bank112/026.wav
112,27,12000,17158,1.43,146473160,bank112/027.wav
112,28,12000,28487,2.374,146473160,bank112/028.wav
112,29,12000,20431,1.703,146473160,bank112/029.wav
112,30,12000,32966,2.747,146473160,bank112/030.wav
112,31,12000,22339,1.862,146473160,bank112/031.wav
112,32,12000,28105,2.342,146473160,bank112/032.wav
112,33,12000,24067,2.006,146473160,bank112/033.wav
113,0,22050,13920,0.631,148374460,bank113/000.wav
114,0,15000,55952,3.73,148407104,bank114/000.wav
114,1,8000,24511,3.064,148407104,bank114/001.wav
114,2,15000,10988,0.733,148407104,bank114/002.wav
114,3,8000,29100,3.638,148407104,bank114/003.wav
114,4,8000,14635,1.829,148407104,bank114/004.wav
114,5,8000,35487,4.436,148407104,bank114/005.wav
114,6,15000,29275,1.952,148407104,bank114/006.wav
114,7,8000,33738,4.217,148407104,bank114/007.wav
114,8,15000,46263,3.084,148407104,bank114/008.wav
114,9,8000,28697,3.587,148407104,bank114/009.wav
114,10,8000,27678,3.46,148407104,bank114/010.wav
114,11,15000,30659,2.044,148407104,bank114/011.wav
114,12,15000,49396,3.293,148407104,bank114/012.wav
114,13,15000,22467,1.498,148407104,bank114/013.wav
114,14,8000,39037,4.88,148407104,bank114/014.wav
114,15,8000,33036,4.13,148407104,bank114/015.wav
114,16,15000,22720,1.515,148407104,bank114/016.wav
114,17,8000,20717,2.59,148407104,bank114/017.wav
114,18,15000,36565,2.438,148407104,bank114/018.wav
114,19,8000,28260,3.533,148407104,bank114/019.wav
114,20,15000,50807,3.387,148407104,bank114/020.wav
114,21,8000,22781,2.848,148407104,bank114/021.wav
114,22,15000,37418,2.495,148407104,bank114/022.wav
114,23,8000,23358,2.92,148407104,bank114/023.wav
114,24,15000,42369,2.825,148407104,bank114/024.wav
114,25,8000,20762,2.595,148407104,bank114/025.wav
114,26,15000,55957,3.73,148407104,bank114/026.wav
114,27,8000,23073,2.884,148407104,bank114/027.wav
114,28,8000,22381,2.798,148407104,bank114/028.wav
114,29,8000,29629,3.704,148407104,bank114/029.wav
115,0,15000,6647,0.443,150307340,bank115/000.wav
115,1,8000,11744,1.468,150307340,bank115/001.wav
115,2,8000,9884,1.236,150307340,bank115/002.wav
115,3,15000,25217,1.681,150307340,bank115/003.wav
115,4,8000,23358,2.92,150307340,bank115/004.wav
115,5,15000,28295,1.886,150307340,bank115/005.wav
115,6,8000,23790,2.974,150307340,bank115/006.wav
115,7,15000,27603,1.84,150307340,bank115/007.wav
115,8,15000,19241,1.283,150307340,bank115/008.wav
115,9,8000,27395,3.424,150307340,bank115/009.wav
115,10,15000,25866,1.724,150307340,bank115/010.wav
115,11,8000,17302,2.163,150307340,bank115/011.wav
115,12,8000,28260,3.533,150307340,bank115/012.wav
115,13,15000,16808,1.121,150307340,bank115/013.wav
115,14,8000,7086,0.886,150307340,bank115/014.wav
115,15,8000,13677,1.71,150307340,bank115/015.wav
115,16,8000,4903,0.613,150307340,bank115/016.wav
115,17,15000,23500,1.567,150307340,bank115/017.wav
115,18,15000,4311,0.287,150307340,bank115/018.wav
115,19,8000,11823,1.478,150307340,bank115/019.wav
115,20,15000,50194,3.346,150307340,bank115/020.wav
115,21,8000,11535,1.442,150307340,bank115/021.wav
115,22,15000,22809,1.521,150307340,bank115/022.wav
115,23,15000,7900,0.527,150307340,bank115/023.wav
115,24,15000,14123,0.942,150307340,bank115/024.wav
115,25,8000,24799,3.1,150307340,bank115/025.wav
115,26,15000,27831,1.855,150307340,bank115/026.wav
115,27,15000,32094,2.14,150307340,bank115/027.wav
115,28,8000,24114,3.014,150307340,bank115/028.wav
115,29,15000,21633,1.442,150307340,bank115/029.wav
115,30,15000,31463,2.098,150307340,bank115/030.wav
115,31,8000,13842,1.73,150307340,bank115/031.wav
115,32,8000,18701,2.338,150307340,bank115/032.wav
115,33,8000,19032,2.379,150307340,bank115/033.wav
115,34,15000,28360,1.891,150307340,bank115/034.wav
115,35,15000,20933,1.396,150307340,bank115/035.wav
115,36,8000,6633,0.829,150307340,bank115/036.wav
115,37,8000,24179,3.022,150307340,bank115/037.wav
115,38,8000,36757,4.595,150307340,bank115/038.wav
115,39,15000,15840,1.056,150307340,bank115/039.wav
115,40,8000,14490,1.811,150307340,bank115/040.wav
115,41,15000,9945,0.663,150307340,bank115/041.wav
115,42,8000,26416,3.302,150307340,bank115/042.wav
115,43,15000,8782,0.585,150307340,bank115/043.wav
115,44,8000,28764,3.595,150307340,bank115/044.wav
115,45,8000,19759,2.47,150307340,bank115/045.wav
115,46,15000,40403,2.694,150307340,bank115/046.wav
115,47,8000,18167,2.271,150307340,bank115/047.wav
116,0,15000,14001,0.933,152264560,bank116/000.wav
116,1,8000,19730,2.466,152264560,bank116/001.wav
116,2,15000,13923,0.928,152264560,bank116/002.wav
116,3,8000,46849,5.856,152264560,bank116/003.wav
116,4,15000,37612,2.507,152264560,bank116/004.wav
116,5,8000,13702,1.713,152264560,bank116/005.wav
116,6,15000,22392,1.493,152264560,bank116/006.wav
116,7,8000,29524,3.691,152264560,bank116/007.wav
116,8,15000,42249,2.817,152264560,bank116/008.wav
116,9,8000,16245,2.031,152264560,bank116/009.wav
116,10,8000,21064,2.633,152264560,bank116/010.wav
116,11,15000,36956,2.464,152264560,bank116/011.wav
116,12,8000,32525,4.066,152264560,bank116/012.wav
116,13,8000,18057,2.257,152264560,bank116/013.wav
116,14,15000,19932,1.329,152264560,bank116/014.wav
116,15,8000,13314,1.664,152264560,bank116/015.wav
116,16,15000,43446,2.896,152264560,bank116/016.wav
116,17,15000,32178,2.145,152264560,bank116/017.wav
116,18,8000,9409,1.176,152264560,bank116/018.wav
116,19,8000,8782,1.098,152264560,bank116/019.wav
116,20,15000,12014,0.801,152264560,bank116/020.wav
116,21,8000,33361,4.17,152264560,bank116/021.wav
116,22,15000,30452,2.03,152264560,bank116/022.wav
116,23,8000,23609,2.951,152264560,bank116/023.wav
116,24,15000,11546,0.77,152264560,bank116/024.wav
116,25,8000,23000,2.875,152264560,bank116/025.wav
116,26,15000,18022,1.201,152264560,bank116/026.wav
116,27,15000,5442,0.363,152264560,bank116/027.wav
116,28,8000,11848,1.481,152264560,bank116/028.wav
116,29,15000,31642,2.109,152264560,bank116/029.wav
116,30,8000,20182,2.523,152264560,bank116/030.wav
116,31,15000,47572,3.171,152264560,bank116/031.wav
116,32,8000,15639,1.955,152264560,bank116/032.wav
116,33,8000,9318,1.165,152264560,bank116/033.wav
116,34,15000,16446,1.096,152264560,bank116/034.wav
116,35,8000,27316,3.414,152264560,bank116/035.wav
116,36,8000,12939,1.617,152264560,bank116/036.wav
116,37,15000,54962,3.664,152264560,bank116/037.wav
116,38,8000,17719,2.215,152264560,bank116/038.wav
116,39,8000,12344,1.543,152264560,bank116/039.wav
116,40,15000,14363,0.958,152264560,bank116/040.wav
116,41,8000,8924,1.115,152264560,bank116/041.wav
116,42,8000,18539,2.317,152264560,bank116/042.wav
116,43,15000,36879,2.459,152264560,bank116/043.wav
116,44,15000,33576,2.238,152264560,bank116/044.wav
116,45,15000,38546,2.57,152264560,bank116/045.wav
116,46,8000,13765,1.721,152264560,bank116/046.wav
116,47,8000,12742,1.593,152264560,bank116/047.wav
116,48,8000,22358,2.795,152264560,bank116/048.wav
116,49,15000,32947,2.196,152264560,bank116/049.wav
116,50,8000,9834,1.229,152264560,bank116/050.wav
116,51,8000,15825,1.978,152264560,bank116/051.wav
116,52,8000,14651,1.831,152264560,bank116/052.wav
116,53,8000,21718,2.715,152264560,bank116/053.wav
116,54,8000,19200,2.4,152264560,bank116/054.wav
116,55,8000,7046,0.881,152264560,bank116/055.wav
116,56,15000,5232,0.349,152264560,bank116/056.wav
116,57,8000,7398,0.925,152264560,bank116/057.wav
116,58,15000,7380,0.492,152264560,bank116/058.wav
116,59,8000,15027,1.878,152264560,bank116/059.wav
116,60,15000,27613,1.841,152264560,bank116/060.wav
116,61,8000,12715,1.589,152264560,bank116/061.wav
116,62,8000,19527,2.441,152264560,bank116/062.wav
116,63,8000,21813,2.727,152264560,bank116/063.wav
116,64,15000,11041,0.736,152264560,bank116/064.wav
116,65,8000,26992,3.374,152264560,bank116/065.wav
116,66,8000,24453,3.057,152264560,bank116/066.wav
116,67,15000,13093,0.873,152264560,bank116/067.wav
116,68,15000,55957,3.73,152264560,bank116/068.wav
116,69,8000,21142,2.643,152264560,bank116/069.wav
116,70,15000,44443,2.963,152264560,bank116/070.wav
116,71,15000,41584,2.772,152264560,bank116/071.wav
116,72,8000,20459,2.557,152264560,bank116/072.wav
116,73,15000,14546,0.97,152264560,bank116/073.wav
116,74,8000,13899,1.737,152264560,bank116/074.wav
116,75,8000,27830,3.479,152264560,bank116/075.wav
116,76,8000,30790,3.849,152264560,bank116/076.wav
116,77,15000,24633,1.642,152264560,bank116/077.wav
116,78,15000,27214,1.814,152264560,bank116/078.wav
116,79,15000,9560,0.637,152264560,bank116/079.wav
116,80,15000,6937,0.462,152264560,bank116/080.wav
116,81,8000,16713,2.089,152264560,bank116/081.wav
116,82,15000,11549,0.77,152264560,bank116/082.wav
116,83,15000,48445,3.23,152264560,bank116/083.wav
116,84,15000,26946,1.796,152264560,bank116/084.wav
116,85,15000,10405,0.694,152264560,bank116/085.wav
116,86,15000,27332,1.822,152264560,bank116/086.wav
116,87,8000,23069,2.884,152264560,bank116/087.wav
116,88,15000,22332,1.489,152264560,bank116/088.wav
116,89,15000,54009,3.601,152264560,bank116/089.wav
116,90,8000,14612,1.827,152264560,bank116/090.wav
116,91,15000,15560,1.037,152264560,bank116/091.wav
116,92,8000,18603,2.325,152264560,bank116/092.wav
116,93,8000,8627,1.078,152264560,bank116/093.wav
116,94,8000,24086,3.011,152264560,bank116/094.wav
116,95,15000,19675,1.312,152264560,bank116/095.wav
116,96,8000,13382,1.673,152264560,bank116/096.wav
116,97,8000,30533,3.817,152264560,bank116/097.wav
116,98,8000,8459,1.057,152264560,bank116/098.wav
116,99,15000,23754,1.584,152264560,bank116/099.wav
116,100,8000,21011,2.626,152264560,bank116/100.wav
116,101,8000,18923,2.365,152264560,bank116/101.wav
116,102,8000,22998,2.875,152264560,bank116/102.wav
116,103,8000,6601,0.825,152264560,bank116/103.wav
116,104,8000,5048,0.631,152264560,bank116/104.wav
116,105,15000,14599,0.973,152264560,bank116/105.wav
116,106,8000,9749,1.219,152264560,bank116/106.wav
116,107,8000,24589,3.074,152264560,bank116/107.wav
116,108,15000,54744,3.65,152264560,bank116/108.wav
116,109,8000,8762,1.095,152264560,bank116/109.wav
116,110,8000,25921,3.24,152264560,bank116/110.wav
116,111,15000,28115,1.874,152264560,bank116/111.wav
116,112,8000,17222,2.153,152264560,bank116/112.wav
116,113,15000,37847,2.523,152264560,bank116/113.wav
116,114,15000,9725,0.648,152264560,bank116/114.wav
116,115,8000,8435,1.054,152264560,bank116/115.wav
116,116,15000,28792,1.919,152264560,bank116/116.wav
116,117,15000,26828,1.789,152264560,bank116/117.wav
116,118,8000,14171,1.771,152264560,bank116/118.wav
116,119,15000,21688,1.446,152264560,bank116/119.wav
117,0,15000,9986,0.666,157475990,bank117/000.wav
117,1,8000,13436,1.679,157475990,bank117/001.wav
117,2,15000,19473,1.298,157475990,bank117/002.wav
117,3,8000,26796,3.349,157475990,bank117/003.wav
117,4,15000,26580,1.772,157475990,bank117/004.wav
117,5,8000,30665,3.833,157475990,bank117/005.wav
117,6,8000,17746,2.218,157475990,bank117/006.wav
117,7,8000,12760,1.595,157475990,bank117/007.wav
117,8,8000,25776,3.222,157475990,bank117/008.wav
117,9,15000,13256,0.884,157475990,bank117/009.wav
117,10,8000,19321,2.415,157475990,bank117/010.wav
117,11,8000,35260,4.407,157475990,bank117/011.wav
117,12,15000,34184,2.279,157475990,bank117/012.wav
117,13,8000,21606,2.701,157475990,bank117/013.wav
117,14,15000,27939,1.863,157475990,bank117/014.wav
117,15,8000,39380,4.923,157475990,bank117/015.wav
117,16,15000,55323,3.688,157475990,bank117/016.wav
117,17,8000,28332,3.542,157475990,bank117/017.wav
117,18,15000,54111,3.607,157475990,bank117/018.wav
117,19,8000,28094,3.512,157475990,bank117/019.wav
117,20,15000,56271,3.751,157475990,bank117/020.wav
117,21,8000,46152,5.769,157475990,bank117/021.wav
117,22,8000,29990,3.749,157475990,bank117/022.wav
117,23,8000,43705,5.463,157475990,bank117/023.wav
118,0,18000,29932,1.663,158913078,bank118/000.wav
118,1,15000,7151,0.477,158913078,bank118/001.wav
118,2,15000,9312,0.621,158913078,bank118/002.wav
118,3,18000,2803,0.156,158913078,bank118/003.wav
118,4,18000,5343,0.297,158913078,bank118/004.wav
119,0,18000,18160,1.009,159026964,bank119/000.wav
119,1,22050,35904,1.628,159026964,bank119/001.wav
120,0,12000,29894,2.491,159139896,bank120/000.wav
120,1,12000,49018,4.085,159139896,bank120/001.wav
120,2,12000,29915,2.493,159139896,bank120/002.wav
120,3,12000,49943,4.162,159139896,bank120/003.wav
120,4,12000,50085,4.174,159139896,bank120/004.wav
120,5,12000,50540,4.212,159139896,bank120/005.wav
120,6,12000,47165,3.93,159139896,bank120/006.wav
120,7,12000,22156,1.846,159139896,bank120/007.wav
120,8,12000,15064,1.255,159139896,bank120/008.wav
120,9,12000,28320,2.36,159139896,bank120/009.wav
121,0,8000,25294,3.162,159888900,bank121/000.wav
121,1,8000,37415,4.677,159888900,bank121/001.wav
121,2,8000,35901,4.488,159888900,bank121/002.wav
121,3,15000,32569,2.171,159888900,bank121/003.wav
121,4,8000,18816,2.352,159888900,bank121/004.wav
121,5,15000,38658,2.577,159888900,bank121/005.wav
121,6,8000,25845,3.231,159888900,bank121/006.wav
121,7,15000,30764,2.051,159888900,bank121/007.wav
121,8,8000,38269,4.784,159888900,bank121/008.wav
121,9,15000,21921,1.461,159888900,bank121/009.wav
121,10,8000,24774,3.097,159888900,bank121/010.wav
121,11,8000,11698,1.462,159888900,bank121/011.wav
121,12,15000,45768,3.051,159888900,bank121/012.wav
121,13,8000,17735,2.217,159888900,bank121/013.wav
121,14,8000,23213,2.902,159888900,bank121/014.wav
121,15,15000,35232,2.349,159888900,bank121/015.wav
121,16,8000,28332,3.542,159888900,bank121/016.wav
121,17,15000,34961,2.331,159888900,bank121/017.wav
121,18,8000,25669,3.209,159888900,bank121/018.wav
121,19,15000,47270,3.151,159888900,bank121/019.wav
121,20,8000,38352,4.794,159888900,bank121/020.wav
121,21,15000,38155,2.544,159888900,bank121/021.wav
121,22,8000,41829,5.229,159888900,bank121/022.wav
121,23,15000,54579,3.639,159888900,bank121/023.wav
122,0,8000,13683,1.71,161439742,bank122/000.wav
122,1,15000,7998,0.533,161439742,bank122/001.wav
122,2,8000,9567,1.196,161439742,bank122/002.wav
122,3,8000,13652,1.706,161439742,bank122/003.wav
122,4,15000,35784,2.386,161439742,bank122/004.wav
122,5,8000,15572,1.946,161439742,bank122/005.wav
122,6,15000,33277,2.218,161439742,bank122/006.wav
122,7,8000,10165,1.271,161439742,bank122/007.wav
122,8,8000,19878,2.485,161439742,bank122/008.wav
122,9,8000,23115,2.889,161439742,bank122/009.wav
122,10,8000,5992,0.749,161439742,bank122/010.wav
122,11,8000,8075,1.009,161439742,bank122/011.wav
122,12,15000,22545,1.503,161439742,bank122/012.wav
123,0,15000,10858,0.724,161883152,bank123/000.wav
123,1,8000,20799,2.6,161883152,bank123/001.wav
123,2,15000,16663,1.111,161883152,bank123/002.wav
123,3,8000,33087,4.136,161883152,bank123/003.wav
123,4,8000,34552,4.319,161883152,bank123/004.wav
123,5,8000,32323,4.04,161883152,bank123/005.wav
123,6,8000,22941,2.868,161883152,bank123/006.wav
123,7,15000,22360,1.491,161883152,bank123/007.wav
123,8,8000,16625,2.078,161883152,bank123/008.wav
123,9,8000,23571,2.946,161883152,bank123/009.wav
123,10,8000,24326,3.041,161883152,bank123/010.wav
123,11,15000,45494,3.033,161883152,bank123/011.wav
123,12,8000,23790,2.974,161883152,bank123/012.wav
123,13,8000,25591,3.199,161883152,bank123/013.wav
123,14,8000,23723,2.965,161883152,bank123/014.wav
123,15,8000,24351,3.044,161883152,bank123/015.wav
123,16,15000,25390,1.693,161883152,bank123/016.wav
123,17,8000,31716,3.965,161883152,bank123/017.wav
123,18,8000,17462,2.183,161883152,bank123/018.wav
123,19,8000,36595,4.574,161883152,bank123/019.wav
123,20,15000,28620,1.908,161883152,bank123/020.wav
123,21,8000,20761,2.595,161883152,bank123/021.wav
123,22,8000,30464,3.808,161883152,bank123/022.wav
123,23,8000,21619,2.702,161883152,bank123/023.wav
123,24,15000,44326,2.955,161883152,bank123/024.wav
123,25,15000,11308,0.754,161883152,bank123/025.wav
123,26,15000,6753,0.45,161883152,bank123/026.wav
123,27,8000,16424,2.053,161883152,bank123/027.wav
123,28,8000,36410,4.551,161883152,bank123/028.wav
123,29,8000,24335,3.042,161883152,bank123/029.wav
123,30,8000,24149,3.019,161883152,bank123/030.wav
123,31,8000,39971,4.996,161883152,bank123/031.wav
123,32,15000,41008,2.734,161883152,bank123/032.wav
123,33,15000,12272,0.818,161883152,bank123/033.wav
124,0,8000,5844,0.731,163629230,bank124/000.wav
124,1,15000,18590,1.239,163629230,bank124/001.wav
124,2,8000,22678,2.835,163629230,bank124/002.wav
124,3,8000,20929,2.616,163629230,bank124/003.wav
124,4,8000,26819,3.352,163629230,bank124/004.wav
124,5,8000,26814,3.352,163629230,bank124/005.wav
124,6,8000,32306,4.038,163629230,bank124/006.wav
124,7,15000,27775,1.852,163629230,bank124/007.wav
124,8,8000,12002,1.5,163629230,bank124/008.wav
124,9,8000,17238,2.155,163629230,bank124/009.wav
124,10,8000,14251,1.781,163629230,bank124/010.wav
124,11,8000,17044,2.131,163629230,bank124/011.wav
125,0,15000,6702,0.447,164118614,bank125/000.wav
125,1,8000,13301,1.663,164118614,bank125/001.wav
125,2,15000,22166,1.478,164118614,bank125/002.wav
125,3,15000,13892,0.926,164118614,bank125/003.wav
125,4,8000,25232,3.154,164118614,bank125/004.wav
125,5,15000,19223,1.282,164118614,bank125/005.wav
125,6,15000,41275,2.752,164118614,bank125/006.wav
125,7,8000,22186,2.773,164118614,bank125/007.wav
125,8,15000,17543,1.17,164118614,bank125/008.wav
125,9,15000,6610,0.441,164118614,bank125/009.wav
125,10,8000,11679,1.46,164118614,bank125/010.wav
125,11,15000,16050,1.07,164118614,bank125/011.wav
125,12,8000,16761,2.095,164118614,bank125/012.wav
125,13,8000,22492,2.812,164118614,bank125/013.wav
125,14,8000,29251,3.656,164118614,bank125/014.wav
125,15,15000,23651,1.577,164118614,bank125/015.wav
125,16,8000,27250,3.406,164118614,bank125/016.wav
125,17,8000,11246,1.406,164118614,bank125/017.wav
125,18,15000,30237,2.016,164118614,bank125/018.wav
126,0,15000,12453,0.83,164876912,bank126/000.wav
126,1,8000,15873,1.984,164876912,bank126/001.wav
126,2,8000,14948,1.869,164876912,bank126/002.wav
126,3,8000,24406,3.051,164876912,bank126/003.wav
126,4,8000,14111,1.764,164876912,bank126/004.wav
126,5,15000,35719,2.381,164876912,bank126/005.wav
127,0,8000,21447,2.681,165116736,bank127/000.wav
127,1,8000,21549,2.694,165116736,bank127/001.wav
127,2,15000,23894,1.593,165116736,bank127/002.wav
127,3,8000,11646,1.456,165116736,bank127/003.wav
127,4,15000,37683,2.512,165116736,bank127/004.wav
127,5,8000,27838,3.48,165116736,bank127/005.wav
127,6,15000,14257,0.95,165116736,bank127/006.wav
127,7,8000,9255,1.157,165116736,bank127/007.wav
127,8,8000,8774,1.097,165116736,bank127/008.wav
127,9,8000,8140,1.018,165116736,bank127/009.wav
127,10,8000,3609,0.451,165116736,bank127/010.wav
127,11,15000,26494,1.766,165116736,bank127/011.wav
127,12,8000,15636,1.954,165116736,bank127/012.wav
127,13,15000,8389,0.559,165116736,bank127/013.wav
127,14,8000,32409,4.051,165116736,bank127/014.wav
127,15,8000,11314,1.414,165116736,bank127/015.wav
127,16,15000,32316,2.154,165116736,bank127/016.wav
127,17,8000,32074,4.009,165116736,bank127/017.wav
127,18,15000,33003,2.2,165116736,bank127/018.wav
127,19,15000,31055,2.07,165116736,bank127/019.wav
127,20,8000,26970,3.371,165116736,bank127/020.wav
127,21,8000,20233,2.529,165116736,bank127/021.wav
127,22,15000,29187,1.946,165116736,bank127/022.wav
128,0,15000,35607,2.374,166095884,bank128/000.wav
128,1,8000,16293,2.037,166095884,bank128/001.wav
128,2,15000,22239,1.483,166095884,bank128/002.wav
128,3,8000,26515,3.314,166095884,bank128/003.wav
128,4,8000,32131,4.016,166095884,bank128/004.wav
128,5,15000,30677,2.045,166095884,bank128/005.wav
128,6,8000,22819,2.852,166095884,bank128/006.wav
128,7,8000,29440,3.68,166095884,bank128/007.wav
128,8,15000,19839,1.323,166095884,bank128/008.wav
128,9,8000,33450,4.181,166095884,bank128/009.wav
128,10,15000,29848,1.99,166095884,bank128/010.wav
128,11,8000,40082,5.01,166095884,bank128/011.wav
128,12,15000,51145,3.41,166095884,bank128/012.wav
128,13,8000,34603,4.325,166095884,bank128/013.wav
128,14,15000,49686,3.312,166095884,bank128/014.wav
128,15,8000,36969,4.621,166095884,bank128/015.wav
128,16,15000,55960,3.731,166095884,bank128/016.wav
128,17,8000,32297,4.037,166095884,bank128/017.wav
128,18,15000,55945,3.73,166095884,bank128/018.wav
128,19,8000,23957,2.995,166095884,bank128/019.wav
128,20,8000,21195,2.649,166095884,bank128/020.wav
128,21,8000,23211,2.901,166095884,bank128/021.wav
129,0,8000,19609,2.451,167548504,bank129/000.wav
129,1,15000,17248,1.15,167548504,bank129/001.wav
129,2,8000,28173,3.522,167548504,bank129/002.wav
129,3,15000,27379,1.825,167548504,bank129/003.wav
129,4,8000,19273,2.409,167548504,bank129/004.wav
129,5,8000,12380,1.548,167548504,bank129/005.wav
129,6,15000,33473,2.232,167548504,bank129/006.wav
129,7,8000,30948,3.869,167548504,bank129/007.wav
129,8,15000,38842,2.589,167548504,bank129/008.wav
129,9,8000,18600,2.325,167548504,bank129/009.wav
129,10,15000,9636,0.642,167548504,bank129/010.wav
129,11,15000,12686,0.846,167548504,bank129/011.wav
129,12,8000,30470,3.809,167548504,bank129/012.wav
129,13,15000,33334,2.222,167548504,bank129/013.wav
129,14,8000,23646,2.956,167548504,bank129/014.wav
129,15,8000,23076,2.885,167548504,bank129/015.wav
129,16,8000,27509,3.439,167548504,bank129/016.wav
129,17,8000,30083,3.76,167548504,bank129/017.wav
129,18,15000,41996,2.8,167548504,bank129/018.wav
129,19,8000,22276,2.784,167548504,bank129/019.wav
129,20,15000,39285,2.619,167548504,bank129/020.wav
129,21,8000,9516,1.19,167548504,bank129/021.wav
129,22,8000,16113,2.014,167548504,bank129/022.wav
129,23,15000,35618,2.375,167548504,bank129/023.wav
129,24,8000,23844,2.981,167548504,bank129/024.wav
129,25,15000,55946,3.73,167548504,bank129/025.wav
129,26,8000,21087,2.636,167548504,bank129/026.wav
129,27,15000,55944,3.73,167548504,bank129/027.wav
129,28,8000,25376,3.172,167548504,bank129/028.wav
129,29,15000,55113,3.674,167548504,bank129/029.wav
129,30,8000,31176,3.897,167548504,bank129/030.wav
129,31,15000,43691,2.913,167548504,bank129/031.wav
129,32,8000,15159,1.895,167548504,bank129/032.wav
129,33,8000,18311,2.289,167548504,bank129/033.wav
130,0,22050,46426,2.105,169446940,bank130/000.wav
131,0,15000,18266,1.218,169544596,bank131/000.wav
131,1,15000,15246,1.016,169544596,bank131/001.wav
131,2,15000,12844,0.856,169544596,bank131/002.wav
131,3,15000,23157,1.544,169544596,bank131/003.wav
131,4,15000,35325,2.355,169544596,bank131/004.wav
132,0,8000,10814,1.352,169759076,bank132/000.wav
132,1,8000,35169,4.396,169759076,bank132/001.wav
132,2,8000,20979,2.622,169759076,bank132/002.wav
132,3,8000,15593,1.949,169759076,bank132/003.wav
132,4,8000,35235,4.404,169759076,bank132/004.wav
132,5,8000,37775,4.722,169759076,bank132/005.wav
132,6,15000,8078,0.539,169759076,bank132/006.wav
132,7,8000,17843,2.23,169759076,bank132/007.wav
132,8,15000,11884,0.792,169759076,bank132/008.wav
132,9,8000,26261,3.283,169759076,bank132/009.wav
132,10,8000,12328,1.541,169759076,bank132/010.wav
132,11,15000,40089,2.673,169759076,bank132/011.wav
132,12,8000,27899,3.487,169759076,bank132/012.wav
132,13,15000,17959,1.197,169759076,bank132/013.wav
132,14,8000,11679,1.46,169759076,bank132/014.wav
132,15,15000,24518,1.635,169759076,bank132/015.wav
132,16,8000,20546,2.568,169759076,bank132/016.wav
132,17,8000,19989,2.499,169759076,bank132/017.wav
132,18,8000,15156,1.895,169759076,bank132/018.wav
132,19,15000,34889,2.326,169759076,bank132/019.wav
132,20,15000,18302,1.22,169759076,bank132/020.wav
132,21,8000,10562,1.32,169759076,bank132/021.wav
132,22,8000,25066,3.133,169759076,bank132/022.wav
132,23,8000,26241,3.28,169759076,bank132/023.wav
132,24,15000,27354,1.824,169759076,bank132/024.wav
132,25,15000,11691,0.779,169759076,bank132/025.wav
132,26,8000,10526,1.316,169759076,bank132/026.wav
132,27,15000,44803,2.987,169759076,bank132/027.wav
133,0,15000,6355,0.424,171002336,bank133/000.wav
133,1,8000,14418,1.802,171002336,bank133/001.wav
133,2,15000,14087,0.939,171002336,bank133/002.wav
133,3,8000,27971,3.496,171002336,bank133/003.wav
133,4,15000,16340,1.089,171002336,bank133/004.wav
133,5,8000,21022,2.628,171002336,bank133/005.wav
133,6,15000,44651,2.977,171002336,bank133/006.wav
133,7,15000,34300,2.287,171002336,bank133/007.wav
133,8,8000,14837,1.855,171002336,bank133/008.wav
133,9,8000,35440,4.43,171002336,bank133/009.wav
133,10,8000,19609,2.451,171002336,bank133/010.wav
133,11,8000,5624,0.703,171002336,bank133/011.wav
133,12,15000,15169,1.011,171002336,bank133/012.wav
133,13,15000,8322,0.555,171002336,bank133/013.wav
133,14,8000,27013,3.377,171002336,bank133/014.wav
133,15,15000,14555,0.97,171002336,bank133/015.wav
133,16,15000,19570,1.305,171002336,bank133/016.wav
133,17,8000,27649,3.456,171002336,bank133/017.wav
133,18,8000,27214,3.402,171002336,bank133/018.wav
133,19,15000,26371,1.758,171002336,bank133/019.wav
133,20,15000,48455,3.23,171002336,bank133/020.wav
133,21,15000,19360,1.291,171002336,bank133/021.wav
133,22,8000,17735,2.217,171002336,bank133/022.wav
134,0,8000,14873,1.859,172019274,bank134/000.wav
134,1,15000,11715,0.781,172019274,bank134/001.wav
134,2,8000,25755,3.219,172019274,bank134/002.wav
134,3,8000,14362,1.795,172019274,bank134/003.wav
134,4,15000,8259,0.551,172019274,bank134/004.wav
134,5,8000,20931,2.616,172019274,bank134/005.wav
134,6,15000,25064,1.671,172019274,bank134/006.wav
134,7,8000,23134,2.892,172019274,bank134/007.wav
134,8,8000,31192,3.899,172019274,bank134/008.wav
134,9,15000,32815,2.188,172019274,bank134/009.wav
134,10,8000,50258,6.282,172019274,bank134/010.wav
134,11,15000,19359,1.291,172019274,bank134/011.wav
135,0,15000,32844,2.19,172579512,bank135/000.wav
135,1,8000,12235,1.529,172579512,bank135/001.wav
135,2,15000,52734,3.516,172579512,bank135/002.wav
135,3,8000,12017,1.502,172579512,bank135/003.wav
135,4,8000,12929,1.616,172579512,bank135/004.wav
135,5,8000,10396,1.3,172579512,bank135/005.wav
135,6,8000,21259,2.657,172579512,bank135/006.wav
135,7,15000,28090,1.873,172579512,bank135/007.wav
135,8,15000,16240,1.083,172579512,bank135/008.wav
135,9,15000,28806,1.92,172579512,bank135/009.wav
135,10,8000,17310,2.164,172579512,bank135/010.wav
135,11,8000,22971,2.871,172579512,bank135/011.wav
135,12,8000,11069,1.384,172579512,bank135/012.wav
135,13,15000,7207,0.48,172579512,bank135/013.wav
135,14,8000,8657,1.082,172579512,bank135/014.wav
135,15,8000,11370,1.421,172579512,bank135/015.wav
135,16,15000,11971,0.798,172579512,bank135/016.wav
135,17,15000,19228,1.282,172579512,bank135/017.wav
135,18,8000,14994,1.874,172579512,bank135/018.wav
135,19,8000,15661,1.958,172579512,bank135/019.wav
135,20,15000,30010,2.001,172579512,bank135/020.wav
135,21,8000,7904,0.988,172579512,bank135/021.wav
135,22,8000,13940,1.742,172579512,bank135/022.wav
135,23,15000,28455,1.897,172579512,bank135/023.wav
135,24,15000,8990,0.599,172579512,bank135/024.wav
135,25,8000,12078,1.51,172579512,bank135/025.wav
135,26,8000,10810,1.351,172579512,bank135/026.wav
135,27,15000,17832,1.189,172579512,bank135/027.wav
135,28,8000,11973,1.497,172579512,bank135/028.wav
135,29,8000,16427,2.053,172579512,bank135/029.wav
135,30,8000,11809,1.476,172579512,bank135/030.wav
135,31,8000,13237,1.655,172579512,bank135/031.wav
135,32,15000,21732,1.449,172579512,bank135/032.wav
135,33,8000,13108,1.639,172579512,bank135/033.wav
135,34,15000,8375,0.558,172579512,bank135/034.wav
135,35,8000,17328,2.166,172579512,bank135/035.wav
135,36,15000,28228,1.882,172579512,bank135/036.wav
135,37,8000,14797,1.85,172579512,bank135/037.wav
135,38,8000,21138,2.642,172579512,bank135/038.wav
135,39,8000,17969,2.246,172579512,bank135/039.wav
135,40,15000,51597,3.44,172579512,bank135/040.wav
135,41,8000,11256,1.407,172579512,bank135/041.wav
135,42,15000,8537,0.569,172579512,bank135/042.wav
135,43,8000,17088,2.136,172579512,bank135/043.wav
135,44,15000,37142,2.476,172579512,bank135/044.wav
135,45,8000,11702,1.463,172579512,bank135/045.wav
135,46,8000,15712,1.964,172579512,bank135/046.wav
135,47,15000,26432,1.762,172579512,bank135/047.wav
135,48,8000,22010,2.751,172579512,bank135/048.wav
135,49,8000,5768,0.721,172579512,bank135/049.wav
135,50,15000,35656,2.377,172579512,bank135/050.wav
135,51,15000,39242,2.616,172579512,bank135/051.wav
135,52,15000,6591,0.439,172579512,bank135/052.wav
135,53,8000,7483,0.935,172579512,bank135/053.wav
135,54,15000,13323,0.888,172579512,bank135/054.wav
135,55,8000,22166,2.771,172579512,bank135/055.wav
135,56,8000,20279,2.535,172579512,bank135/056.wav
135,57,15000,42901,2.86,172579512,bank135/057.wav
135,58,8000,10820,1.353,172579512,bank135/058.wav
135,59,8000,13527,1.691,172579512,bank135/059.wav
135,60,15000,18471,1.231,172579512,bank135/060.wav
135,61,8000,21005,2.626,172579512,bank135/061.wav
135,62,8000,19444,2.43,172579512,bank135/062.wav
135,63,15000,13342,0.889,172579512,bank135/063.wav
135,64,15000,13450,0.897,172579512,bank135/064.wav
135,65,8000,17896,2.237,172579512,bank135/065.wav
135,66,15000,10504,0.7,172579512,bank135/066.wav
135,67,8000,9680,1.21,172579512,bank135/067.wav
135,68,15000,5897,0.393,172579512,bank135/068.wav
135,69,8000,26996,3.374,172579512,bank135/069.wav
135,70,15000,19855,1.324,172579512,bank135/070.wav
135,71,8000,11773,1.472,172579512,bank135/071.wav
135,72,8000,13130,1.641,172579512,bank135/072.wav
135,73,8000,19117,2.39,172579512,bank135/073.wav
135,74,15000,48118,3.208,172579512,bank135/074.wav
135,75,8000,31746,3.968,172579512,bank135/075.wav
135,76,15000,10222,0.681,172579512,bank135/076.wav
135,77,8000,9255,1.157,172579512,bank135/077.wav
135,78,8000,14835,1.854,172579512,bank135/078.wav
135,79,8000,15063,1.883,172579512,bank135/079.wav
135,80,8000,18545,2.318,172579512,bank135/080.wav
135,81,8000,13307,1.663,172579512,bank135/081.wav
135,82,15000,12355,0.824,172579512,bank135/082.wav
135,83,8000,17368,2.171,172579512,bank135/083.wav
135,84,8000,10759,1.345,172579512,bank135/084.wav
135,85,15000,28576,1.905,172579512,bank135/085.wav
135,86,8000,12512,1.564,172579512,bank135/086.wav
135,87,15000,14900,0.993,172579512,bank135/087.wav
135,88,8000,6299,0.787,172579512,bank135/088.wav
135,89,8000,5918,0.74,172579512,bank135/089.wav
135,90,15000,20893,1.393,172579512,bank135/090.wav
135,91,8000,22778,2.847,172579512,bank135/091.wav
135,92,8000,8117,1.015,172579512,bank135/092.wav
135,93,8000,22672,2.834,172579512,bank135/093.wav
135,94,8000,9889,1.236,172579512,bank135/094.wav
135,95,15000,28579,1.905,172579512,bank135/095.wav
135,96,15000,4596,0.306,172579512,bank135/096.wav
135,97,8000,8097,1.012,172579512,bank135/097.wav
135,98,15000,20354,1.357,172579512,bank135/098.wav
135,99,8000,11916,1.49,172579512,bank135/099.wav
135,100,8000,23497,2.937,172579512,bank135/100.wav
135,101,8000,17567,2.196,172579512,bank135/101.wav
135,102,8000,36009,4.501,172579512,bank135/102.wav
135,103,8000,37641,4.705,172579512,bank135/103.wav
135,104,8000,27703,3.463,172579512,bank135/104.wav
135,105,15000,13335,0.889,172579512,bank135/105.wav
135,106,15000,15521,1.035,172579512,bank135/106.wav
135,107,8000,5125,0.641,172579512,bank135/107.wav
135,108,8000,6687,0.836,172579512,bank135/108.wav
135,109,15000,20290,1.353,172579512,bank135/109.wav
135,110,8000,23282,2.91,172579512,bank135/110.wav
135,111,15000,16454,1.097,172579512,bank135/111.wav
135,112,8000,8615,1.077,172579512,bank135/112.wav
135,113,8000,8501,1.063,172579512,bank135/113.wav
135,114,15000,41859,2.791,172579512,bank135/114.wav
135,115,8000,9050,1.131,172579512,bank135/115.wav
135,116,15000,32672,2.178,172579512,bank135/116.wav
135,117,8000,10043,1.255,172579512,bank135/117.wav
135,118,15000,19731,1.315,172579512,bank135/118.wav
135,119,8000,6399,0.8,172579512,bank135/119.wav
135,120,8000,16356,2.045,172579512,bank135/120.wav
135,121,8000,12958,1.62,172579512,bank135/121.wav
135,122,8000,12818,1.602,172579512,bank135/122.wav
135,123,8000,8792,1.099,172579512,bank135/123.wav
135,124,15000,22938,1.529,172579512,bank135/124.wav
135,125,8000,14026,1.753,172579512,bank135/125.wav
135,126,15000,22559,1.504,172579512,bank135/126.wav
135,127,8000,9779,1.222,172579512,bank135/127.wav
135,128,8000,25848,3.231,172579512,bank135/128.wav
135,129,8000,10108,1.264,172579512,bank135/129.wav
135,130,15000,30495,2.033,172579512,bank135/130.wav
135,131,15000,12330,0.822,172579512,bank135/131.wav
135,132,8000,15022,1.878,172579512,bank135/132.wav
135,133,8000,10294,1.287,172579512,bank135/133.wav
135,134,15000,52331,3.489,172579512,bank135/134.wav
135,135,15000,24993,1.666,172579512,bank135/135.wav
135,136,15000,12342,0.823,172579512,bank135/136.wav
135,137,15000,7195,0.48,172579512,bank135/137.wav
135,138,8000,10389,1.299,172579512,bank135/138.wav
135,139,15000,22798,1.52,172579512,bank135/139.wav
135,140,15000,26881,1.792,172579512,bank135/140.wav
135,141,15000,49535,3.302,172579512,bank135/141.wav
135,142,15000,25630,1.709,172579512,bank135/142.wav
135,143,8000,11134,1.392,172579512,bank135/143.wav
135,144,15000,12368,0.825,172579512,bank135/144.wav
135,145,8000,7150,0.894,172579512,bank135/145.wav
135,146,8000,28910,3.614,172579512,bank135/146.wav
135,147,15000,14745,0.983,172579512,bank135/147.wav
135,148,8000,20663,2.583,172579512,bank135/148.wav
135,149,8000,25620,3.203,172579512,bank135/149.wav
135,150,15000,32965,2.198,172579512,bank135/150.wav
135,151,8000,16631,2.079,172579512,bank135/151.wav
135,152,8000,38415,4.802,172579512,bank135/152.wav
135,153,15000,23122,1.541,172579512,bank135/153.wav
135,154,8000,30433,3.804,172579512,bank135/154.wav
135,155,8000,15003,1.875,172579512,bank135/155.wav
136,0,15000,10429,0.695,178334608,bank136/000.wav
136,1,8000,16588,2.074,178334608,bank136/001.wav
136,2,15000,35649,2.377,178334608,bank136/002.wav
136,3,8000,24914,3.114,178334608,bank136/003.wav
136,4,15000,38953,2.597,178334608,bank136/004.wav
136,5,8000,23153,2.894,178334608,bank136/005.wav
136,6,15000,35084,2.339,178334608,bank136/006.wav
136,7,8000,10633,1.329,178334608,bank136/007.wav
136,8,8000,30452,3.807,178334608,bank136/008.wav
136,9,8000,16341,2.043,178334608,bank136/009.wav
136,10,15000,33706,2.247,178334608,bank136/010.wav
136,11,8000,25972,3.247,178334608,bank136/011.wav
136,12,8000,34408,4.301,178334608,bank136/012.wav
136,13,15000,12658,0.844,178334608,bank136/013.wav
136,14,8000,32787,4.098,178334608,bank136/014.wav
136,15,15000,14556,0.97,178334608,bank136/015.wav
136,16,15000,43938,2.929,178334608,bank136/016.wav
136,17,15000,13722,0.915,178334608,bank136/017.wav
137,0,15000,7496,0.5,179247298,bank137/000.wav
137,1,8000,4674,0.584,179247298,bank137/001.wav
137,2,15000,9342,0.623,179247298,bank137/002.wav
137,3,8000,15365,1.921,179247298,bank137/003.wav
137,4,15000,14716,0.981,179247298,bank137/004.wav
137,5,8000,23794,2.974,179247298,bank137/005.wav
137,6,8000,14250,1.781,179247298,bank137/006.wav
137,7,15000,23560,1.571,179247298,bank137/007.wav
137,8,15000,4328,0.289,179247298,bank137/008.wav
137,9,8000,16257,2.032,179247298,bank137/009.wav
137,10,15000,36472,2.431,179247298,bank137/010.wav
137,11,15000,24751,1.65,179247298,bank137/011.wav
137,12,8000,17154,2.144,179247298,bank137/012.wav
137,13,15000,21931,1.462,179247298,bank137/013.wav
138,0,15000,11921,0.795,179720282,bank138/000.wav
138,1,8000,13397,1.675,179720282,bank138/001.wav
138,2,8000,20005,2.501,179720282,bank138/002.wav
138,3,8000,15626,1.953,179720282,bank138/003.wav
138,4,8000,27980,3.498,179720282,bank138/004.wav
138,5,15000,16904,1.127,179720282,bank138/005.wav
138,6,8000,22276,2.784,179720282,bank138/006.wav
138,7,15000,35066,2.338,179720282,bank138/007.wav
138,8,8000,12760,1.595,179720282,bank138/008.wav
138,9,8000,36346,4.543,179720282,bank138/009.wav
138,10,8000,6056,0.757,179720282,bank138/010.wav
138,11,15000,24163,1.611,179720282,bank138/011.wav
138,12,8000,23358,2.92,179720282,bank138/012.wav
138,13,8000,15031,1.879,179720282,bank138/013.wav
138,14,15000,20691,1.379,179720282,bank138/014.wav
138,15,15000,14209,0.947,179720282,bank138/015.wav
138,16,8000,22601,2.825,179720282,bank138/016.wav
138,17,15000,17714,1.181,179720282,bank138/017.wav
138,18,8000,24385,3.048,179720282,bank138/018.wav
138,19,15000,17310,1.154,179720282,bank138/019.wav
138,20,15000,39062,2.604,179720282,bank138/020.wav
138,21,8000,14274,1.784,179720282,bank138/021.wav
138,22,8000,20041,2.505,179720282,bank138/022.wav
138,23,15000,14051,0.937,179720282,bank138/023.wav
138,24,8000,12328,1.541,179720282,bank138/024.wav
138,25,8000,28656,3.582,179720282,bank138/025.wav
138,26,8000,16280,2.035,179720282,bank138/026.wav
138,27,8000,18270,2.284,179720282,bank138/027.wav
138,28,15000,30550,2.037,179720282,bank138/028.wav
138,29,8000,10381,1.298,179720282,bank138/029.wav
138,30,15000,11449,0.763,179720282,bank138/030.wav
138,31,8000,19911,2.489,179720282,bank138/031.wav
138,32,15000,54756,3.65,179720282,bank138/032.wav
138,33,8000,36550,4.569,179720282,bank138/033.wav
138,34,15000,18490,1.233,179720282,bank138/034.wav
138,35,8000,37073,4.634,179720282,bank138/035.wav
138,36,8000,18582,2.323,179720282,bank138/036.wav
138,37,15000,51795,3.453,179720282,bank138/037.wav
138,38,8000,10922,1.365,179720282,bank138/038.wav
138,39,15000,18125,1.208,179720282,bank138/039.wav
138,40,8000,12111,1.514,179720282,bank138/040.wav
138,41,8000,12760,1.595,179720282,bank138/041.wav
138,42,15000,47592,3.173,179720282,bank138/042.wav
138,43,8000,23952,2.994,179720282,bank138/043.wav
138,44,8000,23790,2.974,179720282,bank138/044.wav
138,45,8000,30594,3.824,179720282,bank138/045.wav
138,46,8000,21195,2.649,179720282,bank138/046.wav
138,47,8000,32116,4.014,179720282,bank138/047.wav
138,48,15000,25562,1.704,179720282,bank138/048.wav
138,49,15000,10339,0.689,179720282,bank138/049.wav
138,50,15000,18325,1.222,179720282,bank138/050.wav
138,51,15000,37000,2.467,179720282,bank138/051.wav
138,52,15000,8654,0.577,179720282,bank138/052.wav
138,53,8000,26052,3.256,179720282,bank138/053.wav
138,54,15000,21677,1.445,179720282,bank138/054.wav
138,55,8000,32740,4.093,179720282,bank138/055.wav
138,56,8000,17834,2.229,179720282,bank138/056.wav
138,57,15000,54237,3.616,179720282,bank138/057.wav
138,58,8000,29431,3.679,179720282,bank138/058.wav
138,59,15000,18610,1.241,179720282,bank138/059.wav
138,60,8000,28332,3.542,179720282,bank138/060.wav
138,61,15000,26947,1.796,179720282,bank138/061.wav
138,62,8000,28212,3.526,179720282,bank138/062.wav
138,63,8000,16136,2.017,179720282,bank138/063.wav
138,64,8000,25732,3.216,179720282,bank138/064.wav
138,65,8000,27737,3.467,179720282,bank138/065.wav
139,0,15000,6858,0.457,182799110,bank139/000.wav
139,1,8000,3488,0.436,182799110,bank139/001.wav
139,2,15000,9975,0.665,182799110,bank139/002.wav
139,3,8000,18167,2.271,182799110,bank139/003.wav
139,4,15000,18482,1.232,182799110,bank139/004.wav
139,5,8000,19708,2.463,182799110,bank139/005.wav
139,6,15000,6872,0.458,182799110,bank139/006.wav
139,7,8000,14606,1.826,182799110,bank139/007.wav
139,8,15000,12636,0.842,182799110,bank139/008.wav
139,9,8000,25437,3.18,182799110,bank139/009.wav
139,10,15000,20879,1.392,182799110,bank139/010.wav
139,11,8000,21689,2.711,182799110,bank139/011.wav
139,12,15000,55955,3.73,182799110,bank139/012.wav
139,13,8000,19580,2.447,182799110,bank139/013.wav
139,14,8000,11978,1.497,182799110,bank139/014.wav
139,15,15000,11253,0.75,182799110,bank139/015.wav
139,16,8000,29567,3.696,182799110,bank139/016.wav
139,17,8000,20392,2.549,182799110,bank139/017.wav
139,18,8000,22348,2.793,182799110,bank139/018.wav
139,19,8000,21173,2.647,182799110,bank139/019.wav
139,20,8000,10381,1.298,182799110,bank139/020.wav
139,21,15000,5321,0.355,182799110,bank139/021.wav
139,22,8000,33724,4.215,182799110,bank139/022.wav
139,23,8000,10814,1.352,182799110,bank139/023.wav
139,24,15000,13522,0.901,182799110,bank139/024.wav
139,25,8000,19897,2.487,182799110,bank139/025.wav
140,0,15000,10542,0.703,183733318,bank140/000.wav
140,1,8000,13842,1.73,183733318,bank140/001.wav
140,2,8000,28548,3.568,183733318,bank140/002.wav
140,3,15000,24036,1.602,183733318,bank140/003.wav
140,4,8000,21952,2.744,183733318,bank140/004.wav
140,5,8000,17372,2.171,183733318,bank140/005.wav
140,6,8000,12436,1.554,183733318,bank140/006.wav
140,7,15000,17970,1.198,183733318,bank140/007.wav
140,8,15000,6282,0.419,183733318,bank140/008.wav
140,9,8000,17518,2.19,183733318,bank140/009.wav
140,10,15000,17701,1.18,183733318,bank140/010.wav
140,11,8000,24417,3.052,183733318,bank140/011.wav
140,12,15000,12171,0.811,183733318,bank140/012.wav
140,13,8000,12112,1.514,183733318,bank140/013.wav
140,14,8000,28315,3.539,183733318,bank140/014.wav
140,15,8000,15231,1.904,183733318,bank140/015.wav
140,16,15000,27409,1.827,183733318,bank140/016.wav
140,17,15000,22964,1.531,183733318,bank140/017.wav
140,18,15000,21893,1.46,183733318,bank140/018.wav
140,19,15000,10835,0.722,183733318,bank140/019.wav
140,20,8000,9560,1.195,183733318,bank140/020.wav
140,21,15000,41635,2.776,183733318,bank140/021.wav
140,22,8000,10093,1.262,183733318,bank140/022.wav
140,23,8000,22267,2.783,183733318,bank140/023.wav
140,24,8000,20216,2.527,183733318,bank140/024.wav
140,25,8000,14274,1.784,183733318,bank140/025.wav
140,26,15000,25369,1.691,183733318,bank140/026.wav
140,27,8000,14563,1.82,183733318,bank140/027.wav
140,28,15000,11420,0.761,183733318,bank140/028.wav
140,29,15000,6377,0.425,183733318,bank140/029.wav
140,30,8000,9509,1.189,183733318,bank140/030.wav
140,31,15000,25847,1.723,183733318,bank140/031.wav
140,32,8000,13121,1.64,183733318,bank140/032.wav
140,33,8000,17446,2.181,183733318,bank140/033.wav
140,34,8000,12530,1.566,183733318,bank140/034.wav
140,35,15000,24072,1.605,183733318,bank140/035.wav
140,36,8000,17720,2.215,183733318,bank140/036.wav
140,37,8000,19609,2.451,183733318,bank140/037.wav
140,38,8000,7209,0.901,183733318,bank140/038.wav
140,39,15000,11279,0.752,183733318,bank140/039.wav
140,40,15000,7124,0.475,183733318,bank140/040.wav
140,41,8000,11917,1.49,183733318,bank140/041.wav
140,42,8000,20330,2.541,183733318,bank140/042.wav
140,43,15000,46139,3.076,183733318,bank140/043.wav
140,44,15000,37627,2.508,183733318,bank140/044.wav
140,45,15000,24730,1.649,183733318,bank140/045.wav
140,46,8000,7570,0.946,183733318,bank140/046.wav
140,47,8000,3893,0.487,183733318,bank140/047.wav
140,48,15000,13437,0.896,183733318,bank140/048.wav
140,49,15000,13437,0.896,183733318,bank140/049.wav
140,50,8000,9949,1.244,183733318,bank140/050.wav
140,51,15000,18889,1.259,183733318,bank140/051.wav
140,52,8000,14685,1.836,183733318,bank140/052.wav
140,53,8000,21433,2.679,183733318,bank140/053.wav
140,54,15000,44094,2.94,183733318,bank140/054.wav
140,55,8000,26601,3.325,183733318,bank140/055.wav
140,56,15000,7107,0.474,183733318,bank140/056.wav
140,57,15000,6855,0.457,183733318,bank140/057.wav
140,58,8000,27971,3.496,183733318,bank140/058.wav
140,59,15000,22262,1.484,183733318,bank140/059.wav
140,60,8000,13265,1.658,183733318,bank140/060.wav
140,61,15000,33413,2.228,183733318,bank140/061.wav
140,62,15000,21908,1.461,183733318,bank140/062.wav
140,63,8000,25088,3.136,183733318,bank140/063.wav
140,64,15000,50056,3.337,183733318,bank140/064.wav
140,65,15000,18177,1.212,183733318,bank140/065.wav
140,66,8000,27395,3.424,183733318,bank140/066.wav
140,67,8000,12977,1.622,183733318,bank140/067.wav
140,68,15000,20579,1.372,183733318,bank140/068.wav
140,69,15000,23495,1.566,183733318,bank140/069.wav
140,70,8000,8363,1.045,183733318,bank140/070.wav
140,71,8000,10381,1.298,183733318,bank140/071.wav
140,72,8000,21628,2.704,183733318,bank140/072.wav
140,73,15000,12655,0.844,183733318,bank140/073.wav
140,74,15000,26974,1.798,183733318,bank140/074.wav
140,75,15000,8021,0.535,183733318,bank140/075.wav
140,76,15000,37766,2.518,183733318,bank140/076.wav
140,77,15000,24741,1.649,183733318,bank140/077.wav
140,78,15000,23597,1.573,183733318,bank140/078.wav
140,79,15000,31273,2.085,183733318,bank140/079.wav
140,80,15000,23410,1.561,183733318,bank140/080.wav
140,81,15000,36955,2.464,183733318,bank140/081.wav
140,82,15000,22238,1.483,183733318,bank140/082.wav
141,0,15000,40386,2.692,186974256,bank141/000.wav
141,1,8000,14563,1.82,186974256,bank141/001.wav
141,2,15000,39150,2.61,186974256,bank141/002.wav
141,3,8000,17949,2.244,186974256,bank141/003.wav
141,4,15000,42636,2.842,186974256,bank141/004.wav
141,5,8000,30342,3.793,186974256,bank141/005.wav
141,6,8000,9542,1.193,186974256,bank141/006.wav
141,7,15000,49466,3.298,186974256,bank141/007.wav
141,8,8000,12155,1.519,186974256,bank141/008.wav
141,9,8000,29774,3.722,186974256,bank141/009.wav
141,10,15000,37005,2.467,186974256,bank141/010.wav
141,11,8000,21051,2.631,186974256,bank141/011.wav
141,12,15000,55054,3.67,186974256,bank141/012.wav
141,13,8000,36311,4.539,186974256,bank141/013.wav
141,14,15000,48245,3.216,186974256,bank141/014.wav
141,15,8000,18722,2.34,186974256,bank141/015.wav
141,16,15000,53865,3.591,186974256,bank141/016.wav
141,17,8000,23603,2.95,186974256,bank141/017.wav
141,18,15000,47458,3.164,186974256,bank141/018.wav
141,19,8000,28980,3.623,186974256,bank141/019.wav
141,20,8000,20330,2.541,186974256,bank141/020.wav
141,21,8000,29413,3.677,186974256,bank141/021.wav
142,0,15000,13959,0.931,188391060,bank142/000.wav
142,1,8000,13115,1.639,188391060,bank142/001.wav
142,2,15000,41238,2.749,188391060,bank142/002.wav
142,3,8000,27319,3.415,188391060,bank142/003.wav
142,4,8000,23220,2.902,188391060,bank142/004.wav
142,5,15000,46434,3.096,188391060,bank142/005.wav
142,6,15000,18409,1.227,188391060,bank142/006.wav
142,7,15000,6395,0.426,188391060,bank142/007.wav
142,8,8000,7981,0.998,188391060,bank142/008.wav
142,9,15000,45868,3.058,188391060,bank142/009.wav
142,10,8000,40504,5.063,188391060,bank142/010.wav
142,11,15000,31604,2.107,188391060,bank142/011.wav
142,12,15000,34511,2.301,188391060,bank142/012.wav
142,13,8000,9287,1.161,188391060,bank142/013.wav
142,14,8000,23445,2.931,188391060,bank142/014.wav
142,15,15000,11813,0.788,188391060,bank142/015.wav
142,16,15000,19223,1.282,188391060,bank142/016.wav
143,0,22050,20664,0.937,189224514,bank143/000.wav
144,0,8000,16000,2.0,189270646,bank144/000.wav
144,1,8000,16000,2.0,189270646,bank144/001.wav
144,2,9000,18000,2.0,189270646,bank144/002.wav
144,3,9000,18000,2.0,189270646,bank144/003.wav
145,0,22050,35840,1.625,189411450,bank145/000.wav
145,1,22050,15488,0.702,189411450,bank145/001.wav
146,0,12000,2100,0.175,189518910,bank146/000.wav
146,1,12000,1452,0.121,189518910,bank146/001.wav
146,2,8000,28672,3.584,189518910,bank146/002.wav
146,3,12000,2343,0.195,189518910,bank146/003.wav
146,4,8000,41465,5.183,189518910,bank146/004.wav
146,5,8000,14146,1.768,189518910,bank146/005.wav
147,0,18000,35112,1.951,189704070,bank147/000.wav
148,0,12000,19452,1.621,189779098,bank148/000.wav
148,1,12000,29956,2.496,189779098,bank148/001.wav
148,2,12000,20040,1.67,189779098,bank148/002.wav
148,3,12000,29041,2.42,189779098,bank148/003.wav
148,4,12000,19204,1.6,189779098,bank148/004.wav
148,5,12000,30010,2.501,189779098,bank148/005.wav
149,0,32000,4921,0.154,190079308,bank149/000.wav
149,1,32000,3524,0.11,190079308,bank149/001.wav
149,2,32000,7199,0.225,190079308,bank149/002.wav
149,3,22050,5766,0.261,190079308,bank149/003.wav
149,4,22050,7632,0.346,190079308,bank149/004.wav
149,5,22050,6752,0.306,190079308,bank149/005.wav
149,6,32000,10984,0.343,190079308,bank149/006.wav
149,7,12000,37864,3.155,190079308,bank149/007.wav
149,8,18000,3315,0.184,190079308,bank149/008.wav
149,9,18000,4461,0.248,190079308,bank149/009.wav
149,10,32000,3880,0.121,190079308,bank149/010.wav
150,0,18000,54963,3.054,190276708,bank150/000.wav
151,0,18700,29521,1.579,190391438,bank151/000.wav
151,1,32000,41840,1.308,190391438,bank151/001.wav
152,0,15000,12030,0.802,190538964,bank152/000.wav
152,1,18000,6366,0.354,190538964,bank152/001.wav
152,2,20000,13219,0.661,190538964,bank152/002.wav
153,0,22050,48168,2.184,190606998,bank153/000.wav
154,0,15000,26252,1.75,190708138,bank154/000.wav
154,1,12000,22501,1.875,190708138,bank154/001.wav
154,2,12000,14557,1.213,190708138,bank154/002.wav
154,3,12000,31970,2.664,190708138,bank154/003.wav
154,4,15000,40578,2.705,190708138,bank154/004.wav
154,5,12000,39950,3.329,190708138,bank154/005.wav
154,6,15000,14927,0.995,190708138,bank154/006.wav
154,7,15000,41037,2.736,190708138,bank154/007.wav
154,8,12000,32074,2.673,190708138,bank154/008.wav
154,9,15000,32272,2.151,190708138,bank154/009.wav
154,10,12000,12859,1.072,190708138,bank154/010.wav
154,11,15000,23380,1.559,190708138,bank154/011.wav
154,12,15000,29240,1.949,190708138,bank154/012.wav
154,13,12000,11343,0.945,190708138,bank154/013.wav
154,14,15000,36464,2.431,190708138,bank154/014.wav
154,15,12000,35317,2.943,190708138,bank154/015.wav
154,16,15000,23081,1.539,190708138,bank154/016.wav
154,17,12000,14137,1.178,190708138,bank154/017.wav
154,18,15000,13627,0.908,190708138,bank154/018.wav
154,19,12000,12862,1.072,190708138,bank154/019.wav
154,20,15000,15800,1.053,190708138,bank154/020.wav
154,21,12000,10309,0.859,190708138,bank154/021.wav
154,22,15000,15995,1.066,190708138,bank154/022.wav
154,23,15000,33114,2.208,190708138,bank154/023.wav
154,24,15000,29506,1.967,190708138,bank154/024.wav
154,25,15000,25975,1.732,190708138,bank154/025.wav
154,26,15000,41979,2.799,190708138,bank154/026.wav
154,27,12000,24231,2.019,190708138,bank154/027.wav
154,28,12000,19625,1.635,190708138,bank154/028.wav
154,29,12000,21552,1.796,190708138,bank154/029.wav
154,30,12000,20543,1.712,190708138,bank154/030.wav
154,31,12000,11010,0.917,190708138,bank154/031.wav
154,32,12000,14252,1.188,190708138,bank154/032.wav
154,33,12000,16314,1.359,190708138,bank154/033.wav
154,34,12000,15712,1.309,190708138,bank154/034.wav
154,35,12000,14524,1.21,190708138,bank154/035.wav
154,36,12000,14367,1.197,190708138,bank154/036.wav
154,37,12000,15691,1.308,190708138,bank154/037.wav
154,38,12000,19661,1.638,190708138,bank154/038.wav
154,39,12000,21590,1.799,190708138,bank154/039.wav
154,40,12000,12280,1.023,190708138,bank154/040.wav
154,41,12000,18534,1.544,190708138,bank154/041.wav
154,42,15000,21442,1.429,190708138,bank154/042.wav
154,43,12000,28860,2.405,190708138,bank154/043.wav
154,44,12000,28202,2.35,190708138,bank154/044.wav
154,45,15000,23453,1.564,190708138,bank154/045.wav
154,46,15000,29397,1.96,190708138,bank154/046.wav
154,47,12000,18342,1.528,190708138,bank154/047.wav
155,0,15000,16682,1.112,192894318,bank155/000.wav
155,1,12000,35246,2.937,192894318,bank155/001.wav
155,2,15000,18515,1.234,192894318,bank155/002.wav
155,3,15000,36414,2.428,192894318,bank155/003.wav
155,4,12000,29433,2.453,192894318,bank155/004.wav
155,5,15000,24446,1.63,192894318,bank155/005.wav
155,6,12000,32977,2.748,192894318,bank155/006.wav
155,7,15000,46375,3.092,192894318,bank155/007.wav
155,8,12000,38017,3.168,192894318,bank155/008.wav
155,9,15000,9197,0.613,192894318,bank155/009.wav
155,10,12000,28257,2.355,192894318,bank155/010.wav
155,11,15000,22424,1.495,192894318,bank155/011.wav
155,12,15000,17174,1.145,192894318,bank155/012.wav
155,13,12000,13201,1.1,192894318,bank155/013.wav
155,14,12000,19137,1.595,192894318,bank155/014.wav
155,15,15000,11400,0.76,192894318,bank155/015.wav
155,16,15000,26552,1.77,192894318,bank155/016.wav
155,17,12000,31257,2.605,192894318,bank155/017.wav
155,18,15000,46017,3.068,192894318,bank155/018.wav
155,19,15000,55145,3.676,192894318,bank155/019.wav
155,20,12000,17513,1.459,192894318,bank155/020.wav
155,21,12000,35652,2.971,192894318,bank155/021.wav
155,22,15000,26065,1.738,192894318,bank155/022.wav
155,23,12000,21212,1.768,192894318,bank155/023.wav
155,24,12000,28459,2.372,192894318,bank155/024.wav
155,25,12000,21744,1.812,192894318,bank155/025.wav
155,26,12000,28488,2.374,192894318,bank155/026.wav
155,27,12000,34403,2.867,192894318,bank155/027.wav
155,28,12000,35684,2.974,192894318,bank155/028.wav
155,29,12000,40424,3.369,192894318,bank155/029.wav
155,30,12000,20184,1.682,192894318,bank155/030.wav
155,31,12000,34401,2.867,192894318,bank155/031.wav
155,32,12000,18321,1.527,192894318,bank155/032.wav
155,33,12000,15718,1.31,192894318,bank155/033.wav
155,34,12000,14983,1.249,192894318,bank155/034.wav
155,35,12000,23042,1.92,192894318,bank155/035.wav
155,36,12000,28049,2.337,192894318,bank155/036.wav
155,37,12000,28102,2.342,192894318,bank155/037.wav
155,38,12000,19654,1.638,192894318,bank155/038.wav
155,39,12000,10069,0.839,192894318,bank155/039.wav
155,40,12000,10750,0.896,192894318,bank155/040.wav
155,41,12000,11925,0.994,192894318,bank155/041.wav
155,42,12000,14133,1.178,192894318,bank155/042.wav
155,43,12000,11880,0.99,192894318,bank155/043.wav
155,44,12000,15479,1.29,192894318,bank155/044.wav
155,45,12000,19654,1.638,192894318,bank155/045.wav
155,46,12000,24948,2.079,192894318,bank155/046.wav
155,47,12000,11635,0.97,192894318,bank155/047.wav
155,48,12000,10972,0.914,192894318,bank155/048.wav
155,49,12000,15738,1.312,192894318,bank155/049.wav
155,50,12000,12039,1.003,192894318,bank155/050.wav
155,51,12000,12537,1.045,192894318,bank155/051.wav
155,52,12000,15159,1.263,192894318,bank155/052.wav
155,53,12000,14386,1.199,192894318,bank155/053.wav
155,54,12000,14586,1.216,192894318,bank155/054.wav
155,55,12000,19953,1.663,192894318,bank155/055.wav
155,56,12000,19134,1.595,192894318,bank155/056.wav
155,57,12000,15065,1.255,192894318,bank155/057.wav
155,58,12000,16575,1.381,192894318,bank155/058.wav
155,59,12000,15328,1.277,192894318,bank155/059.wav
155,60,12000,18122,1.51,192894318,bank155/060.wav
155,61,12000,15620,1.302,192894318,bank155/061.wav
155,62,12000,40888,3.407,192894318,bank155/062.wav
155,63,15000,48733,3.249,192894318,bank155/063.wav
155,64,12000,37873,3.156,192894318,bank155/064.wav
155,65,12000,23264,1.939,192894318,bank155/065.wav
155,66,12000,7602,0.633,192894318,bank155/066.wav
155,67,12000,17193,1.433,192894318,bank155/067.wav
155,68,12000,19808,1.651,192894318,bank155/068.wav
155,69,12000,20156,1.68,192894318,bank155/069.wav
155,70,12000,8888,0.741,192894318,bank155/070.wav
155,71,12000,15704,1.309,192894318,bank155/071.wav
155,72,12000,15814,1.318,192894318,bank155/072.wav
155,73,12000,24002,2.0,192894318,bank155/073.wav
155,74,15000,29043,1.936,192894318,bank155/074.wav
155,75,12000,24725,2.06,192894318,bank155/075.wav
155,76,12000,41787,3.482,192894318,bank155/076.wav
155,77,12000,35881,2.99,192894318,bank155/077.wav
155,78,12000,19610,1.634,192894318,bank155/078.wav
155,79,12000,11268,0.939,192894318,bank155/079.wav
155,80,12000,25010,2.084,192894318,bank155/080.wav
155,81,15000,23033,1.536,192894318,bank155/081.wav
155,82,12000,13154,1.096,192894318,bank155/082.wav
155,83,12000,18177,1.515,192894318,bank155/083.wav
155,84,15000,13661,0.911,192894318,bank155/084.wav
155,85,12000,24177,2.015,192894318,bank155/085.wav
155,86,12000,17681,1.473,192894318,bank155/086.wav
155,87,15000,43276,2.885,192894318,bank155/087.wav
155,88,12000,23318,1.943,192894318,bank155/088.wav
156,0,15000,31514,2.101,196977876,bank156/000.wav
156,1,12000,43014,3.584,196977876,bank156/001.wav
156,2,15000,21939,1.463,196977876,bank156/002.wav
156,3,15000,41114,2.741,196977876,bank156/003.wav
156,4,12000,16803,1.4,196977876,bank156/004.wav
156,5,12000,12661,1.055,196977876,bank156/005.wav
156,6,15000,11745,0.783,196977876,bank156/006.wav
156,7,12000,20454,1.704,196977876,bank156/007.wav
156,8,15000,5501,0.367,196977876,bank156/008.wav
156,9,12000,7326,0.611,196977876,bank156/009.wav
156,10,15000,7707,0.514,196977876,bank156/010.wav
156,11,12000,20923,1.744,196977876,bank156/011.wav
156,12,12000,18203,1.517,196977876,bank156/012.wav
156,13,12000,24538,2.045,196977876,bank156/013.wav
156,14,12000,18654,1.554,196977876,bank156/014.wav
156,15,12000,16599,1.383,196977876,bank156/015.wav
156,16,15000,18705,1.247,196977876,bank156/016.wav
156,17,15000,15033,1.002,196977876,bank156/017.wav
156,18,15000,21733,1.449,196977876,bank156/018.wav
156,19,15000,14549,0.97,196977876,bank156/019.wav
156,20,15000,14341,0.956,196977876,bank156/020.wav
156,21,12000,13503,1.125,196977876,bank156/021.wav
156,22,12000,16187,1.349,196977876,bank156/022.wav
156,23,12000,15889,1.324,196977876,bank156/023.wav
156,24,12000,11618,0.968,196977876,bank156/024.wav
156,25,12000,13114,1.093,196977876,bank156/025.wav
156,26,12000,16553,1.379,196977876,bank156/026.wav
156,27,12000,22344,1.862,196977876,bank156/027.wav
156,28,12000,19550,1.629,196977876,bank156/028.wav
156,29,12000,20397,1.7,196977876,bank156/029.wav
156,30,12000,34638,2.886,196977876,bank156/030.wav
156,31,12000,13543,1.129,196977876,bank156/031.wav
156,32,12000,15946,1.329,196977876,bank156/032.wav
156,33,12000,18571,1.548,196977876,bank156/033.wav
156,34,12000,15272,1.273,196977876,bank156/034.wav
156,35,12000,13900,1.158,196977876,bank156/035.wav
156,36,12000,11009,0.917,196977876,bank156/036.wav
156,37,12000,13948,1.162,196977876,bank156/037.wav
156,38,12000,13036,1.086,196977876,bank156/038.wav
156,39,12000,14583,1.215,196977876,bank156/039.wav
156,40,12000,20707,1.726,196977876,bank156/040.wav
156,41,12000,18063,1.505,196977876,bank156/041.wav
156,42,12000,16378,1.365,196977876,bank156/042.wav
156,43,12000,13345,1.112,196977876,bank156/043.wav
156,44,15000,17407,1.16,196977876,bank156/044.wav
156,45,12000,7454,0.621,196977876,bank156/045.wav
156,46,15000,8019,0.535,196977876,bank156/046.wav
156,47,12000,10784,0.899,196977876,bank156/047.wav
156,48,15000,26206,1.747,196977876,bank156/048.wav
156,49,12000,16965,1.414,196977876,bank156/049.wav
156,50,12000,19370,1.614,196977876,bank156/050.wav
156,51,12000,12576,1.048,196977876,bank156/051.wav
156,52,12000,12732,1.061,196977876,bank156/052.wav
156,53,12000,17326,1.444,196977876,bank156/053.wav
156,54,12000,14090,1.174,196977876,bank156/054.wav
156,55,12000,9008,0.751,196977876,bank156/055.wav
156,56,12000,15565,1.297,196977876,bank156/056.wav
156,57,12000,18303,1.525,196977876,bank156/057.wav
156,58,12000,12069,1.006,196977876,bank156/058.wav
156,59,12000,17148,1.429,196977876,bank156/059.wav
156,60,12000,12434,1.036,196977876,bank156/060.wav
156,61,12000,19033,1.586,196977876,bank156/061.wav
156,62,12000,7309,0.609,196977876,bank156/062.wav
156,63,12000,16096,1.341,196977876,bank156/063.wav
156,64,12000,16436,1.37,196977876,bank156/064.wav
156,65,12000,11234,0.936,196977876,bank156/065.wav
156,66,12000,10317,0.86,196977876,bank156/066.wav
156,67,12000,10844,0.904,196977876,bank156/067.wav
156,68,12000,15945,1.329,196977876,bank156/068.wav
156,69,15000,29992,1.999,196977876,bank156/069.wav
156,70,15000,23977,1.598,196977876,bank156/070.wav
156,71,12000,20644,1.72,196977876,bank156/071.wav
156,72,12000,13924,1.16,196977876,bank156/072.wav
156,73,12000,13325,1.11,196977876,bank156/073.wav
156,74,12000,20062,1.672,196977876,bank156/074.wav
156,75,12000,9967,0.831,196977876,bank156/075.wav
156,76,12000,14085,1.174,196977876,bank156/076.wav
156,77,12000,11432,0.953,196977876,bank156/077.wav
156,78,12000,16230,1.353,196977876,bank156/078.wav
156,79,12000,14807,1.234,196977876,bank156/079.wav
156,80,12000,11855,0.988,196977876,bank156/080.wav
156,81,12000,11978,0.998,196977876,bank156/081.wav
156,82,15000,18362,1.224,196977876,bank156/082.wav
156,83,15000,16320,1.088,196977876,bank156/083.wav
156,84,15000,27651,1.843,196977876,bank156/084.wav
156,85,15000,41312,2.754,196977876,bank156/085.wav
156,86,12000,21390,1.782,196977876,bank156/086.wav
156,87,12000,21897,1.825,196977876,bank156/087.wav
156,88,12000,12871,1.073,196977876,bank156/088.wav
156,89,12000,17300,1.442,196977876,bank156/089.wav
156,90,12000,14321,1.193,196977876,bank156/090.wav
156,91,12000,11640,0.97,196977876,bank156/091.wav
156,92,12000,35476,2.956,196977876,bank156/092.wav
156,93,12000,22126,1.844,196977876,bank156/093.wav
156,94,12000,20553,1.713,196977876,bank156/094.wav
156,95,12000,16944,1.412,196977876,bank156/095.wav
156,96,12000,25355,2.113,196977876,bank156/096.wav
156,97,12000,24192,2.016,196977876,bank156/097.wav
156,98,15000,21751,1.45,196977876,bank156/098.wav
156,99,15000,35048,2.337,196977876,bank156/099.wav
156,100,12000,33762,2.813,196977876,bank156/100.wav
156,101,12000,36620,3.052,196977876,bank156/101.wav
156,102,12000,21952,1.829,196977876,bank156/102.wav
156,103,12000,22103,1.842,196977876,bank156/103.wav
156,104,12000,36496,3.041,196977876,bank156/104.wav
157,0,15000,11144,0.743,200797760,bank157/000.wav
157,1,15000,8488,0.566,200797760,bank157/001.wav
157,2,15000,6999,0.467,200797760,bank157/002.wav
157,3,15000,8068,0.538,200797760,bank157/003.wav
158,0,15000,43193,2.88,200871962,bank158/000.wav
158,1,12000,36646,3.054,200871962,bank158/001.wav
158,2,15000,34156,2.277,200871962,bank158/002.wav
158,3,12000,35001,2.917,200871962,bank158/003.wav
158,4,12000,15834,1.319,200871962,bank158/004.wav
158,5,15000,13470,0.898,200871962,bank158/005.wav
158,6,12000,12019,1.002,200871962,bank158/006.wav
158,7,15000,10007,0.667,200871962,bank158/007.wav
158,8,12000,7118,0.593,200871962,bank158/008.wav
158,9,12000,14312,1.193,200871962,bank158/009.wav
158,10,15000,56256,3.75,200871962,bank158/010.wav
158,11,12000,32951,2.746,200871962,bank158/011.wav
158,12,12000,20477,1.706,200871962,bank158/012.wav
158,13,15000,11335,0.756,200871962,bank158/013.wav
158,14,12000,30679,2.557,200871962,bank158/014.wav
158,15,12000,30094,2.508,200871962,bank158/015.wav
158,16,12000,19583,1.632,200871962,bank158/016.wav
158,17,15000,50429,3.362,200871962,bank158/017.wav
158,18,15000,26141,1.743,200871962,bank158/018.wav
158,19,12000,25124,2.094,200871962,bank158/019.wav
158,20,15000,21525,1.435,200871962,bank158/020.wav
158,21,12000,38276,3.19,200871962,bank158/021.wav
158,22,12000,17667,1.472,200871962,bank158/022.wav
158,23,15000,16475,1.098,200871962,bank158/023.wav
158,24,12000,29184,2.432,200871962,bank158/024.wav
158,25,12000,6750,0.562,200871962,bank158/025.wav
158,26,15000,17861,1.191,200871962,bank158/026.wav
158,27,12000,10265,0.855,200871962,bank158/027.wav
158,28,12000,19577,1.631,200871962,bank158/028.wav
158,29,12000,11133,0.928,200871962,bank158/029.wav
158,30,15000,24684,1.646,200871962,bank158/030.wav
158,31,15000,27946,1.863,200871962,bank158/031.wav
158,32,12000,42512,3.543,200871962,bank158/032.wav
158,33,12000,18551,1.546,200871962,bank158/033.wav
158,34,12000,41194,3.433,200871962,bank158/034.wav
158,35,12000,12290,1.024,200871962,bank158/035.wav
158,36,12000,53401,4.45,200871962,bank158/036.wav
158,37,15000,10767,0.718,200871962,bank158/037.wav
158,38,15000,43708,2.914,200871962,bank158/038.wav
158,39,12000,47832,3.986,200871962,bank158/039.wav
158,40,15000,22888,1.526,200871962,bank158/040.wav
158,41,12000,8301,0.692,200871962,bank158/041.wav
158,42,15000,10539,0.703,200871962,bank158/042.wav
158,43,12000,13923,1.16,200871962,bank158/043.wav
158,44,15000,35247,2.35,200871962,bank158/044.wav
158,45,12000,15305,1.275,200871962,bank158/045.wav
158,46,12000,28640,2.387,200871962,bank158/046.wav
158,47,15000,25840,1.723,200871962,bank158/047.wav
158,48,12000,24067,2.006,200871962,bank158/048.wav
158,49,12000,43649,3.637,200871962,bank158/049.wav
158,50,12000,23364,1.947,200871962,bank158/050.wav
158,51,12000,23225,1.935,200871962,bank158/051.wav
158,52,15000,27704,1.847,200871962,bank158/052.wav
158,53,12000,48293,4.024,200871962,bank158/053.wav
158,54,12000,55807,4.651,200871962,bank158/054.wav
158,55,12000,14235,1.186,200871962,bank158/055.wav
158,56,12000,30810,2.567,200871962,bank158/056.wav
158,57,12000,24995,2.083,200871962,bank158/057.wav
158,58,12000,36541,3.045,200871962,bank158/058.wav
158,59,15000,39069,2.605,200871962,bank158/059.wav
158,60,12000,29443,2.454,200871962,bank158/060.wav
158,61,15000,25793,1.72,200871962,bank158/061.wav
158,62,15000,25436,1.696,200871962,bank158/062.wav
158,63,15000,19714,1.314,200871962,bank158/063.wav
158,64,12000,15688,1.307,200871962,bank158/064.wav
158,65,12000,27273,2.273,200871962,bank158/065.wav
158,66,12000,20881,1.74,200871962,bank158/066.wav
158,67,12000,17181,1.432,200871962,bank158/067.wav
158,68,12000,13507,1.126,200871962,bank158/068.wav
158,69,12000,21829,1.819,200871962,bank158/069.wav
158,70,12000,26842,2.237,200871962,bank158/070.wav
158,71,12000,28027,2.336,200871962,bank158/071.wav
158,72,12000,26360,2.197,200871962,bank158/072.wav
158,73,12000,21640,1.803,200871962,bank158/073.wav
158,74,12000,11168,0.931,200871962,bank158/074.wav
158,75,12000,25553,2.129,200871962,bank158/075.wav
158,76,12000,30708,2.559,200871962,bank158/076.wav
159,0,12000,28973,2.414,204828582,bank159/000.wav
159,1,15000,19258,1.284,204828582,bank159/001.wav
159,2,12000,33294,2.775,204828582,bank159/002.wav
159,3,12000,24683,2.057,204828582,bank159/003.wav
159,4,12000,19072,1.589,204828582,bank159/004.wav
159,5,15000,16687,1.112,204828582,bank159/005.wav
159,6,12000,11484,0.957,204828582,bank159/006.wav
159,7,15000,47997,3.2,204828582,bank159/007.wav
159,8,12000,50475,4.206,204828582,bank159/008.wav
159,9,12000,18916,1.576,204828582,bank159/009.wav
159,10,15000,16055,1.07,204828582,bank159/010.wav
159,11,15000,41190,2.746,204828582,bank159/011.wav
159,12,12000,52270,4.356,204828582,bank159/012.wav
159,13,15000,23234,1.549,204828582,bank159/013.wav
159,14,12000,32987,2.749,204828582,bank159/014.wav
159,15,15000,30990,2.066,204828582,bank159/015.wav
159,16,15000,17518,1.168,204828582,bank159/016.wav
159,17,12000,39598,3.3,204828582,bank159/017.wav
159,18,12000,25029,2.086,204828582,bank159/018.wav
159,19,12000,18342,1.528,204828582,bank159/019.wav
159,20,12000,26188,2.182,204828582,bank159/020.wav
159,21,12000,21445,1.787,204828582,bank159/021.wav
159,22,12000,28034,2.336,204828582,bank159/022.wav
159,23,12000,46661,3.888,204828582,bank159/023.wav
159,24,12000,35176,2.931,204828582,bank159/024.wav
159,25,15000,27238,1.816,204828582,bank159/025.wav
159,26,15000,51567,3.438,204828582,bank159/026.wav
159,27,12000,22492,1.874,204828582,bank159/027.wav
159,28,12000,24687,2.057,204828582,bank159/028.wav
159,29,12000,25810,2.151,204828582,bank159/029.wav
159,30,12000,20689,1.724,204828582,bank159/030.wav
159,31,12000,35734,2.978,204828582,bank159/031.wav
159,32,12000,25216,2.101,204828582,bank159/032.wav
159,33,12000,25694,2.141,204828582,bank159/033.wav
159,34,12000,15850,1.321,204828582,bank159/034.wav
159,35,12000,25400,2.117,204828582,bank159/035.wav
159,36,12000,13428,1.119,204828582,bank159/036.wav
159,37,12000,17069,1.422,204828582,bank159/037.wav
159,38,12000,15525,1.294,204828582,bank159/038.wav
159,39,12000,18245,1.52,204828582,bank159/039.wav
159,40,12000,15085,1.257,204828582,bank159/040.wav
159,41,12000,25711,2.143,204828582,bank159/041.wav
159,42,12000,23112,1.926,204828582,bank159/042.wav
159,43,12000,25642,2.137,204828582,bank159/043.wav
159,44,12000,24464,2.039,204828582,bank159/044.wav
159,45,12000,18372,1.531,204828582,bank159/045.wav
159,46,12000,18354,1.53,204828582,bank159/046.wav
159,47,12000,23464,1.955,204828582,bank159/047.wav
159,48,12000,16299,1.358,204828582,bank159/048.wav
159,49,12000,24254,2.021,204828582,bank159/049.wav
159,50,12000,23559,1.963,204828582,bank159/050.wav
159,51,12000,21592,1.799,204828582,bank159/051.wav
159,52,12000,29716,2.476,204828582,bank159/052.wav
159,53,12000,33561,2.797,204828582,bank159/053.wav
159,54,12000,24476,2.04,204828582,bank159/054.wav
159,55,15000,17916,1.194,204828582,bank159/055.wav
159,56,12000,29754,2.479,204828582,bank159/056.wav
159,57,15000,19477,1.298,204828582,bank159/057.wav
159,58,15000,32455,2.164,204828582,bank159/058.wav
159,59,12000,7725,0.644,204828582,bank159/059.wav
159,60,12000,20071,1.673,204828582,bank159/060.wav
159,61,12000,28816,2.401,204828582,bank159/061.wav
159,62,12000,25928,2.161,204828582,bank159/062.wav
159,63,12000,54163,4.514,204828582,bank159/063.wav
159,64,12000,28399,2.367,204828582,bank159/064.wav
159,65,12000,35653,2.971,204828582,bank159/065.wav
159,66,15000,40797,2.72,204828582,bank159/066.wav
159,67,15000,18380,1.225,204828582,bank159/067.wav
159,68,12000,37927,3.161,204828582,bank159/068.wav
159,69,15000,15917,1.061,204828582,bank159/069.wav
159,70,12000,24972,2.081,204828582,bank159/070.wav
159,71,12000,33526,2.794,204828582,bank159/071.wav
159,72,12000,46989,3.916,204828582,bank159/072.wav
159,73,15000,44030,2.935,204828582,bank159/073.wav
159,74,15000,39101,2.607,204828582,bank159/074.wav
159,75,12000,24201,2.017,204828582,bank159/075.wav
159,76,12000,13904,1.159,204828582,bank159/076.wav
159,77,15000,36389,2.426,204828582,bank159/077.wav
159,78,12000,36769,3.064,204828582,bank159/078.wav
159,79,12000,26874,2.24,204828582,bank159/079.wav
159,80,12000,14903,1.242,204828582,bank159/080.wav
159,81,12000,11532,0.961,204828582,bank159/081.wav
159,82,12000,19217,1.601,204828582,bank159/082.wav
159,83,12000,13986,1.165,204828582,bank159/083.wav
159,84,12000,23453,1.954,204828582,bank159/084.wav
159,85,12000,12279,1.023,204828582,bank159/085.wav
159,86,12000,21200,1.767,204828582,bank159/086.wav
159,87,12000,29397,2.45,204828582,bank159/087.wav
159,88,12000,12268,1.022,204828582,bank159/088.wav
159,89,12000,14920,1.243,204828582,bank159/089.wav
160,0,12000,18959,1.58,209535684,bank160/000.wav
160,1,12000,16796,1.4,209535684,bank160/001.wav
160,2,12000,18383,1.532,209535684,bank160/002.wav
160,3,12000,40945,3.412,209535684,bank160/003.wav
160,4,15000,28452,1.897,209535684,bank160/004.wav
160,5,15000,54740,3.649,209535684,bank160/005.wav
160,6,12000,46090,3.841,209535684,bank160/006.wav
160,7,15000,32288,2.153,209535684,bank160/007.wav
160,8,12000,33571,2.798,209535684,bank160/008.wav
160,9,15000,47391,3.159,209535684,bank160/009.wav
160,10,12000,39491,3.291,209535684,bank160/010.wav
160,11,12000,27179,2.265,209535684,bank160/011.wav
160,12,15000,19079,1.272,209535684,bank160/012.wav
160,13,12000,28230,2.353,209535684,bank160/013.wav
160,14,12000,11208,0.934,209535684,bank160/014.wav
160,15,15000,18700,1.247,209535684,bank160/015.wav
160,16,15000,42957,2.864,209535684,bank160/016.wav
160,17,12000,18404,1.534,209535684,bank160/017.wav
160,18,12000,33752,2.813,209535684,bank160/018.wav
160,19,15000,39239,2.616,209535684,bank160/019.wav
160,20,12000,29298,2.442,209535684,bank160/020.wav
160,21,12000,17942,1.495,209535684,bank160/021.wav
160,22,15000,16001,1.067,209535684,bank160/022.wav
160,23,12000,26197,2.183,209535684,bank160/023.wav
160,24,12000,19967,1.664,209535684,bank160/024.wav
160,25,12000,20952,1.746,209535684,bank160/025.wav
160,26,12000,34696,2.891,209535684,bank160/026.wav
160,27,12000,15819,1.318,209535684,bank160/027.wav
160,28,12000,6319,0.527,209535684,bank160/028.wav
160,29,12000,12296,1.025,209535684,bank160/029.wav
160,30,12000,9815,0.818,209535684,bank160/030.wav
160,31,12000,21962,1.83,209535684,bank160/031.wav
160,32,12000,9555,0.796,209535684,bank160/032.wav
160,33,12000,13208,1.101,209535684,bank160/033.wav
160,34,12000,12581,1.048,209535684,bank160/034.wav
160,35,12000,14515,1.21,209535684,bank160/035.wav
160,36,12000,11496,0.958,209535684,bank160/036.wav
160,37,12000,13314,1.109,209535684,bank160/037.wav
160,38,12000,27067,2.256,209535684,bank160/038.wav
160,39,12000,22979,1.915,209535684,bank160/039.wav
160,40,12000,17843,1.487,209535684,bank160/040.wav
160,41,12000,35891,2.991,209535684,bank160/041.wav
160,42,12000,24102,2.009,209535684,bank160/042.wav
160,43,12000,31618,2.635,209535684,bank160/043.wav
160,44,12000,19967,1.664,209535684,bank160/044.wav
160,45,12000,39261,3.272,209535684,bank160/045.wav
160,46,12000,30054,2.505,209535684,bank160/046.wav
160,47,12000,21282,1.774,209535684,bank160/047.wav
160,48,12000,19071,1.589,209535684,bank160/048.wav
160,49,12000,18464,1.539,209535684,bank160/049.wav
160,50,12000,22943,1.912,209535684,bank160/050.wav
160,51,12000,11319,0.943,209535684,bank160/051.wav
160,52,12000,27638,2.303,209535684,bank160/052.wav
160,53,12000,27020,2.252,209535684,bank160/053.wav
160,54,12000,26420,2.202,209535684,bank160/054.wav
160,55,12000,19532,1.628,209535684,bank160/055.wav
160,56,12000,27155,2.263,209535684,bank160/056.wav
160,57,12000,18805,1.567,209535684,bank160/057.wav
160,58,15000,20132,1.342,209535684,bank160/058.wav
160,59,12000,22017,1.835,209535684,bank160/059.wav
160,60,15000,17719,1.181,209535684,bank160/060.wav
160,61,12000,28547,2.379,209535684,bank160/061.wav
160,62,12000,27753,2.313,209535684,bank160/062.wav
160,63,12000,23591,1.966,209535684,bank160/063.wav
160,64,12000,20602,1.717,209535684,bank160/064.wav
160,65,12000,15880,1.323,209535684,bank160/065.wav
160,66,12000,24494,2.041,209535684,bank160/066.wav
160,67,12000,22138,1.845,209535684,bank160/067.wav
161,0,12000,12678,1.056,212806670,bank161/000.wav
161,1,12000,7136,0.595,212806670,bank161/001.wav
161,2,12000,10169,0.847,212806670,bank161/002.wav
161,3,12000,16926,1.411,212806670,bank161/003.wav
161,4,12000,13716,1.143,212806670,bank161/004.wav
161,5,12000,21225,1.769,212806670,bank161/005.wav
161,6,12000,21034,1.753,212806670,bank161/006.wav
161,7,12000,24415,2.035,212806670,bank161/007.wav
161,8,12000,19040,1.587,212806670,bank161/008.wav
161,9,12000,17381,1.448,212806670,bank161/009.wav
161,10,12000,13838,1.153,212806670,bank161/010.wav
161,11,12000,13675,1.14,212806670,bank161/011.wav
161,12,12000,14819,1.235,212806670,bank161/012.wav
161,13,12000,11432,0.953,212806670,bank161/013.wav
161,14,12000,10714,0.893,212806670,bank161/014.wav
161,15,12000,16751,1.396,212806670,bank161/015.wav
161,16,12000,10520,0.877,212806670,bank161/016.wav
161,17,12000,17648,1.471,212806670,bank161/017.wav
161,18,12000,20115,1.676,212806670,bank161/018.wav
161,19,12000,19881,1.657,212806670,bank161/019.wav
161,20,12000,22310,1.859,212806670,bank161/020.wav
161,21,12000,16554,1.379,212806670,bank161/021.wav
161,22,12000,18446,1.537,212806670,bank161/022.wav
161,23,12000,18967,1.581,212806670,bank161/023.wav
161,24,12000,12755,1.063,212806670,bank161/024.wav
161,25,12000,9268,0.772,212806670,bank161/025.wav
161,26,12000,19727,1.644,212806670,bank161/026.wav
161,27,12000,11612,0.968,212806670,bank161/027.wav
161,28,12000,8926,0.744,212806670,bank161/028.wav
161,29,12000,12155,1.013,212806670,bank161/029.wav
161,30,12000,12439,1.037,212806670,bank161/030.wav
161,31,12000,11703,0.975,212806670,bank161/031.wav
161,32,12000,10217,0.851,212806670,bank161/032.wav
161,33,12000,15948,1.329,212806670,bank161/033.wav
161,34,12000,15815,1.318,212806670,bank161/034.wav
161,35,12000,13705,1.142,212806670,bank161/035.wav
161,36,12000,14247,1.187,212806670,bank161/036.wav
161,37,12000,19330,1.611,212806670,bank161/037.wav
161,38,12000,14975,1.248,212806670,bank161/038.wav
161,39,12000,8382,0.699,212806670,bank161/039.wav
161,40,12000,22945,1.912,212806670,bank161/040.wav
161,41,12000,21513,1.793,212806670,bank161/041.wav
161,42,12000,15057,1.255,212806670,bank161/042.wav
161,43,12000,17700,1.475,212806670,bank161/043.wav
161,44,12000,18511,1.543,212806670,bank161/044.wav
161,45,12000,17667,1.472,212806670,bank161/045.wav
161,46,12000,12932,1.078,212806670,bank161/046.wav
161,47,12000,20536,1.711,212806670,bank161/047.wav
161,48,12000,17623,1.469,212806670,bank161/048.wav
161,49,12000,17015,1.418,212806670,bank161/049.wav
161,50,12000,24681,2.057,212806670,bank161/050.wav
161,51,12000,23269,1.939,212806670,bank161/051.wav
161,52,12000,18368,1.531,212806670,bank161/052.wav
161,53,12000,18702,1.558,212806670,bank161/053.wav
161,54,12000,23363,1.947,212806670,bank161/054.wav
161,55,12000,19181,1.598,212806670,bank161/055.wav
161,56,12000,13796,1.15,212806670,bank161/056.wav
161,57,12000,15647,1.304,212806670,bank161/057.wav
161,58,12000,19225,1.602,212806670,bank161/058.wav
161,59,12000,13102,1.092,212806670,bank161/059.wav
161,60,12000,26643,2.22,212806670,bank161/060.wav
161,61,12000,13146,1.095,212806670,bank161/061.wav
161,62,12000,17571,1.464,212806670,bank161/062.wav
161,63,12000,17084,1.424,212806670,bank161/063.wav
161,64,12000,16864,1.405,212806670,bank161/064.wav
161,65,12000,17405,1.45,212806670,bank161/065.wav
161,66,12000,16005,1.334,212806670,bank161/066.wav
161,67,12000,24120,2.01,212806670,bank161/067.wav
161,68,12000,25111,2.093,212806670,bank161/068.wav
161,69,12000,18279,1.523,212806670,bank161/069.wav
161,70,12000,15641,1.303,212806670,bank161/070.wav
161,71,12000,24017,2.001,212806670,bank161/071.wav
161,72,12000,13460,1.122,212806670,bank161/072.wav
161,73,12000,24212,2.018,212806670,bank161/073.wav
162,0,15000,22779,1.519,215293444,bank162/000.wav
162,1,15000,45412,3.027,215293444,bank162/001.wav
162,2,12000,16437,1.37,215293444,bank162/002.wav
162,3,12000,25095,2.091,215293444,bank162/003.wav
162,4,12000,19934,1.661,215293444,bank162/004.wav
162,5,12000,25315,2.11,215293444,bank162/005.wav
162,6,12000,29685,2.474,215293444,bank162/006.wav
162,7,12000,34978,2.915,215293444,bank162/007.wav
162,8,12000,23149,1.929,215293444,bank162/008.wav
162,9,12000,35819,2.985,215293444,bank162/009.wav
162,10,12000,23506,1.959,215293444,bank162/010.wav
162,11,12000,13946,1.162,215293444,bank162/011.wav
162,12,12000,27182,2.265,215293444,bank162/012.wav
162,13,12000,29856,2.488,215293444,bank162/013.wav
162,14,12000,23288,1.941,215293444,bank162/014.wav
162,15,12000,26711,2.226,215293444,bank162/015.wav
163,0,11025,16492,1.496,216144432,bank163/000.wav
163,1,11025,33075,3.0,216144432,bank163/001.wav
163,2,18000,10335,0.574,216144432,bank163/002.wav
163,3,22050,7008,0.318,216144432,bank163/003.wav
163,4,22050,9840,0.446,216144432,bank163/004.wav
163,5,22050,9024,0.409,216144432,bank163/005.wav
163,6,20000,11669,0.583,216144432,bank163/006.wav
164,0,8000,24224,3.028,216344122,bank164/000.wav
164,1,8000,15571,1.946,216344122,bank164/001.wav
164,2,8000,21439,2.68,216344122,bank164/002.wav
164,3,8000,32196,4.024,216344122,bank164/003.wav
164,4,8000,21182,2.648,216344122,bank164/004.wav
164,5,8000,15686,1.961,216344122,bank164/005.wav
164,6,8000,19980,2.498,216344122,bank164/006.wav
164,7,8000,22421,2.803,216344122,bank164/007.wav
164,8,8000,31114,3.889,216344122,bank164/008.wav
164,9,8000,27250,3.406,216344122,bank164/009.wav
164,10,8000,21827,2.728,216344122,bank164/010.wav
164,11,8000,36238,4.53,216344122,bank164/011.wav
164,12,8000,16892,2.111,216344122,bank164/012.wav
164,13,8000,28472,3.559,216344122,bank164/013.wav
164,14,8000,25633,3.204,216344122,bank164/014.wav
164,15,8000,9360,1.17,216344122,bank164/015.wav
164,16,8000,11138,1.392,216344122,bank164/016.wav
164,17,8000,29089,3.636,216344122,bank164/017.wav
164,18,8000,28450,3.556,216344122,bank164/018.wav
164,19,8000,23023,2.878,216344122,bank164/019.wav
164,20,8000,24947,3.118,216344122,bank164/020.wav
164,21,8000,20860,2.607,216344122,bank164/021.wav
164,22,8000,44960,5.62,216344122,bank164/022.wav
164,23,8000,16374,2.047,216344122,bank164/023.wav
164,24,8000,23793,2.974,216344122,bank164/024.wav
164,25,8000,23210,2.901,216344122,bank164/025.wav
164,26,8000,34635,4.329,216344122,bank164/026.wav
164,27,8000,19289,2.411,216344122,bank164/027.wav
164,28,8000,12583,1.573,216344122,bank164/028.wav
164,29,8000,36719,4.59,216344122,bank164/029.wav
164,30,8000,16445,2.056,216344122,bank164/030.wav
164,31,8000,32605,4.076,216344122,bank164/031.wav
165,0,12000,30740,2.562,217884136,bank165/000.wav
165,1,15000,14089,0.939,217884136,bank165/001.wav
165,2,12000,54775,4.565,217884136,bank165/002.wav
165,3,15000,20409,1.361,217884136,bank165/003.wav
165,4,12000,19565,1.63,217884136,bank165/004.wav
165,5,15000,35062,2.337,217884136,bank165/005.wav
165,6,12000,37408,3.117,217884136,bank165/006.wav
165,7,12000,35518,2.96,217884136,bank165/007.wav
165,8,15000,56244,3.75,217884136,bank165/008.wav
165,9,12000,39467,3.289,217884136,bank165/009.wav
165,10,12000,31720,2.643,217884136,bank165/010.wav
165,11,12000,11364,0.947,217884136,bank165/011.wav
165,12,12000,50380,4.198,217884136,bank165/012.wav
165,13,12000,16109,1.342,217884136,bank165/013.wav
165,14,12000,23419,1.952,217884136,bank165/014.wav
165,15,12000,10429,0.869,217884136,bank165/015.wav
165,16,15000,19308,1.287,217884136,bank165/016.wav
165,17,12000,30492,2.541,217884136,bank165/017.wav
165,18,12000,36556,3.046,217884136,bank165/018.wav
165,19,15000,45523,3.035,217884136,bank165/019.wav
165,20,12000,7376,0.615,217884136,bank165/020.wav
165,21,12000,15927,1.327,217884136,bank165/021.wav
165,22,12000,29201,2.433,217884136,bank165/022.wav
165,23,12000,47582,3.965,217884136,bank165/023.wav
165,24,12000,31886,2.657,217884136,bank165/024.wav
165,25,12000,24768,2.064,217884136,bank165/025.wav
165,26,12000,34703,2.892,217884136,bank165/026.wav
165,27,12000,41338,3.445,217884136,bank165/027.wav
165,28,12000,24874,2.073,217884136,bank165/028.wav
165,29,12000,26124,2.177,217884136,bank165/029.wav
165,30,12000,31075,2.59,217884136,bank165/030.wav
165,31,15000,17943,1.196,217884136,bank165/031.wav
165,32,15000,47044,3.136,217884136,bank165/032.wav
165,33,15000,33362,2.224,217884136,bank165/033.wav
165,34,12000,36184,3.015,217884136,bank165/034.wav
165,35,12000,27712,2.309,217884136,bank165/035.wav
165,36,12000,30265,2.522,217884136,bank165/036.wav
165,37,12000,35136,2.928,217884136,bank165/037.wav
165,38,12000,29251,2.438,217884136,bank165/038.wav
165,39,12000,28142,2.345,217884136,bank165/039.wav
165,40,12000,25877,2.156,217884136,bank165/040.wav
165,41,12000,22327,1.861,217884136,bank165/041.wav
165,42,12000,29177,2.431,217884136,bank165/042.wav
165,43,12000,35449,2.954,217884136,bank165/043.wav
165,44,12000,31733,2.644,217884136,bank165/044.wav
165,45,12000,25530,2.127,217884136,bank165/045.wav
165,46,12000,32445,2.704,217884136,bank165/046.wav
165,47,12000,18229,1.519,217884136,bank165/047.wav
165,48,12000,13076,1.09,217884136,bank165/048.wav
165,49,12000,29417,2.451,217884136,bank165/049.wav
165,50,12000,13377,1.115,217884136,bank165/050.wav
165,51,12000,22337,1.861,217884136,bank165/051.wav
165,52,12000,21811,1.818,217884136,bank165/052.wav
165,53,12000,23571,1.964,217884136,bank165/053.wav
165,54,15000,35958,2.397,217884136,bank165/054.wav
165,55,15000,39548,2.637,217884136,bank165/055.wav
165,56,12000,36105,3.009,217884136,bank165/056.wav
165,57,15000,37713,2.514,217884136,bank165/057.wav
165,58,12000,39181,3.265,217884136,bank165/058.wav
165,59,15000,34313,2.288,217884136,bank165/059.wav
165,60,12000,17208,1.434,217884136,bank165/060.wav
165,61,12000,25930,2.161,217884136,bank165/061.wav
165,62,15000,12501,0.833,217884136,bank165/062.wav
165,63,12000,32911,2.743,217884136,bank165/063.wav
165,64,12000,28928,2.411,217884136,bank165/064.wav
165,65,15000,28728,1.915,217884136,bank165/065.wav
165,66,12000,25193,2.099,217884136,bank165/066.wav
165,67,15000,26067,1.738,217884136,bank165/067.wav
165,68,12000,30551,2.546,217884136,bank165/068.wav
165,69,15000,37086,2.472,217884136,bank165/069.wav
165,70,15000,43487,2.899,217884136,bank165/070.wav
165,71,12000,19376,1.615,217884136,bank165/071.wav
165,72,12000,15591,1.299,217884136,bank165/072.wav
165,73,15000,31469,2.098,217884136,bank165/073.wav
165,74,12000,16053,1.338,217884136,bank165/074.wav
165,75,12000,5900,0.492,217884136,bank165/075.wav
166,0,12000,11922,0.994,222254186,bank166/000.wav
166,1,15000,29333,1.956,222254186,bank166/001.wav
166,2,12000,39435,3.286,222254186,bank166/002.wav
166,3,15000,28594,1.906,222254186,bank166/003.wav
166,4,12000,33746,2.812,222254186,bank166/004.wav
166,5,15000,17958,1.197,222254186,bank166/005.wav
166,6,12000,26679,2.223,222254186,bank166/006.wav
166,7,15000,36859,2.457,222254186,bank166/007.wav
166,8,12000,39878,3.323,222254186,bank166/008.wav
166,9,15000,30066,2.004,222254186,bank166/009.wav
166,10,12000,25321,2.11,222254186,bank166/010.wav
166,11,12000,20492,1.708,222254186,bank166/011.wav
166,12,12000,39297,3.275,222254186,bank166/012.wav
166,13,12000,14694,1.224,222254186,bank166/013.wav
166,14,12000,13964,1.164,222254186,bank166/014.wav
166,15,12000,19491,1.624,222254186,bank166/015.wav
166,16,12000,30665,2.555,222254186,bank166/016.wav
166,17,12000,32191,2.683,222254186,bank166/017.wav
166,18,12000,13477,1.123,222254186,bank166/018.wav
166,19,12000,36173,3.014,222254186,bank166/019.wav
166,20,12000,26801,2.233,222254186,bank166/020.wav
166,21,12000,11880,0.99,222254186,bank166/021.wav
166,22,12000,38901,3.242,222254186,bank166/022.wav
166,23,12000,27533,2.294,222254186,bank166/023.wav
166,24,12000,31924,2.66,222254186,bank166/024.wav
166,25,12000,19971,1.664,222254186,bank166/025.wav
166,26,15000,46293,3.086,222254186,bank166/026.wav
166,27,12000,4170,0.347,222254186,bank166/027.wav
166,28,15000,11694,0.78,222254186,bank166/028.wav
166,29,12000,15002,1.25,222254186,bank166/029.wav
166,30,15000,23705,1.58,222254186,bank166/030.wav
166,31,12000,13034,1.086,222254186,bank166/031.wav
166,32,15000,24846,1.656,222254186,bank166/032.wav
166,33,12000,28293,2.358,222254186,bank166/033.wav
166,34,12000,42240,3.52,222254186,bank166/034.wav
166,35,12000,25353,2.113,222254186,bank166/035.wav
166,36,12000,26959,2.247,222254186,bank166/036.wav
166,37,12000,56775,4.731,222254186,bank166/037.wav
166,38,15000,17634,1.176,222254186,bank166/038.wav
166,39,12000,36881,3.073,222254186,bank166/039.wav
166,40,12000,35074,2.923,222254186,bank166/040.wav
167,0,15000,13574,0.905,224469386,bank167/000.wav
167,1,12000,12570,1.048,224469386,bank167/001.wav
167,2,12000,27420,2.285,224469386,bank167/002.wav
167,3,15000,25500,1.7,224469386,bank167/003.wav
167,4,12000,26060,2.172,224469386,bank167/004.wav
167,5,15000,8550,0.57,224469386,bank167/005.wav
167,6,12000,48166,4.014,224469386,bank167/006.wav
167,7,12000,40401,3.367,224469386,bank167/007.wav
167,8,15000,20295,1.353,224469386,bank167/008.wav
167,9,12000,29220,2.435,224469386,bank167/009.wav
167,10,12000,15276,1.273,224469386,bank167/010.wav
167,11,15000,17572,1.171,224469386,bank167/011.wav
167,12,15000,18248,1.217,224469386,bank167/012.wav
167,13,12000,51527,4.294,224469386,bank167/013.wav
167,14,15000,14934,0.996,224469386,bank167/014.wav
167,15,15000,50470,3.365,224469386,bank167/015.wav
167,16,12000,16549,1.379,224469386,bank167/016.wav
167,17,15000,15783,1.052,224469386,bank167/017.wav
167,18,12000,18871,1.573,224469386,bank167/018.wav
167,19,12000,18902,1.575,224469386,bank167/019.wav
167,20,12000,13043,1.087,224469386,bank167/020.wav
167,21,12000,19228,1.602,224469386,bank167/021.wav
167,22,12000,14537,1.211,224469386,bank167/022.wav
167,23,15000,28917,1.928,224469386,bank167/023.wav
167,24,12000,25328,2.111,224469386,bank167/024.wav
167,25,15000,33877,2.258,224469386,bank167/025.wav
167,26,12000,24008,2.001,224469386,bank167/026.wav
167,27,12000,28925,2.41,224469386,bank167/027.wav
167,28,12000,25268,2.106,224469386,bank167/028.wav
167,29,12000,37327,3.111,224469386,bank167/029.wav
167,30,12000,30922,2.577,224469386,bank167/030.wav
167,31,12000,27600,2.3,224469386,bank167/031.wav
167,32,12000,19393,1.616,224469386,bank167/032.wav
167,33,12000,25562,2.13,224469386,bank167/033.wav
167,34,12000,40045,3.337,224469386,bank167/034.wav
167,35,12000,23331,1.944,224469386,bank167/035.wav
167,36,12000,22254,1.855,224469386,bank167/036.wav
167,37,12000,26934,2.244,224469386,bank167/037.wav
167,38,12000,22932,1.911,224469386,bank167/038.wav
167,39,12000,36059,3.005,224469386,bank167/039.wav
167,40,12000,21961,1.83,224469386,bank167/040.wav
167,41,12000,16436,1.37,224469386,bank167/041.wav
167,42,12000,23617,1.968,224469386,bank167/042.wav
167,43,15000,23561,1.571,224469386,bank167/043.wav
167,44,15000,24980,1.665,224469386,bank167/044.wav
167,45,15000,27117,1.808,224469386,bank167/045.wav
167,46,12000,18302,1.525,224469386,bank167/046.wav
167,47,12000,16391,1.366,224469386,bank167/047.wav
167,48,12000,26943,2.245,224469386,bank167/048.wav
167,49,12000,22189,1.849,224469386,bank167/049.wav
167,50,12000,11178,0.931,224469386,bank167/050.wav
167,51,12000,39987,3.332,224469386,bank167/051.wav
167,52,12000,20808,1.734,224469386,bank167/052.wav
167,53,15000,29898,1.993,224469386,bank167/053.wav
167,54,12000,54776,4.565,224469386,bank167/054.wav
167,55,12000,18805,1.567,224469386,bank167/055.wav
167,56,12000,10476,0.873,224469386,bank167/056.wav
167,57,12000,16298,1.358,224469386,bank167/057.wav
167,58,12000,27148,2.262,224469386,bank167/058.wav
167,59,12000,27088,2.257,224469386,bank167/059.wav
167,60,12000,31953,2.663,224469386,bank167/060.wav
167,61,15000,27851,1.857,224469386,bank167/061.wav
167,62,12000,9723,0.81,224469386,bank167/062.wav
167,63,15000,21020,1.401,224469386,bank167/063.wav
167,64,12000,43608,3.634,224469386,bank167/064.wav
167,65,15000,40230,2.682,224469386,bank167/065.wav
167,66,12000,38254,3.188,224469386,bank167/066.wav
167,67,12000,21831,1.819,224469386,bank167/067.wav
167,68,15000,22177,1.478,224469386,bank167/068.wav
167,69,12000,55804,4.65,224469386,bank167/069.wav
167,70,15000,53305,3.554,224469386,bank167/070.wav
167,71,15000,49115,3.274,224469386,bank167/071.wav
167,72,12000,11511,0.959,224469386,bank167/072.wav
167,73,12000,40406,3.367,224469386,bank167/073.wav
167,74,15000,14402,0.96,224469386,bank167/074.wav
167,75,12000,25648,2.137,224469386,bank167/075.wav
167,76,12000,30592,2.549,224469386,bank167/076.wav
167,77,15000,21765,1.451,224469386,bank167/077.wav
167,78,12000,17768,1.481,224469386,bank167/078.wav
167,79,15000,49620,3.308,224469386,bank167/079.wav
167,80,12000,12086,1.007,224469386,bank167/080.wav
167,81,15000,27222,1.815,224469386,bank167/081.wav
167,82,12000,48109,4.009,224469386,bank167/082.wav
167,83,15000,23218,1.548,224469386,bank167/083.wav
167,84,12000,40907,3.409,224469386,bank167/084.wav
167,85,12000,20637,1.72,224469386,bank167/085.wav
167,86,12000,33688,2.807,224469386,bank167/086.wav
167,87,15000,32385,2.159,224469386,bank167/087.wav
167,88,15000,11504,0.767,224469386,bank167/088.wav
168,0,15000,32428,2.162,229213542,bank168/000.wav
168,1,12000,25520,2.127,229213542,bank168/001.wav
168,2,12000,45675,3.806,229213542,bank168/002.wav
168,3,15000,19709,1.314,229213542,bank168/003.wav
168,4,12000,21913,1.826,229213542,bank168/004.wav
168,5,12000,28440,2.37,229213542,bank168/005.wav
168,6,12000,32064,2.672,229213542,bank168/006.wav
168,7,15000,11955,0.797,229213542,bank168/007.wav
168,8,12000,23422,1.952,229213542,bank168/008.wav
168,9,12000,54283,4.524,229213542,bank168/009.wav
168,10,12000,34197,2.85,229213542,bank168/010.wav
168,11,12000,43913,3.659,229213542,bank168/011.wav
168,12,15000,9672,0.645,229213542,bank168/012.wav
168,13,12000,7299,0.608,229213542,bank168/013.wav
168,14,12000,45494,3.791,229213542,bank168/014.wav
168,15,15000,46856,3.124,229213542,bank168/015.wav
168,16,12000,24124,2.01,229213542,bank168/016.wav
168,17,12000,40645,3.387,229213542,bank168/017.wav
168,18,15000,18175,1.212,229213542,bank168/018.wav
168,19,15000,28493,1.9,229213542,bank168/019.wav
168,20,12000,12923,1.077,229213542,bank168/020.wav
168,21,12000,25994,2.166,229213542,bank168/021.wav
168,22,12000,11874,0.99,229213542,bank168/022.wav
168,23,12000,13865,1.155,229213542,bank168/023.wav
168,24,12000,21539,1.795,229213542,bank168/024.wav
168,25,12000,30475,2.54,229213542,bank168/025.wav
168,26,12000,28333,2.361,229213542,bank168/026.wav
168,27,12000,34803,2.9,229213542,bank168/027.wav
168,28,12000,28550,2.379,229213542,bank168/028.wav
168,29,12000,32007,2.667,229213542,bank168/029.wav
168,30,12000,35198,2.933,229213542,bank168/030.wav
168,31,12000,23500,1.958,229213542,bank168/031.wav
168,32,12000,17763,1.48,229213542,bank168/032.wav
168,33,12000,18375,1.531,229213542,bank168/033.wav
168,34,12000,17257,1.438,229213542,bank168/034.wav
168,35,12000,15032,1.253,229213542,bank168/035.wav
168,36,12000,16304,1.359,229213542,bank168/036.wav
168,37,12000,28464,2.372,229213542,bank168/037.wav
168,38,12000,23826,1.986,229213542,bank168/038.wav
168,39,12000,20921,1.743,229213542,bank168/039.wav
168,40,12000,28265,2.355,229213542,bank168/040.wav
168,41,12000,23066,1.922,229213542,bank168/041.wav
168,42,12000,33385,2.782,229213542,bank168/042.wav
168,43,12000,20903,1.742,229213542,bank168/043.wav
168,44,12000,21467,1.789,229213542,bank168/044.wav
168,45,12000,18081,1.507,229213542,bank168/045.wav
168,46,12000,16443,1.37,229213542,bank168/046.wav
168,47,12000,17823,1.485,229213542,bank168/047.wav
168,48,12000,8197,0.683,229213542,bank168/048.wav
168,49,12000,10298,0.858,229213542,bank168/049.wav
168,50,12000,21802,1.817,229213542,bank168/050.wav
168,51,12000,11984,0.999,229213542,bank168/051.wav
168,52,12000,37507,3.126,229213542,bank168/052.wav
168,53,12000,29603,2.467,229213542,bank168/053.wav
168,54,12000,20831,1.736,229213542,bank168/054.wav
168,55,12000,25435,2.12,229213542,bank168/055.wav
168,56,12000,23266,1.939,229213542,bank168/056.wav
168,57,12000,15727,1.311,229213542,bank168/057.wav
168,58,12000,26418,2.201,229213542,bank168/058.wav
168,59,12000,22719,1.893,229213542,bank168/059.wav
168,60,12000,26418,2.201,229213542,bank168/060.wav
168,61,12000,16442,1.37,229213542,bank168/061.wav
168,62,12000,33489,2.791,229213542,bank168/062.wav
168,63,15000,25707,1.714,229213542,bank168/063.wav
168,64,15000,23446,1.563,229213542,bank168/064.wav
168,65,15000,37005,2.467,229213542,bank168/065.wav
168,66,15000,31592,2.106,229213542,bank168/066.wav
168,67,12000,32096,2.675,229213542,bank168/067.wav
168,68,12000,38276,3.19,229213542,bank168/068.wav
168,69,12000,15257,1.271,229213542,bank168/069.wav
168,70,12000,41147,3.429,229213542,bank168/070.wav
168,71,12000,20695,1.725,229213542,bank168/071.wav
168,72,15000,38632,2.575,229213542,bank168/072.wav
168,73,15000,19833,1.322,229213542,bank168/073.wav
168,74,12000,50407,4.201,229213542,bank168/074.wav
168,75,12000,21590,1.799,229213542,bank168/075.wav
168,76,15000,54750,3.65,229213542,bank168/076.wav
168,77,12000,36523,3.044,229213542,bank168/077.wav
168,78,12000,18862,1.572,229213542,bank168/078.wav
168,79,15000,46360,3.091,229213542,bank168/079.wav
168,80,12000,37682,3.14,229213542,bank168/080.wav
168,81,12000,27495,2.291,229213542,bank168/081.wav
168,82,15000,36739,2.449,229213542,bank168/082.wav
168,83,15000,22275,1.485,229213542,bank168/083.wav
168,84,15000,27167,1.811,229213542,bank168/084.wav
168,85,15000,26778,1.785,229213542,bank168/085.wav
168,86,12000,39742,3.312,229213542,bank168/086.wav
168,87,15000,33047,2.203,229213542,bank168/087.wav
168,88,12000,21659,1.805,229213542,bank168/088.wav
168,89,15000,35334,2.356,229213542,bank168/089.wav
168,90,12000,20749,1.729,229213542,bank168/090.wav
168,91,12000,17408,1.451,229213542,bank168/091.wav
168,92,15000,14709,0.981,229213542,bank168/092.wav
168,93,12000,35100,2.925,229213542,bank168/093.wav
168,94,12000,45652,3.804,229213542,bank168/094.wav
168,95,15000,28312,1.887,229213542,bank168/095.wav
168,96,12000,33061,2.755,229213542,bank168/096.wav
168,97,12000,15636,1.303,229213542,bank168/097.wav
168,98,15000,29721,1.981,229213542,bank168/098.wav
168,99,12000,12588,1.049,229213542,bank168/099.wav
168,100,12000,11756,0.98,229213542,bank168/100.wav
168,101,15000,14918,0.995,229213542,bank168/101.wav
168,102,12000,11723,0.977,229213542,bank168/102.wav
168,103,15000,18182,1.212,229213542,bank168/103.wav
168,104,15000,18552,1.237,229213542,bank168/104.wav
168,105,15000,21974,1.465,229213542,bank168/105.wav
168,106,12000,12402,1.034,229213542,bank168/106.wav
168,107,12000,17402,1.45,229213542,bank168/107.wav
168,108,12000,11447,0.954,229213542,bank168/108.wav
168,109,12000,21441,1.787,229213542,bank168/109.wav
168,110,15000,17831,1.189,229213542,bank168/110.wav
168,111,12000,27439,2.287,229213542,bank168/111.wav
168,112,15000,38360,2.557,229213542,bank168/112.wav
168,113,12000,23522,1.96,229213542,bank168/113.wav
168,114,12000,21447,1.787,229213542,bank168/114.wav
168,115,12000,11224,0.935,229213542,bank168/115.wav
168,116,12000,24173,2.014,229213542,bank168/116.wav
168,117,12000,21955,1.83,229213542,bank168/117.wav
168,118,15000,36939,2.463,229213542,bank168/118.wav
168,119,12000,37320,3.11,229213542,bank168/119.wav
168,120,15000,17275,1.152,229213542,bank168/120.wav
168,121,15000,17003,1.134,229213542,bank168/121.wav
168,122,15000,20105,1.34,229213542,bank168/122.wav
168,123,15000,22570,1.505,229213542,bank168/123.wav
168,124,15000,9731,0.649,229213542,bank168/124.wav
168,125,15000,13828,0.922,229213542,bank168/125.wav
168,126,15000,17060,1.137,229213542,bank168/126.wav
168,127,15000,18036,1.202,229213542,bank168/127.wav
168,128,12000,10707,0.892,229213542,bank168/128.wav
168,129,12000,20231,1.686,229213542,bank168/129.wav
168,130,12000,25412,2.118,229213542,bank168/130.wav
168,131,15000,14833,0.989,229213542,bank168/131.wav
168,132,15000,43270,2.885,229213542,bank168/132.wav
168,133,12000,11781,0.982,229213542,bank168/133.wav
169,0,12000,4052,0.338,235929806,bank169/000.wav
169,1,12000,7516,0.626,235929806,bank169/001.wav
169,2,12000,14165,1.18,235929806,bank169/002.wav
169,3,12000,21905,1.825,235929806,bank169/003.wav
169,4,12000,20968,1.747,235929806,bank169/004.wav
169,5,12000,7876,0.656,235929806,bank169/005.wav
169,6,12000,12405,1.034,235929806,bank169/006.wav
169,7,12000,10476,0.873,235929806,bank169/007.wav
169,8,12000,11479,0.957,235929806,bank169/008.wav
169,9,12000,12910,1.076,235929806,bank169/009.wav
169,10,12000,20092,1.674,235929806,bank169/010.wav
169,11,12000,21280,1.773,235929806,bank169/011.wav
169,12,12000,7352,0.613,235929806,bank169/012.wav
169,13,12000,8478,0.707,235929806,bank169/013.wav
169,14,12000,22569,1.881,235929806,bank169/014.wav
169,15,12000,18806,1.567,235929806,bank169/015.wav
169,16,12000,17227,1.436,235929806,bank169/016.wav
169,17,12000,20891,1.741,235929806,bank169/017.wav
169,18,12000,21815,1.818,235929806,bank169/018.wav
169,19,12000,21331,1.778,235929806,bank169/019.wav
169,20,12000,3355,0.28,235929806,bank169/020.wav
169,21,12000,13648,1.137,235929806,bank169/021.wav
169,22,12000,8633,0.719,235929806,bank169/022.wav
169,23,12000,12721,1.06,235929806,bank169/023.wav
169,24,12000,9079,0.757,235929806,bank169/024.wav
169,25,12000,14273,1.189,235929806,bank169/025.wav
169,26,12000,15018,1.252,235929806,bank169/026.wav
169,27,12000,16054,1.338,235929806,bank169/027.wav
169,28,12000,11165,0.93,235929806,bank169/028.wav
169,29,12000,14001,1.167,235929806,bank169/029.wav
169,30,12000,11581,0.965,235929806,bank169/030.wav
169,31,12000,13334,1.111,235929806,bank169/031.wav
169,32,12000,25643,2.137,235929806,bank169/032.wav
169,33,12000,12725,1.06,235929806,bank169/033.wav
169,34,12000,16433,1.369,235929806,bank169/034.wav
169,35,12000,23711,1.976,235929806,bank169/035.wav
169,36,12000,11408,0.951,235929806,bank169/036.wav
169,37,12000,19769,1.647,235929806,bank169/037.wav
169,38,12000,12068,1.006,235929806,bank169/038.wav
169,39,12000,22013,1.834,235929806,bank169/039.wav
169,40,12000,12535,1.045,235929806,bank169/040.wav
169,41,12000,16553,1.379,235929806,bank169/041.wav
169,42,12000,8813,0.734,235929806,bank169/042.wav
169,43,12000,16955,1.413,235929806,bank169/043.wav
169,44,12000,17831,1.486,235929806,bank169/044.wav
169,45,12000,13971,1.164,235929806,bank169/045.wav
169,46,12000,24650,2.054,235929806,bank169/046.wav
169,47,12000,19461,1.622,235929806,bank169/047.wav
169,48,12000,7091,0.591,235929806,bank169/048.wav
169,49,12000,26331,2.194,235929806,bank169/049.wav
169,50,12000,25429,2.119,235929806,bank169/050.wav
169,51,12000,18851,1.571,235929806,bank169/051.wav
169,52,12000,19296,1.608,235929806,bank169/052.wav
169,53,12000,21344,1.779,235929806,bank169/053.wav
169,54,12000,15701,1.308,235929806,bank169/054.wav
169,55,12000,12858,1.071,235929806,bank169/055.wav
169,56,12000,15408,1.284,235929806,bank169/056.wav
169,57,12000,14638,1.22,235929806,bank169/057.wav
169,58,12000,25528,2.127,235929806,bank169/058.wav
169,59,12000,17738,1.478,235929806,bank169/059.wav
169,60,12000,15643,1.304,235929806,bank169/060.wav
169,61,12000,19996,1.666,235929806,bank169/061.wav
169,62,12000,20185,1.682,235929806,bank169/062.wav
169,63,12000,16195,1.35,235929806,bank169/063.wav
169,64,12000,13108,1.092,235929806,bank169/064.wav
169,65,12000,12472,1.039,235929806,bank169/065.wav
169,66,12000,19932,1.661,235929806,bank169/066.wav
169,67,12000,17428,1.452,235929806,bank169/067.wav
169,68,12000,8567,0.714,235929806,bank169/068.wav
169,69,12000,8606,0.717,235929806,bank169/069.wav
169,70,12000,6872,0.573,235929806,bank169/070.wav
169,71,12000,23893,1.991,235929806,bank169/071.wav
169,72,12000,18060,1.505,235929806,bank169/072.wav
169,73,12000,12752,1.063,235929806,bank169/073.wav
169,74,12000,11999,1.0,235929806,bank169/074.wav
169,75,12000,16304,1.359,235929806,bank169/075.wav
169,76,12000,21748,1.812,235929806,bank169/076.wav
169,77,12000,14281,1.19,235929806,bank169/077.wav
169,78,12000,18170,1.514,235929806,bank169/078.wav
169,79,12000,13482,1.123,235929806,bank169/079.wav
169,80,12000,20135,1.678,235929806,bank169/080.wav
169,81,12000,13703,1.142,235929806,bank169/081.wav
169,82,12000,15644,1.304,235929806,bank169/082.wav
169,83,12000,21901,1.825,235929806,bank169/083.wav
170,0,12000,15572,1.298,238579176,bank170/000.wav
171,0,16000,46463,2.904,238615124,bank171/000.wav
171,1,19993,48977,2.45,238615124,bank171/001.wav
171,2,17600,85004,4.83,238615124,bank171/002.wav
171,3,17600,57214,3.251,238615124,bank171/003.wav
171,4,17600,95221,5.41,238615124,bank171/004.wav
171,5,17600,105100,5.972,238615124,bank171/005.wav
172,0,22050,14368,0.652,239495886,bank172/000.wav
172,1,22050,8951,0.406,239495886,bank172/001.wav
173,0,12000,30554,2.546,239547328,bank173/000.wav
173,1,12000,33364,2.78,239547328,bank173/001.wav
173,2,12000,35571,2.964,239547328,bank173/002.wav
173,3,12000,10787,0.899,239547328,bank173/003.wav
173,4,15000,25314,1.688,239547328,bank173/004.wav
174,0,12000,25507,2.126,239823312,bank174/000.wav
174,1,12000,16830,1.403,239823312,bank174/001.wav
174,2,15000,7426,0.495,239823312,bank174/002.wav
174,3,12000,15744,1.312,239823312,bank174/003.wav
174,4,12000,33324,2.777,239823312,bank174/004.wav
174,5,12000,31053,2.588,239823312,bank174/005.wav
174,6,15000,26143,1.743,239823312,bank174/006.wav
174,7,15000,29300,1.953,239823312,bank174/007.wav
174,8,12000,32756,2.73,239823312,bank174/008.wav
174,9,15000,39739,2.649,239823312,bank174/009.wav
174,10,15000,32509,2.167,239823312,bank174/010.wav
174,11,12000,30984,2.582,239823312,bank174/011.wav
174,12,15000,48421,3.228,239823312,bank174/012.wav
174,13,12000,42962,3.58,239823312,bank174/013.wav
174,14,15000,42546,2.836,239823312,bank174/014.wav
174,15,15000,45402,3.027,239823312,bank174/015.wav
174,16,15000,20891,1.393,239823312,bank174/016.wav
174,17,15000,30596,2.04,239823312,bank174/017.wav
174,18,12000,43876,3.656,239823312,bank174/018.wav
174,19,15000,30138,2.009,239823312,bank174/019.wav
174,20,12000,13589,1.132,239823312,bank174/020.wav
174,21,12000,13150,1.096,239823312,bank174/021.wav
174,22,12000,14284,1.19,239823312,bank174/022.wav
174,23,12000,20905,1.742,239823312,bank174/023.wav
174,24,12000,18429,1.536,239823312,bank174/024.wav
174,25,12000,18367,1.531,239823312,bank174/025.wav
174,26,15000,27954,1.864,239823312,bank174/026.wav
174,27,15000,30920,2.061,239823312,bank174/027.wav
174,28,15000,40490,2.699,239823312,bank174/028.wav
174,29,12000,31531,2.628,239823312,bank174/029.wav
174,30,15000,50601,3.373,239823312,bank174/030.wav
174,31,12000,28991,2.416,239823312,bank174/031.wav
174,32,12000,27132,2.261,239823312,bank174/032.wav
174,33,12000,22162,1.847,239823312,bank174/033.wav
174,34,15000,33200,2.213,239823312,bank174/034.wav
174,35,12000,27537,2.295,239823312,bank174/035.wav
174,36,15000,31356,2.09,239823312,bank174/036.wav
174,37,12000,36260,3.022,239823312,bank174/037.wav
174,38,12000,17070,1.423,239823312,bank174/038.wav
174,39,12000,20498,1.708,239823312,bank174/039.wav
174,40,12000,31254,2.604,239823312,bank174/040.wav
174,41,12000,26197,2.183,239823312,bank174/041.wav
174,42,12000,32544,2.712,239823312,bank174/042.wav
174,43,12000,16766,1.397,239823312,bank174/043.wav
174,44,12000,14393,1.199,239823312,bank174/044.wav
174,45,15000,27797,1.853,239823312,bank174/045.wav
174,46,15000,27435,1.829,239823312,bank174/046.wav
174,47,12000,22178,1.848,239823312,bank174/047.wav
174,48,12000,32024,2.669,239823312,bank174/048.wav
174,49,12000,18786,1.565,239823312,bank174/049.wav
174,50,12000,13298,1.108,239823312,bank174/050.wav
174,51,12000,19002,1.583,239823312,bank174/051.wav
174,52,15000,18280,1.219,239823312,bank174/052.wav
174,53,15000,33158,2.211,239823312,bank174/053.wav
174,54,12000,13441,1.12,239823312,bank174/054.wav
174,55,12000,12870,1.073,239823312,bank174/055.wav
174,56,12000,15427,1.286,239823312,bank174/056.wav
174,57,12000,15870,1.323,239823312,bank174/057.wav
174,58,12000,17841,1.487,239823312,bank174/058.wav
174,59,12000,14353,1.196,239823312,bank174/059.wav
174,60,12000,22023,1.835,239823312,bank174/060.wav
175,0,12000,19331,1.611,243019136,bank175/000.wav
175,1,15000,17986,1.199,243019136,bank175/001.wav
175,2,12000,26966,2.247,243019136,bank175/002.wav
175,3,15000,46853,3.124,243019136,bank175/003.wav
175,4,12000,46816,3.901,243019136,bank175/004.wav
175,5,15000,53517,3.568,243019136,bank175/005.wav
175,6,12000,14758,1.23,243019136,bank175/006.wav
175,7,15000,36818,2.455,243019136,bank175/007.wav
175,8,12000,27777,2.315,243019136,bank175/008.wav
175,9,15000,38780,2.585,243019136,bank175/009.wav
175,10,12000,34008,2.834,243019136,bank175/010.wav
175,11,12000,47526,3.961,243019136,bank175/011.wav
175,12,12000,20465,1.705,243019136,bank175/012.wav
175,13,12000,26344,2.195,243019136,bank175/013.wav
175,14,12000,36639,3.053,243019136,bank175/014.wav
175,15,12000,33722,2.81,243019136,bank175/015.wav
175,16,12000,19164,1.597,243019136,bank175/016.wav
175,17,12000,22944,1.912,243019136,bank175/017.wav
175,18,12000,31621,2.635,243019136,bank175/018.wav
175,19,12000,26633,2.219,243019136,bank175/019.wav
175,20,12000,25640,2.137,243019136,bank175/020.wav
175,21,12000,19553,1.629,243019136,bank175/021.wav
175,22,12000,21815,1.818,243019136,bank175/022.wav
175,23,12000,21580,1.798,243019136,bank175/023.wav
175,24,12000,19599,1.633,243019136,bank175/024.wav
175,25,15000,40430,2.695,243019136,bank175/025.wav
175,26,12000,20000,1.667,243019136,bank175/026.wav
175,27,12000,17559,1.463,243019136,bank175/027.wav
175,28,15000,18090,1.206,243019136,bank175/028.wav
175,29,15000,31168,2.078,243019136,bank175/029.wav
175,30,12000,17587,1.466,243019136,bank175/030.wav
175,31,12000,26377,2.198,243019136,bank175/031.wav
175,32,12000,15044,1.254,243019136,bank175/032.wav
175,33,15000,22980,1.532,243019136,bank175/033.wav
175,34,12000,24924,2.077,243019136,bank175/034.wav
175,35,12000,30557,2.546,243019136,bank175/035.wav
176,0,8000,27085,3.386,245027082,bank176/000.wav
176,1,15000,9610,0.641,245027082,bank176/001.wav
176,2,15000,38961,2.597,245027082,bank176/002.wav
176,3,8000,31691,3.961,245027082,bank176/003.wav
176,4,15000,24946,1.663,245027082,bank176/004.wav
176,5,15000,40080,2.672,245027082,bank176/005.wav
176,6,15000,41778,2.785,245027082,bank176/006.wav
176,7,12000,16221,1.352,245027082,bank176/007.wav
176,8,12000,31014,2.584,245027082,bank176/008.wav
176,9,12000,22676,1.89,245027082,bank176/009.wav
176,10,12000,23033,1.919,245027082,bank176/010.wav
176,11,12000,23224,1.935,245027082,bank176/011.wav
176,12,12000,20762,1.73,245027082,bank176/012.wav
176,13,12000,31482,2.623,245027082,bank176/013.wav
176,14,12000,30155,2.513,245027082,bank176/014.wav
176,15,12000,42208,3.517,245027082,bank176/015.wav
176,16,12000,42409,3.534,245027082,bank176/016.wav
176,17,12000,11738,0.978,245027082,bank176/017.wav
176,18,12000,12185,1.015,245027082,bank176/018.wav
176,19,12000,13450,1.121,245027082,bank176/019.wav
176,20,12000,20904,1.742,245027082,bank176/020.wav
176,21,12000,18428,1.536,245027082,bank176/021.wav
176,22,12000,17874,1.49,245027082,bank176/022.wav
176,23,12000,26164,2.18,245027082,bank176/023.wav
176,24,12000,21673,1.806,245027082,bank176/024.wav
176,25,12000,25926,2.16,245027082,bank176/025.wav
176,26,12000,43546,3.629,245027082,bank176/026.wav
176,27,12000,17070,1.423,245027082,bank176/027.wav
176,28,12000,20332,1.694,245027082,bank176/028.wav
176,29,12000,31232,2.603,245027082,bank176/029.wav
176,30,12000,26197,2.183,245027082,bank176/030.wav
176,31,12000,32543,2.712,245027082,bank176/031.wav
176,32,12000,16766,1.397,245027082,bank176/032.wav
176,33,12000,14293,1.191,245027082,bank176/033.wav
176,34,12000,22171,1.848,245027082,bank176/034.wav
176,35,12000,31429,2.619,245027082,bank176/035.wav
176,36,12000,17127,1.427,245027082,bank176/036.wav
176,37,12000,13135,1.095,245027082,bank176/037.wav
176,38,12000,18781,1.565,245027082,bank176/038.wav
176,39,12000,11144,0.929,245027082,bank176/039.wav
176,40,12000,11758,0.98,245027082,bank176/040.wav
176,41,12000,14868,1.239,245027082,bank176/041.wav
176,42,12000,15802,1.317,245027082,bank176/042.wav
176,43,12000,17392,1.449,245027082,bank176/043.wav
176,44,12000,14325,1.194,245027082,bank176/044.wav
176,45,12000,21013,1.751,245027082,bank176/045.wav
177,0,12000,8950,0.746,247185088,bank177/000.wav
177,1,15000,31790,2.119,247185088,bank177/001.wav
177,2,12000,32805,2.734,247185088,bank177/002.wav
177,3,12000,10779,0.898,247185088,bank177/003.wav
177,4,15000,15441,1.029,247185088,bank177/004.wav
177,5,12000,21815,1.818,247185088,bank177/005.wav
177,6,12000,16693,1.391,247185088,bank177/006.wav
177,7,12000,26177,2.181,247185088,bank177/007.wav
177,8,12000,26279,2.19,247185088,bank177/008.wav
177,9,12000,20706,1.726,247185088,bank177/009.wav
177,10,12000,23426,1.952,247185088,bank177/010.wav
177,11,12000,23999,2.0,247185088,bank177/011.wav
177,12,12000,25029,2.086,247185088,bank177/012.wav
177,13,12000,26578,2.215,247185088,bank177/013.wav
177,14,12000,25067,2.089,247185088,bank177/014.wav
177,15,12000,22442,1.87,247185088,bank177/015.wav
177,16,12000,22971,1.914,247185088,bank177/016.wav
177,17,12000,26877,2.24,247185088,bank177/017.wav
177,18,12000,19965,1.664,247185088,bank177/018.wav
177,19,12000,22508,1.876,247185088,bank177/019.wav
177,20,12000,28929,2.411,247185088,bank177/020.wav
177,21,12000,21637,1.803,247185088,bank177/021.wav
177,22,12000,23954,1.996,247185088,bank177/022.wav
177,23,12000,13142,1.095,247185088,bank177/023.wav
177,24,12000,17341,1.445,247185088,bank177/024.wav
177,25,12000,23214,1.935,247185088,bank177/025.wav
177,26,12000,15828,1.319,247185088,bank177/026.wav
177,27,12000,13941,1.162,247185088,bank177/027.wav
177,28,12000,13889,1.157,247185088,bank177/028.wav
177,29,12000,11554,0.963,247185088,bank177/029.wav
177,30,12000,13870,1.156,247185088,bank177/030.wav
177,31,12000,10049,0.837,247185088,bank177/031.wav
177,32,12000,17835,1.486,247185088,bank177/032.wav
177,33,12000,16653,1.388,247185088,bank177/033.wav
177,34,12000,12446,1.037,247185088,bank177/034.wav
177,35,12000,17199,1.433,247185088,bank177/035.wav
177,36,15000,20630,1.375,247185088,bank177/036.wav
177,37,12000,13826,1.152,247185088,bank177/037.wav
177,38,15000,18868,1.258,247185088,bank177/038.wav
177,39,15000,20434,1.362,247185088,bank177/039.wav
177,40,12000,35343,2.945,247185088,bank177/040.wav
177,41,12000,17685,1.474,247185088,bank177/041.wav
177,42,12000,11870,0.989,247185088,bank177/042.wav
177,43,15000,52837,3.522,247185088,bank177/043.wav
177,44,12000,21524,1.794,247185088,bank177/044.wav
177,45,12000,22262,1.855,247185088,bank177/045.wav
177,46,12000,25726,2.144,247185088,bank177/046.wav
177,47,12000,21072,1.756,247185088,bank177/047.wav
177,48,15000,45270,3.018,247185088,bank177/048.wav
177,49,12000,40998,3.417,247185088,bank177/049.wav
177,50,12000,11564,0.964,247185088,bank177/050.wav
177,51,15000,30720,2.048,247185088,bank177/051.wav
177,52,12000,15915,1.326,247185088,bank177/052.wav
177,53,12000,38006,3.167,247185088,bank177/053.wav
177,54,12000,31396,2.616,247185088,bank177/054.wav
177,55,12000,27351,2.279,247185088,bank177/055.wav
177,56,15000,48975,3.265,247185088,bank177/056.wav
177,57,12000,21819,1.818,247185088,bank177/057.wav
177,58,12000,19152,1.596,247185088,bank177/058.wav
177,59,12000,15138,1.262,247185088,bank177/059.wav
177,60,12000,28639,2.387,247185088,bank177/060.wav
177,61,12000,34081,2.84,247185088,bank177/061.wav
177,62,12000,24925,2.077,247185088,bank177/062.wav
177,63,15000,23674,1.578,247185088,bank177/063.wav
177,64,15000,27100,1.807,247185088,bank177/064.wav
177,65,15000,25389,1.693,247185088,bank177/065.wav
177,66,12000,39013,3.251,247185088,bank177/066.wav
177,67,15000,27860,1.857,247185088,bank177/067.wav
177,68,12000,46234,3.853,247185088,bank177/068.wav
177,69,12000,18294,1.524,247185088,bank177/069.wav
177,70,15000,19466,1.298,247185088,bank177/070.wav
177,71,12000,7811,0.651,247185088,bank177/071.wav
177,72,12000,29428,2.452,247185088,bank177/072.wav
177,73,15000,25107,1.674,247185088,bank177/073.wav
177,74,12000,28189,2.349,247185088,bank177/074.wav
177,75,12000,45050,3.754,247185088,bank177/075.wav
177,76,12000,12900,1.075,247185088,bank177/076.wav
177,77,12000,47083,3.924,247185088,bank177/077.wav
177,78,12000,31979,2.665,247185088,bank177/078.wav
177,79,12000,8876,0.74,247185088,bank177/079.wav
177,80,15000,24305,1.62,247185088,bank177/080.wav
177,81,12000,15008,1.251,247185088,bank177/081.wav
177,82,15000,23359,1.557,247185088,bank177/082.wav
177,83,15000,33717,2.248,247185088,bank177/083.wav
177,84,12000,48905,4.075,247185088,bank177/084.wav
177,85,12000,49977,4.165,247185088,bank177/085.wav
177,86,15000,30574,2.038,247185088,bank177/086.wav
177,87,12000,27470,2.289,247185088,bank177/087.wav
177,88,12000,32293,2.691,247185088,bank177/088.wav
177,89,12000,22163,1.847,247185088,bank177/089.wav
177,90,12000,19698,1.641,247185088,bank177/090.wav
177,91,12000,25548,2.129,247185088,bank177/091.wav
177,92,12000,20981,1.748,247185088,bank177/092.wav
177,93,12000,13786,1.149,247185088,bank177/093.wav
177,94,12000,24619,2.052,247185088,bank177/094.wav
178,0,12000,29363,2.447,251817212,bank178/000.wav
178,1,15000,37386,2.492,251817212,bank178/001.wav
178,2,12000,33272,2.773,251817212,bank178/002.wav
178,3,12000,29638,2.47,251817212,bank178/003.wav
178,4,12000,30384,2.532,251817212,bank178/004.wav
178,5,12000,13790,1.149,251817212,bank178/005.wav
178,6,12000,32034,2.67,251817212,bank178/006.wav
178,7,12000,15710,1.309,251817212,bank178/007.wav
178,8,12000,27071,2.256,251817212,bank178/008.wav
178,9,12000,27931,2.328,251817212,bank178/009.wav
178,10,12000,23366,1.947,251817212,bank178/010.wav
178,11,15000,9899,0.66,251817212,bank178/011.wav
178,12,12000,33528,2.794,251817212,bank178/012.wav
178,13,12000,14327,1.194,251817212,bank178/013.wav
178,14,12000,12444,1.037,251817212,bank178/014.wav
178,15,12000,20961,1.747,251817212,bank178/015.wav
178,16,12000,13113,1.093,251817212,bank178/016.wav
178,17,12000,33158,2.763,251817212,bank178/017.wav
178,18,12000,33286,2.774,251817212,bank178/018.wav
178,19,12000,20268,1.689,251817212,bank178/019.wav
178,20,12000,26300,2.192,251817212,bank178/020.wav
178,21,12000,38439,3.203,251817212,bank178/021.wav
178,22,12000,32965,2.747,251817212,bank178/022.wav
178,23,12000,18388,1.532,251817212,bank178/023.wav
178,24,12000,23805,1.984,251817212,bank178/024.wav
178,25,12000,6882,0.574,251817212,bank178/025.wav
178,26,12000,21981,1.832,251817212,bank178/026.wav
178,27,12000,24783,2.065,251817212,bank178/027.wav
178,28,12000,17854,1.488,251817212,bank178/028.wav
178,29,12000,8068,0.672,251817212,bank178/029.wav
178,30,12000,16965,1.414,251817212,bank178/030.wav
178,31,12000,18749,1.562,251817212,bank178/031.wav
178,32,15000,35094,2.34,251817212,bank178/032.wav
178,33,12000,29688,2.474,251817212,bank178/033.wav
178,34,12000,43388,3.616,251817212,bank178/034.wav
178,35,12000,39943,3.329,251817212,bank178/035.wav
178,36,12000,20188,1.682,251817212,bank178/036.wav
178,37,12000,23034,1.919,251817212,bank178/037.wav
178,38,12000,17516,1.46,251817212,bank178/038.wav
178,39,12000,25851,2.154,251817212,bank178/039.wav
178,40,12000,27034,2.253,251817212,bank178/040.wav
178,41,12000,40706,3.392,251817212,bank178/041.wav
178,42,12000,16133,1.344,251817212,bank178/042.wav
178,43,12000,32626,2.719,251817212,bank178/043.wav
178,44,12000,19533,1.628,251817212,bank178/044.wav
178,45,12000,35499,2.958,251817212,bank178/045.wav
178,46,12000,29092,2.424,251817212,bank178/046.wav
178,47,12000,20559,1.713,251817212,bank178/047.wav
178,48,12000,11698,0.975,251817212,bank178/048.wav
178,49,12000,21349,1.779,251817212,bank178/049.wav
178,50,12000,17265,1.439,251817212,bank178/050.wav
178,51,12000,28142,2.345,251817212,bank178/051.wav
178,52,12000,26793,2.233,251817212,bank178/052.wav
178,53,12000,18355,1.53,251817212,bank178/053.wav
178,54,15000,15778,1.052,251817212,bank178/054.wav
178,55,12000,43898,3.658,251817212,bank178/055.wav
178,56,12000,15172,1.264,251817212,bank178/056.wav
178,57,12000,39135,3.261,251817212,bank178/057.wav
178,58,12000,26396,2.2,251817212,bank178/058.wav
178,59,12000,27984,2.332,251817212,bank178/059.wav
178,60,12000,17335,1.445,251817212,bank178/060.wav
178,61,12000,14284,1.19,251817212,bank178/061.wav
178,62,12000,32470,2.706,251817212,bank178/062.wav
178,63,12000,15383,1.282,251817212,bank178/063.wav
178,64,12000,13215,1.101,251817212,bank178/064.wav
178,65,12000,28704,2.392,251817212,bank178/065.wav
178,66,12000,16044,1.337,251817212,bank178/066.wav
178,67,15000,33966,2.264,251817212,bank178/067.wav
178,68,15000,25077,1.672,251817212,bank178/068.wav
178,69,12000,48660,4.055,251817212,bank178/069.wav
178,70,12000,25876,2.156,251817212,bank178/070.wav
178,71,15000,5520,0.368,251817212,bank178/071.wav
178,72,12000,33064,2.755,251817212,bank178/072.wav
178,73,15000,43075,2.872,251817212,bank178/073.wav
178,74,12000,45695,3.808,251817212,bank178/074.wav
178,75,12000,43264,3.605,251817212,bank178/075.wav
178,76,15000,23333,1.556,251817212,bank178/076.wav
178,77,12000,41086,3.424,251817212,bank178/077.wav
178,78,15000,33420,2.228,251817212,bank178/078.wav
178,79,12000,13685,1.14,251817212,bank178/079.wav
178,80,12000,28123,2.344,251817212,bank178/080.wav
178,81,12000,41096,3.425,251817212,bank178/081.wav
179,0,15000,33317,2.221,256054680,bank179/000.wav
179,1,12000,12741,1.062,256054680,bank179/001.wav
179,2,12000,34183,2.849,256054680,bank179/002.wav
179,3,12000,24737,2.061,256054680,bank179/003.wav
179,4,12000,32501,2.708,256054680,bank179/004.wav
179,5,15000,31517,2.101,256054680,bank179/005.wav
179,6,12000,45490,3.791,256054680,bank179/006.wav
179,7,12000,29855,2.488,256054680,bank179/007.wav
179,8,15000,28658,1.911,256054680,bank179/008.wav
179,9,12000,29741,2.478,256054680,bank179/009.wav
179,10,12000,21315,1.776,256054680,bank179/010.wav
179,11,12000,22455,1.871,256054680,bank179/011.wav
179,12,12000,9337,0.778,256054680,bank179/012.wav
179,13,12000,8041,0.67,256054680,bank179/013.wav
179,14,12000,10795,0.9,256054680,bank179/014.wav
179,15,12000,13803,1.15,256054680,bank179/015.wav
179,16,12000,10587,0.882,256054680,bank179/016.wav
179,17,12000,7041,0.587,256054680,bank179/017.wav
179,18,12000,34363,2.864,256054680,bank179/018.wav
179,19,12000,27721,2.31,256054680,bank179/019.wav
179,20,12000,27845,2.32,256054680,bank179/020.wav
179,21,12000,33484,2.79,256054680,bank179/021.wav
179,22,12000,30799,2.567,256054680,bank179/022.wav
179,23,12000,25446,2.12,256054680,bank179/023.wav
179,24,12000,37018,3.085,256054680,bank179/024.wav
179,25,12000,28387,2.366,256054680,bank179/025.wav
179,26,12000,21461,1.788,256054680,bank179/026.wav
179,27,12000,26044,2.17,256054680,bank179/027.wav
179,28,12000,23923,1.994,256054680,bank179/028.wav
179,29,12000,45676,3.806,256054680,bank179/029.wav
179,30,12000,26147,2.179,256054680,bank179/030.wav
179,31,12000,30398,2.533,256054680,bank179/031.wav
179,32,12000,22244,1.854,256054680,bank179/032.wav
179,33,12000,10155,0.846,256054680,bank179/033.wav
179,34,12000,11013,0.918,256054680,bank179/034.wav
179,35,12000,38463,3.205,256054680,bank179/035.wav
179,36,12000,16929,1.411,256054680,bank179/036.wav
179,37,12000,24953,2.079,256054680,bank179/037.wav
179,38,12000,20168,1.681,256054680,bank179/038.wav
179,39,12000,19400,1.617,256054680,bank179/039.wav
179,40,12000,21880,1.823,256054680,bank179/040.wav
179,41,12000,21044,1.754,256054680,bank179/041.wav
179,42,12000,25182,2.099,256054680,bank179/042.wav
179,43,12000,20434,1.703,256054680,bank179/043.wav
179,44,12000,20861,1.738,256054680,bank179/044.wav
179,45,12000,20632,1.719,256054680,bank179/045.wav
179,46,12000,29294,2.441,256054680,bank179/046.wav
179,47,12000,38118,3.176,256054680,bank179/047.wav
179,48,12000,20773,1.731,256054680,bank179/048.wav
179,49,12000,19831,1.653,256054680,bank179/049.wav
179,50,12000,31551,2.629,256054680,bank179/050.wav
179,51,12000,41791,3.483,256054680,bank179/051.wav
179,52,12000,11132,0.928,256054680,bank179/052.wav
179,53,12000,29411,2.451,256054680,bank179/053.wav
179,54,12000,9858,0.822,256054680,bank179/054.wav
179,55,12000,15362,1.28,256054680,bank179/055.wav
179,56,12000,24302,2.025,256054680,bank179/056.wav
179,57,12000,28796,2.4,256054680,bank179/057.wav
179,58,12000,34118,2.843,256054680,bank179/058.wav
179,59,12000,31552,2.629,256054680,bank179/059.wav
179,60,12000,42270,3.522,256054680,bank179/060.wav
179,61,12000,45486,3.791,256054680,bank179/061.wav
179,62,15000,48686,3.246,256054680,bank179/062.wav
179,63,12000,33459,2.788,256054680,bank179/063.wav
179,64,15000,40084,2.672,256054680,bank179/064.wav
179,65,12000,38259,3.188,256054680,bank179/065.wav
179,66,15000,18789,1.253,256054680,bank179/066.wav
179,67,12000,31166,2.597,256054680,bank179/067.wav
179,68,12000,42853,3.571,256054680,bank179/068.wav
179,69,15000,50738,3.383,256054680,bank179/069.wav
179,70,12000,20125,1.677,256054680,bank179/070.wav
179,71,12000,28626,2.385,256054680,bank179/071.wav
179,72,15000,11442,0.763,256054680,bank179/072.wav
179,73,15000,43579,2.905,256054680,bank179/073.wav
180,0,12000,10618,0.885,260018754,bank180/000.wav
180,1,12000,19821,1.652,260018754,bank180/001.wav
180,2,12000,20545,1.712,260018754,bank180/002.wav
180,3,12000,16219,1.352,260018754,bank180/003.wav
180,4,12000,20063,1.672,260018754,bank180/004.wav
180,5,12000,22227,1.852,260018754,bank180/005.wav
180,6,15000,18417,1.228,260018754,bank180/006.wav
180,7,12000,29378,2.448,260018754,bank180/007.wav
180,8,12000,42878,3.573,260018754,bank180/008.wav
180,9,15000,23290,1.553,260018754,bank180/009.wav
180,10,12000,17261,1.438,260018754,bank180/010.wav
180,11,12000,26055,2.171,260018754,bank180/011.wav
180,12,15000,19676,1.312,260018754,bank180/012.wav
180,13,12000,33130,2.761,260018754,bank180/013.wav
180,14,12000,44295,3.691,260018754,bank180/014.wav
180,15,12000,26188,2.182,260018754,bank180/015.wav
180,16,12000,54101,4.508,260018754,bank180/016.wav
180,17,12000,41614,3.468,260018754,bank180/017.wav
180,18,12000,32603,2.717,260018754,bank180/018.wav
180,19,12000,30149,2.512,260018754,bank180/019.wav
180,20,12000,30384,2.532,260018754,bank180/020.wav
180,21,12000,26037,2.17,260018754,bank180/021.wav
180,22,12000,14978,1.248,260018754,bank180/022.wav
180,23,12000,20263,1.689,260018754,bank180/023.wav
180,24,12000,28225,2.352,260018754,bank180/024.wav
180,25,12000,33040,2.753,260018754,bank180/025.wav
180,26,12000,19746,1.645,260018754,bank180/026.wav
180,27,12000,15448,1.287,260018754,bank180/027.wav
180,28,12000,13448,1.121,260018754,bank180/028.wav
180,29,12000,24406,2.034,260018754,bank180/029.wav
180,30,12000,14674,1.223,260018754,bank180/030.wav
180,31,12000,18950,1.579,260018754,bank180/031.wav
180,32,12000,20705,1.725,260018754,bank180/032.wav
180,33,12000,48973,4.081,260018754,bank180/033.wav
180,34,12000,27216,2.268,260018754,bank180/034.wav
180,35,12000,24650,2.054,260018754,bank180/035.wav
180,36,12000,32389,2.699,260018754,bank180/036.wav
180,37,15000,33758,2.251,260018754,bank180/037.wav
180,38,12000,33712,2.809,260018754,bank180/038.wav
180,39,12000,23543,1.962,260018754,bank180/039.wav
180,40,15000,43110,2.874,260018754,bank180/040.wav
180,41,12000,32639,2.72,260018754,bank180/041.wav
180,42,12000,22837,1.903,260018754,bank180/042.wav
180,43,12000,21108,1.759,260018754,bank180/043.wav
180,44,12000,28414,2.368,260018754,bank180/044.wav
180,45,12000,27594,2.3,260018754,bank180/045.wav
180,46,12000,41156,3.43,260018754,bank180/046.wav
180,47,12000,44206,3.684,260018754,bank180/047.wav
180,48,12000,39169,3.264,260018754,bank180/048.wav
180,49,12000,18763,1.564,260018754,bank180/049.wav
180,50,12000,25505,2.125,260018754,bank180/050.wav
180,51,12000,46109,3.842,260018754,bank180/051.wav
180,52,12000,35701,2.975,260018754,bank180/052.wav
180,53,12000,18389,1.532,260018754,bank180/053.wav
180,54,12000,30846,2.571,260018754,bank180/054.wav
180,55,12000,19783,1.649,260018754,bank180/055.wav
180,56,12000,16854,1.405,260018754,bank180/056.wav
180,57,12000,20785,1.732,260018754,bank180/057.wav
180,58,12000,11883,0.99,260018754,bank180/058.wav
180,59,12000,16248,1.354,260018754,bank180/059.wav
180,60,12000,29784,2.482,260018754,bank180/060.wav
181,0,12000,12445,1.037,263311470,bank181/000.wav
181,1,12000,23026,1.919,263311470,bank181/001.wav
181,2,12000,20878,1.74,263311470,bank181/002.wav
181,3,12000,22743,1.895,263311470,bank181/003.wav
181,4,12000,16679,1.39,263311470,bank181/004.wav
181,5,12000,22691,1.891,263311470,bank181/005.wav
181,6,15000,14692,0.979,263311470,bank181/006.wav
181,7,12000,36162,3.014,263311470,bank181/007.wav
181,8,12000,51767,4.314,263311470,bank181/008.wav
181,9,12000,23553,1.963,263311470,bank181/009.wav
181,10,12000,33029,2.752,263311470,bank181/010.wav
181,11,12000,24620,2.052,263311470,bank181/011.wav
181,12,12000,49556,4.13,263311470,bank181/012.wav
181,13,12000,35406,2.95,263311470,bank181/013.wav
181,14,15000,25786,1.719,263311470,bank181/014.wav
181,15,12000,21920,1.827,263311470,bank181/015.wav
181,16,12000,19452,1.621,263311470,bank181/016.wav
181,17,12000,17989,1.499,263311470,bank181/017.wav
181,18,12000,21930,1.827,263311470,bank181/018.wav
181,19,12000,16162,1.347,263311470,bank181/019.wav
181,20,12000,18485,1.54,263311470,bank181/020.wav
181,21,12000,13609,1.134,263311470,bank181/021.wav
181,22,12000,24961,2.08,263311470,bank181/022.wav
181,23,12000,12287,1.024,263311470,bank181/023.wav
181,24,15000,26286,1.752,263311470,bank181/024.wav
181,25,12000,30937,2.578,263311470,bank181/025.wav
181,26,8000,8150,1.019,263311470,bank181/026.wav
181,27,8000,10698,1.337,263311470,bank181/027.wav
181,28,12000,30062,2.505,263311470,bank181/028.wav
181,29,12000,27341,2.278,263311470,bank181/029.wav
181,30,12000,28701,2.392,263311470,bank181/030.wav
181,31,12000,23249,1.937,263311470,bank181/031.wav
181,32,15000,34229,2.282,263311470,bank181/032.wav
181,33,15000,48183,3.212,263311470,bank181/033.wav
181,34,15000,40138,2.676,263311470,bank181/034.wav
181,35,12000,26778,2.232,263311470,bank181/035.wav
181,36,12000,23943,1.995,263311470,bank181/036.wav
181,37,12000,22212,1.851,263311470,bank181/037.wav
181,38,12000,27618,2.301,263311470,bank181/038.wav
182,0,12000,15732,1.311,265292980,bank182/000.wav
182,1,15000,33517,2.234,265292980,bank182/001.wav
182,2,12000,27721,2.31,265292980,bank182/002.wav
182,3,12000,23509,1.959,265292980,bank182/003.wav
182,4,15000,19021,1.268,265292980,bank182/004.wav
182,5,12000,24810,2.067,265292980,bank182/005.wav
182,6,12000,16218,1.351,265292980,bank182/006.wav
182,7,12000,15030,1.252,265292980,bank182/007.wav
182,8,12000,14221,1.185,265292980,bank182/008.wav
182,9,15000,14455,0.964,265292980,bank182/009.wav
182,10,12000,22444,1.87,265292980,bank182/010.wav
182,11,12000,23341,1.945,265292980,bank182/011.wav
182,12,15000,39685,2.646,265292980,bank182/012.wav
182,13,12000,20000,1.667,265292980,bank182/013.wav
182,14,12000,24054,2.005,265292980,bank182/014.wav
182,15,12000,11240,0.937,265292980,bank182/015.wav
182,16,12000,19508,1.626,265292980,bank182/016.wav
182,17,12000,22085,1.84,265292980,bank182/017.wav
182,18,12000,25464,2.122,265292980,bank182/018.wav
182,19,12000,29985,2.499,265292980,bank182/019.wav
182,20,12000,37512,3.126,265292980,bank182/020.wav
182,21,12000,31968,2.664,265292980,bank182/021.wav
182,22,12000,35758,2.98,265292980,bank182/022.wav
182,23,12000,32407,2.701,265292980,bank182/023.wav
182,24,12000,23523,1.96,265292980,bank182/024.wav
182,25,12000,19828,1.652,265292980,bank182/025.wav
182,26,12000,15623,1.302,265292980,bank182/026.wav
182,27,12000,19818,1.651,265292980,bank182/027.wav
182,28,12000,6276,0.523,265292980,bank182/028.wav
182,29,12000,28656,2.388,265292980,bank182/029.wav
182,30,12000,21350,1.779,265292980,bank182/030.wav
182,31,12000,12154,1.013,265292980,bank182/031.wav
182,32,12000,32154,2.679,265292980,bank182/032.wav
182,33,12000,22243,1.854,265292980,bank182/033.wav
182,34,15000,37741,2.516,265292980,bank182/034.wav
182,35,12000,29985,2.499,265292980,bank182/035.wav
182,36,12000,25640,2.137,265292980,bank182/036.wav
182,37,12000,23351,1.946,265292980,bank182/037.wav
182,38,12000,25506,2.126,265292980,bank182/038.wav
182,39,12000,11959,0.997,265292980,bank182/039.wav
182,40,12000,24300,2.025,265292980,bank182/040.wav
182,41,12000,30801,2.567,265292980,bank182/041.wav
182,42,12000,38129,3.177,265292980,bank182/042.wav
182,43,12000,31814,2.651,265292980,bank182/043.wav
182,44,12000,38672,3.223,265292980,bank182/044.wav
182,45,12000,20446,1.704,265292980,bank182/045.wav
182,46,12000,25549,2.129,265292980,bank182/046.wav
182,47,12000,10519,0.877,265292980,bank182/047.wav
182,48,12000,16294,1.358,265292980,bank182/048.wav
182,49,12000,14349,1.196,265292980,bank182/049.wav
182,50,12000,12301,1.025,265292980,bank182/050.wav
182,51,12000,16383,1.365,265292980,bank182/051.wav
182,52,12000,16417,1.368,265292980,bank182/052.wav
182,53,12000,23172,1.931,265292980,bank182/053.wav
182,54,12000,43333,3.611,265292980,bank182/054.wav
182,55,12000,32523,2.71,265292980,bank182/055.wav
182,56,12000,13021,1.085,265292980,bank182/056.wav
182,57,12000,10038,0.837,265292980,bank182/057.wav
182,58,12000,14042,1.17,265292980,bank182/058.wav
182,59,12000,22213,1.851,265292980,bank182/059.wav
182,60,12000,22546,1.879,265292980,bank182/060.wav
182,61,12000,25478,2.123,265292980,bank182/061.wav
182,62,12000,27682,2.307,265292980,bank182/062.wav
182,63,12000,16928,1.411,265292980,bank182/063.wav
182,64,12000,17781,1.482,265292980,bank182/064.wav
182,65,12000,17486,1.457,265292980,bank182/065.wav
182,66,12000,10355,0.863,265292980,bank182/066.wav
182,67,12000,35114,2.926,265292980,bank182/067.wav
182,68,12000,15306,1.276,265292980,bank182/068.wav
182,69,12000,18198,1.516,265292980,bank182/069.wav
182,70,12000,41399,3.45,265292980,bank182/070.wav
182,71,12000,11505,0.959,265292980,bank182/071.wav
183,0,12000,11572,0.964,268596956,bank183/000.wav
183,1,12000,15898,1.325,268596956,bank183/001.wav
183,2,12000,8974,0.748,268596956,bank183/002.wav
183,3,12000,11922,0.994,268596956,bank183/003.wav
183,4,12000,11138,0.928,268596956,bank183/004.wav
183,5,12000,20420,1.702,268596956,bank183/005.wav
183,6,12000,12529,1.044,268596956,bank183/006.wav
183,7,12000,19598,1.633,268596956,bank183/007.wav
183,8,12000,12150,1.012,268596956,bank183/008.wav
183,9,12000,19695,1.641,268596956,bank183/009.wav
183,10,12000,18024,1.502,268596956,bank183/010.wav
183,11,12000,14152,1.179,268596956,bank183/011.wav
183,12,12000,12406,1.034,268596956,bank183/012.wav
183,13,12000,9817,0.818,268596956,bank183/013.wav
183,14,12000,6960,0.58,268596956,bank183/014.wav
183,15,12000,15059,1.255,268596956,bank183/015.wav
183,16,12000,19533,1.628,268596956,bank183/016.wav
183,17,12000,11953,0.996,268596956,bank183/017.wav
183,18,12000,8744,0.729,268596956,bank183/018.wav
183,19,12000,11743,0.979,268596956,bank183/019.wav
183,20,12000,15550,1.296,268596956,bank183/020.wav
183,21,12000,7688,0.641,268596956,bank183/021.wav
183,22,12000,6103,0.509,268596956,bank183/022.wav
183,23,12000,12472,1.039,268596956,bank183/023.wav
183,24,12000,18024,1.502,268596956,bank183/024.wav
183,25,12000,13187,1.099,268596956,bank183/025.wav
183,26,12000,12588,1.049,268596956,bank183/026.wav
183,27,12000,15084,1.257,268596956,bank183/027.wav
183,28,12000,13470,1.123,268596956,bank183/028.wav
183,29,12000,7669,0.639,268596956,bank183/029.wav
183,30,12000,12563,1.047,268596956,bank183/030.wav
183,31,12000,17070,1.423,268596956,bank183/031.wav
183,32,12000,21762,1.813,268596956,bank183/032.wav
183,33,12000,21891,1.824,268596956,bank183/033.wav
183,34,12000,12493,1.041,268596956,bank183/034.wav
183,35,12000,22319,1.86,268596956,bank183/035.wav
183,36,12000,9434,0.786,268596956,bank183/036.wav
183,37,12000,18693,1.558,268596956,bank183/037.wav
183,38,12000,10901,0.908,268596956,bank183/038.wav
183,39,12000,16443,1.37,268596956,bank183/039.wav
183,40,12000,13812,1.151,268596956,bank183/040.wav
183,41,12000,17968,1.497,268596956,bank183/041.wav
183,42,12000,23919,1.993,268596956,bank183/042.wav
183,43,12000,14424,1.202,268596956,bank183/043.wav
183,44,12000,23511,1.959,268596956,bank183/044.wav
184,0,15000,31054,2.07,269904410,bank184/000.wav
184,1,15000,30004,2.0,269904410,bank184/001.wav
184,2,15000,8928,0.595,269904410,bank184/002.wav
184,3,15000,27898,1.86,269904410,bank184/003.wav
184,4,15000,26022,1.735,269904410,bank184/004.wav
184,5,15000,47961,3.197,269904410,bank184/005.wav
184,6,15000,28279,1.885,269904410,bank184/006.wav
184,7,15000,30894,2.06,269904410,bank184/007.wav
184,8,15000,10249,0.683,269904410,bank184/008.wav
184,9,12000,57177,4.765,269904410,bank184/009.wav
184,10,12000,19842,1.653,269904410,bank184/010.wav
184,11,15000,18788,1.253,269904410,bank184/011.wav
184,12,15000,31807,2.12,269904410,bank184/012.wav
184,13,15000,41629,2.775,269904410,bank184/013.wav
184,14,15000,24612,1.641,269904410,bank184/014.wav
184,15,15000,25339,1.689,269904410,bank184/015.wav
184,16,15000,21606,1.44,269904410,bank184/016.wav
184,17,15000,49261,3.284,269904410,bank184/017.wav
184,18,15000,46767,3.118,269904410,bank184/018.wav
184,19,15000,49915,3.328,269904410,bank184/019.wav
184,20,15000,35898,2.393,269904410,bank184/020.wav
184,21,15000,30648,2.043,269904410,bank184/021.wav
184,22,15000,30115,2.008,269904410,bank184/022.wav
184,23,15000,30055,2.004,269904410,bank184/023.wav
184,24,15000,17838,1.189,269904410,bank184/024.wav
184,25,15000,21760,1.451,269904410,bank184/025.wav
184,26,15000,19532,1.302,269904410,bank184/026.wav
184,27,15000,25227,1.682,269904410,bank184/027.wav
184,28,15000,30628,2.042,269904410,bank184/028.wav
184,29,15000,27881,1.859,269904410,bank184/029.wav
184,30,15000,34199,2.28,269904410,bank184/030.wav
184,31,15000,21404,1.427,269904410,bank184/031.wav
184,32,15000,33362,2.224,269904410,bank184/032.wav
184,33,15000,13555,0.904,269904410,bank184/033.wav
184,34,15000,12369,0.825,269904410,bank184/034.wav
184,35,15000,17840,1.189,269904410,bank184/035.wav
184,36,12000,51905,4.325,269904410,bank184/036.wav
184,37,15000,34571,2.305,269904410,bank184/037.wav
184,38,15000,27689,1.846,269904410,bank184/038.wav
184,39,15000,24920,1.661,269904410,bank184/039.wav
184,40,12000,38496,3.208,269904410,bank184/040.wav
184,41,15000,46463,3.098,269904410,bank184/041.wav
184,42,15000,24250,1.617,269904410,bank184/042.wav
184,43,15000,18863,1.258,269904410,bank184/043.wav
184,44,15000,54711,3.647,269904410,bank184/044.wav
184,45,15000,19001,1.267,269904410,bank184/045.wav
184,46,15000,31151,2.077,269904410,bank184/046.wav
184,47,12000,22087,1.841,269904410,bank184/047.wav
184,48,15000,55798,3.72,269904410,bank184/048.wav
184,49,15000,35950,2.397,269904410,bank184/049.wav
184,50,15000,25046,1.67,269904410,bank184/050.wav
184,51,15000,54743,3.65,269904410,bank184/051.wav
184,52,12000,28007,2.334,269904410,bank184/052.wav
184,53,15000,28808,1.921,269904410,bank184/053.wav
184,54,12000,22925,1.91,269904410,bank184/054.wav
185,0,12000,17410,1.451,273260668,bank185/000.wav
185,1,12000,17735,1.478,273260668,bank185/001.wav
185,2,12000,32311,2.693,273260668,bank185/002.wav
185,3,12000,18856,1.571,273260668,bank185/003.wav
185,4,12000,26112,2.176,273260668,bank185/004.wav
185,5,12000,26624,2.219,273260668,bank185/005.wav
185,6,12000,25600,2.133,273260668,bank185/006.wav
185,7,12000,35840,2.987,273260668,bank185/007.wav
185,8,12000,20736,1.728,273260668,bank185/008.wav
185,9,12000,25652,2.138,273260668,bank185/009.wav
185,10,15000,39874,2.658,273260668,bank185/010.wav
185,11,8000,22904,2.863,273260668,bank185/011.wav
185,12,8000,19008,2.376,273260668,bank185/012.wav
185,13,8000,15669,1.959,273260668,bank185/013.wav
185,14,8000,19450,2.431,273260668,bank185/014.wav
185,15,8000,24034,3.004,273260668,bank185/015.wav
185,16,8000,27388,3.424,273260668,bank185/016.wav
185,17,15000,18327,1.222,273260668,bank185/017.wav
185,18,15000,47739,3.183,273260668,bank185/018.wav
185,19,8000,23290,2.911,273260668,bank185/019.wav
185,20,8000,21505,2.688,273260668,bank185/020.wav
185,21,8000,19457,2.432,273260668,bank185/021.wav
185,22,8000,29697,3.712,273260668,bank185/022.wav
185,23,8000,35755,4.469,273260668,bank185/023.wav
185,24,15000,7311,0.487,273260668,bank185/024.wav
185,25,8000,22976,2.872,273260668,bank185/025.wav
185,26,8000,16959,2.12,273260668,bank185/026.wav
185,27,15000,20425,1.362,273260668,bank185/027.wav
185,28,8000,17969,2.246,273260668,bank185/028.wav
185,29,8000,24321,3.04,273260668,bank185/029.wav
185,30,8000,19286,2.411,273260668,bank185/030.wav
185,31,8000,18603,2.325,273260668,bank185/031.wav
185,32,8000,36161,4.52,273260668,bank185/032.wav
185,33,15000,33122,2.208,273260668,bank185/033.wav
185,34,8000,20866,2.608,273260668,bank185/034.wav
185,35,8000,30038,3.755,273260668,bank185/035.wav
185,36,8000,14123,1.765,273260668,bank185/036.wav
185,37,15000,24410,1.627,273260668,bank185/037.wav
185,38,8000,27407,3.426,273260668,bank185/038.wav
185,39,12000,41633,3.469,273260668,bank185/039.wav
185,40,12000,32594,2.716,273260668,bank185/040.wav
185,41,12000,35632,2.969,273260668,bank185/041.wav
185,42,12000,6101,0.508,273260668,bank185/042.wav
185,43,12000,54306,4.526,273260668,bank185/043.wav
185,44,12000,25304,2.109,273260668,bank185/044.wav
185,45,12000,42546,3.546,273260668,bank185/045.wav
185,46,12000,31494,2.624,273260668,bank185/046.wav
185,47,12000,20445,1.704,273260668,bank185/047.wav
185,48,12000,50552,4.213,273260668,bank185/048.wav
185,49,12000,37894,3.158,273260668,bank185/049.wav
185,50,12000,18627,1.552,273260668,bank185/050.wav
185,51,12000,19551,1.629,273260668,bank185/051.wav
185,52,12000,30848,2.571,273260668,bank185/052.wav
185,53,12000,31739,2.645,273260668,bank185/053.wav
185,54,12000,29092,2.424,273260668,bank185/054.wav
185,55,12000,26500,2.208,273260668,bank185/055.wav
185,56,12000,29912,2.493,273260668,bank185/056.wav
185,57,12000,33632,2.803,273260668,bank185/057.wav
185,58,12000,27449,2.287,273260668,bank185/058.wav
185,59,12000,26385,2.199,273260668,bank185/059.wav
185,60,12000,19032,1.586,273260668,bank185/060.wav
185,61,12000,26385,2.199,273260668,bank185/061.wav
185,62,12000,20330,1.694,273260668,bank185/062.wav
185,63,12000,26385,2.199,273260668,bank185/063.wav
185,64,12000,22925,1.91,273260668,bank185/064.wav
185,65,12000,31143,2.595,273260668,bank185/065.wav
185,66,12000,26818,2.235,273260668,bank185/066.wav
185,67,12000,28548,2.379,273260668,bank185/067.wav
185,68,12000,39794,3.316,273260668,bank185/068.wav
185,69,12000,10498,0.875,273260668,bank185/069.wav
185,70,12000,22492,1.874,273260668,bank185/070.wav
185,71,12000,26034,2.17,273260668,bank185/071.wav
185,72,15000,12571,0.838,273260668,bank185/072.wav
185,73,12000,26818,2.235,273260668,bank185/073.wav
185,74,15000,20276,1.352,273260668,bank185/074.wav
185,75,12000,26450,2.204,273260668,bank185/075.wav
185,76,15000,28386,1.892,273260668,bank185/076.wav
185,77,12000,14274,1.19,273260668,bank185/077.wav
185,78,12000,13869,1.156,273260668,bank185/078.wav
186,0,12000,17373,1.448,277345900,bank186/000.wav
186,1,12000,15545,1.295,277345900,bank186/001.wav
186,2,12000,14509,1.209,277345900,bank186/002.wav
186,3,12000,29259,2.438,277345900,bank186/003.wav
186,4,12000,14031,1.169,277345900,bank186/004.wav
186,5,15000,40684,2.712,277345900,bank186/005.wav
186,6,12000,19073,1.589,277345900,bank186/006.wav
186,7,12000,14367,1.197,277345900,bank186/007.wav
186,8,12000,16162,1.347,277345900,bank186/008.wav
186,9,12000,23319,1.943,277345900,bank186/009.wav
186,10,12000,28160,2.347,277345900,bank186/010.wav
186,11,12000,12088,1.007,277345900,bank186/011.wav
186,12,12000,28861,2.405,277345900,bank186/012.wav
186,13,12000,14215,1.185,277345900,bank186/013.wav
186,14,12000,18519,1.543,277345900,bank186/014.wav
186,15,12000,27484,2.29,277345900,bank186/015.wav
186,16,12000,23538,1.962,277345900,bank186/016.wav
186,17,12000,22249,1.854,277345900,bank186/017.wav
186,18,12000,11535,0.961,277345900,bank186/018.wav
186,19,12000,31588,2.632,277345900,bank186/019.wav
186,20,15000,36848,2.457,277345900,bank186/020.wav
186,21,15000,54550,3.637,277345900,bank186/021.wav
186,22,15000,32244,2.15,277345900,bank186/022.wav
186,23,12000,24980,2.082,277345900,bank186/023.wav
187,0,12000,28438,2.37,278493066,bank187/000.wav
187,1,12000,24807,2.067,278493066,bank187/001.wav
187,2,12000,21478,1.79,278493066,bank187/002.wav
187,3,12000,17401,1.45,278493066,bank187/003.wav
187,4,12000,26123,2.177,278493066,bank187/004.wav
187,5,12000,41330,3.444,278493066,bank187/005.wav
187,6,12000,31322,2.61,278493066,bank187/006.wav
187,7,12000,26490,2.208,278493066,bank187/007.wav
187,8,12000,24803,2.067,278493066,bank187/008.wav
187,9,12000,12506,1.042,278493066,bank187/009.wav
187,10,12000,31673,2.639,278493066,bank187/010.wav
187,11,12000,24009,2.001,278493066,bank187/011.wav
187,12,12000,20734,1.728,278493066,bank187/012.wav
187,13,12000,15777,1.315,278493066,bank187/013.wav
188,0,12000,31258,2.605,279191652,bank188/000.wav
188,1,15000,11070,0.738,279191652,bank188/001.wav
188,2,12000,20937,1.745,279191652,bank188/002.wav
188,3,12000,11709,0.976,279191652,bank188/003.wav
188,4,15000,26212,1.747,279191652,bank188/004.wav
188,5,12000,22048,1.837,279191652,bank188/005.wav
188,6,12000,25806,2.151,279191652,bank188/006.wav
188,7,12000,4079,0.34,279191652,bank188/007.wav
188,8,12000,18820,1.568,279191652,bank188/008.wav
188,9,12000,21149,1.762,279191652,bank188/009.wav
188,10,12000,19784,1.649,279191652,bank188/010.wav
188,11,15000,24897,1.66,279191652,bank188/011.wav
188,12,12000,7090,0.591,279191652,bank188/012.wav
188,13,12000,46384,3.865,279191652,bank188/013.wav
188,14,12000,29442,2.454,279191652,bank188/014.wav
188,15,12000,21020,1.752,279191652,bank188/015.wav
188,16,12000,26125,2.177,279191652,bank188/016.wav
188,17,12000,21958,1.83,279191652,bank188/017.wav
188,18,12000,28707,2.392,279191652,bank188/018.wav
188,19,12000,39000,3.25,279191652,bank188/019.wav
188,20,12000,17108,1.426,279191652,bank188/020.wav
188,21,12000,24977,2.081,279191652,bank188/021.wav
188,22,12000,14332,1.194,279191652,bank188/022.wav
188,23,12000,13206,1.101,279191652,bank188/023.wav
188,24,12000,20728,1.727,279191652,bank188/024.wav
188,25,12000,27849,2.321,279191652,bank188/025.wav
188,26,12000,40933,3.411,279191652,bank188/026.wav
188,27,12000,29125,2.427,279191652,bank188/027.wav
188,28,12000,24584,2.049,279191652,bank188/028.wav
188,29,12000,17350,1.446,279191652,bank188/029.wav
188,30,12000,23278,1.94,279191652,bank188/030.wav
188,31,12000,11393,0.949,279191652,bank188/031.wav
188,32,12000,20029,1.669,279191652,bank188/032.wav
188,33,12000,15841,1.32,279191652,bank188/033.wav
188,34,15000,19388,1.293,279191652,bank188/034.wav
188,35,15000,55324,3.688,279191652,bank188/035.wav
188,36,12000,22572,1.881,279191652,bank188/036.wav
188,37,12000,15080,1.257,279191652,bank188/037.wav
188,38,15000,35385,2.359,279191652,bank188/038.wav
188,39,12000,13778,1.148,279191652,bank188/039.wav
188,40,15000,20429,1.362,279191652,bank188/040.wav
188,41,15000,35198,2.347,279191652,bank188/041.wav
188,42,12000,25668,2.139,279191652,bank188/042.wav
188,43,12000,20027,1.669,279191652,bank188/043.wav
188,44,12000,14567,1.214,279191652,bank188/044.wav
188,45,15000,45362,3.024,279191652,bank188/045.wav
188,46,15000,14889,0.993,279191652,bank188/046.wav
188,47,15000,44918,2.995,279191652,bank188/047.wav
188,48,15000,26255,1.75,279191652,bank188/048.wav
188,49,15000,36766,2.451,279191652,bank188/049.wav
188,50,15000,14904,0.994,279191652,bank188/050.wav
188,51,12000,21695,1.808,279191652,bank188/051.wav
188,52,12000,17637,1.47,279191652,bank188/052.wav
188,53,15000,44404,2.96,279191652,bank188/053.wav
188,54,12000,31441,2.62,279191652,bank188/054.wav
188,55,12000,22761,1.897,279191652,bank188/055.wav
188,56,12000,29605,2.467,279191652,bank188/056.wav
188,57,12000,24980,2.082,279191652,bank188/057.wav
188,58,12000,15470,1.289,279191652,bank188/058.wav
188,59,15000,24276,1.618,279191652,bank188/059.wav
188,60,12000,20819,1.735,279191652,bank188/060.wav
188,61,12000,18830,1.569,279191652,bank188/061.wav
188,62,12000,22224,1.852,279191652,bank188/062.wav
188,63,15000,12702,0.847,279191652,bank188/063.wav
188,64,12000,40663,3.389,279191652,bank188/064.wav
188,65,15000,21760,1.451,279191652,bank188/065.wav
188,66,15000,54740,3.649,279191652,bank188/066.wav
188,67,12000,20344,1.695,279191652,bank188/067.wav
189,0,15000,12709,0.847,282522634,bank189/000.wav
189,1,12000,16883,1.407,282522634,bank189/001.wav
189,2,12000,23654,1.971,282522634,bank189/002.wav
189,3,12000,29694,2.474,282522634,bank189/003.wav
189,4,15000,15691,1.046,282522634,bank189/004.wav
189,5,12000,36980,3.082,282522634,bank189/005.wav
189,6,12000,8743,0.729,282522634,bank189/006.wav
189,7,12000,9786,0.816,282522634,bank189/007.wav
189,8,12000,18962,1.58,282522634,bank189/008.wav
189,9,12000,28586,2.382,282522634,bank189/009.wav
189,10,12000,22297,1.858,282522634,bank189/010.wav
189,11,12000,19374,1.615,282522634,bank189/011.wav
189,12,12000,22070,1.839,282522634,bank189/012.wav
189,13,12000,18866,1.572,282522634,bank189/013.wav
189,14,12000,36840,3.07,282522634,bank189/014.wav
189,15,12000,18224,1.519,282522634,bank189/015.wav
190,0,32000,94222,2.944,283206156,bank190/000.wav
191,0,12000,18133,1.511,283399404,bank191/000.wav
191,1,12000,22339,1.862,283399404,bank191/001.wav
191,2,12000,15383,1.282,283399404,bank191/002.wav
191,3,12000,19522,1.627,283399404,bank191/003.wav
191,4,12000,14431,1.203,283399404,bank191/004.wav
191,5,12000,26308,2.192,283399404,bank191/005.wav
191,6,12000,20374,1.698,283399404,bank191/006.wav
191,7,12000,14296,1.191,283399404,bank191/007.wav
191,8,12000,26994,2.249,283399404,bank191/008.wav
191,9,12000,5923,0.494,283399404,bank191/009.wav
191,10,12000,18797,1.566,283399404,bank191/010.wav
191,11,12000,26649,2.221,283399404,bank191/011.wav
191,12,12000,14455,1.205,283399404,bank191/012.wav
191,13,12000,12244,1.02,283399404,bank191/013.wav
191,14,12000,12957,1.08,283399404,bank191/014.wav
191,15,12000,9162,0.763,283399404,bank191/015.wav
191,16,12000,17174,1.431,283399404,bank191/016.wav
191,17,12000,18865,1.572,283399404,bank191/017.wav
191,18,12000,21616,1.801,283399404,bank191/018.wav
191,19,12000,18156,1.513,283399404,bank191/019.wav
191,20,12000,13660,1.138,283399404,bank191/020.wav
191,21,12000,10409,0.867,283399404,bank191/021.wav
191,22,12000,18641,1.553,283399404,bank191/022.wav
191,23,12000,17207,1.434,283399404,bank191/023.wav
191,24,12000,22409,1.867,283399404,bank191/024.wav
191,25,12000,26243,2.187,283399404,bank191/025.wav
191,26,12000,15569,1.297,283399404,bank191/026.wav
191,27,12000,17900,1.492,283399404,bank191/027.wav
191,28,12000,18756,1.563,283399404,bank191/028.wav
191,29,12000,18245,1.52,283399404,bank191/029.wav
191,30,12000,7533,0.628,283399404,bank191/030.wav
191,31,12000,25246,2.104,283399404,bank191/031.wav
191,32,12000,21718,1.81,283399404,bank191/032.wav
191,33,12000,17546,1.462,283399404,bank191/033.wav
191,34,12000,18148,1.512,283399404,bank191/034.wav
191,35,12000,22882,1.907,283399404,bank191/035.wav
191,36,12000,17286,1.44,283399404,bank191/036.wav
191,37,12000,14052,1.171,283399404,bank191/037.wav
191,38,12000,11121,0.927,283399404,bank191/038.wav
192,0,8000,3252,0.406,284780906,bank192/000.wav
192,1,8000,476,0.059,284780906,bank192/001.wav
192,2,21000,17523,0.834,284780906,bank192/002.wav
192,3,8000,45268,5.659,284780906,bank192/003.wav
192,4,8000,772,0.097,284780906,bank192/004.wav
192,5,8000,1856,0.232,284780906,bank192/005.wav
192,6,22000,1541,0.07,284780906,bank192/006.wav
192,7,8000,728,0.091,284780906,bank192/007.wav
192,8,44100,52997,1.202,284780906,bank192/008.wav
193,0,11025,35420,3.213,285034536,bank193/000.wav
194,0,12000,9290,0.774,285110180,bank194/000.wav
194,1,12000,9500,0.792,285110180,bank194/001.wav
194,2,12000,12065,1.005,285110180,bank194/002.wav
194,3,12000,10869,0.906,285110180,bank194/003.wav
194,4,12000,9800,0.817,285110180,bank194/004.wav
194,5,12000,13138,1.095,285110180,bank194/005.wav
194,6,12000,19995,1.666,285110180,bank194/006.wav
194,7,12000,6319,0.527,285110180,bank194/007.wav
194,8,12000,10323,0.86,285110180,bank194/008.wav
194,9,12000,12898,1.075,285110180,bank194/009.wav
194,10,12000,10734,0.894,285110180,bank194/010.wav
194,11,12000,13790,1.149,285110180,bank194/011.wav
194,12,12000,13628,1.136,285110180,bank194/012.wav
194,13,12000,20954,1.746,285110180,bank194/013.wav
194,14,12000,11510,0.959,285110180,bank194/014.wav
194,15,12000,15569,1.297,285110180,bank194/015.wav
194,16,12000,13937,1.161,285110180,bank194/016.wav
194,17,12000,12167,1.014,285110180,bank194/017.wav
194,18,12000,15494,1.291,285110180,bank194/018.wav
194,19,12000,16815,1.401,285110180,bank194/019.wav
194,20,12000,21617,1.801,285110180,bank194/020.wav
195,0,12000,10697,0.891,285675808,bank195/000.wav
195,1,12000,23661,1.972,285675808,bank195/001.wav
195,2,12000,17699,1.475,285675808,bank195/002.wav
195,3,12000,23128,1.927,285675808,bank195/003.wav
195,4,12000,19203,1.6,285675808,bank195/004.wav
195,5,12000,21862,1.822,285675808,bank195/005.wav
195,6,12000,21583,1.799,285675808,bank195/006.wav
195,7,12000,21363,1.78,285675808,bank195/007.wav
195,8,12000,21481,1.79,285675808,bank195/008.wav
195,9,12000,23966,1.997,285675808,bank195/009.wav
195,10,12000,23006,1.917,285675808,bank195/010.wav
195,11,12000,20127,1.677,285675808,bank195/011.wav
195,12,12000,26158,2.18,285675808,bank195/012.wav
195,13,12000,28234,2.353,285675808,bank195/013.wav
195,14,12000,28537,2.378,285675808,bank195/014.wav
195,15,12000,24002,2.0,285675808,bank195/015.wav
195,16,12000,19585,1.632,285675808,bank195/016.wav
195,17,12000,20620,1.718,285675808,bank195/017.wav
195,18,12000,36782,3.065,285675808,bank195/018.wav
195,19,12000,16169,1.347,285675808,bank195/019.wav
195,20,12000,27323,2.277,285675808,bank195/020.wav
195,21,12000,26750,2.229,285675808,bank195/021.wav
195,22,12000,31212,2.601,285675808,bank195/022.wav
195,23,12000,28937,2.411,285675808,bank195/023.wav
195,24,12000,14492,1.208,285675808,bank195/024.wav
195,25,12000,24521,2.043,285675808,bank195/025.wav
195,26,12000,23970,1.998,285675808,bank195/026.wav
195,27,12000,21735,1.811,285675808,bank195/027.wav
195,28,12000,44582,3.715,285675808,bank195/028.wav
195,29,12000,25374,2.115,285675808,bank195/029.wav
195,30,12000,20746,1.729,285675808,bank195/030.wav
195,31,12000,33996,2.833,285675808,bank195/031.wav
195,32,12000,19627,1.636,285675808,bank195/032.wav
195,33,12000,15478,1.29,285675808,bank195/033.wav
195,34,12000,26156,2.18,285675808,bank195/034.wav
195,35,12000,25023,2.085,285675808,bank195/035.wav
195,36,12000,20669,1.722,285675808,bank195/036.wav
195,37,12000,22336,1.861,285675808,bank195/037.wav
195,38,12000,20881,1.74,285675808,bank195/038.wav
195,39,12000,23420,1.952,285675808,bank195/039.wav
195,40,12000,47542,3.962,285675808,bank195/040.wav
195,41,12000,25101,2.092,285675808,bank195/041.wav
195,42,12000,28555,2.38,285675808,bank195/042.wav
196,0,12000,35219,2.935,287773190,bank196/000.wav
196,1,15000,24293,1.62,287773190,bank196/001.wav
196,2,12000,16441,1.37,287773190,bank196/002.wav
196,3,15000,31936,2.129,287773190,bank196/003.wav
196,4,12000,25914,2.159,287773190,bank196/004.wav
196,5,12000,41441,3.453,287773190,bank196/005.wav
196,6,15000,16453,1.097,287773190,bank196/006.wav
196,7,15000,29109,1.941,287773190,bank196/007.wav
196,8,15000,28912,1.927,287773190,bank196/008.wav
196,9,12000,37892,3.158,287773190,bank196/009.wav
196,10,15000,16729,1.115,287773190,bank196/010.wav
196,11,12000,40939,3.412,287773190,bank196/011.wav
196,12,15000,17026,1.135,287773190,bank196/012.wav
196,13,12000,24902,2.075,287773190,bank196/013.wav
196,14,12000,33333,2.778,287773190,bank196/014.wav
196,15,15000,18898,1.26,287773190,bank196/015.wav
196,16,15000,42292,2.819,287773190,bank196/016.wav
196,17,12000,16703,1.392,287773190,bank196/017.wav
196,18,15000,26745,1.783,287773190,bank196/018.wav
196,19,12000,23054,1.921,287773190,bank196/019.wav
196,20,12000,31925,2.66,287773190,bank196/020.wav
196,21,15000,29053,1.937,287773190,bank196/021.wav
196,22,12000,39672,3.306,287773190,bank196/022.wav
196,23,12000,32689,2.724,287773190,bank196/023.wav
196,24,15000,28368,1.891,287773190,bank196/024.wav
196,25,12000,28526,2.377,287773190,bank196/025.wav
196,26,15000,29132,1.942,287773190,bank196/026.wav
196,27,12000,24694,2.058,287773190,bank196/027.wav
196,28,12000,34456,2.871,287773190,bank196/028.wav
196,29,12000,43474,3.623,287773190,bank196/029.wav
196,30,12000,40062,3.338,287773190,bank196/030.wav
196,31,15000,37520,2.501,287773190,bank196/031.wav
196,32,15000,24107,1.607,287773190,bank196/032.wav
196,33,12000,33695,2.808,287773190,bank196/033.wav
196,34,12000,56282,4.69,287773190,bank196/034.wav
196,35,15000,25173,1.678,287773190,bank196/035.wav
196,36,12000,18420,1.535,287773190,bank196/036.wav
196,37,12000,21623,1.802,287773190,bank196/037.wav
196,38,12000,23160,1.93,287773190,bank196/038.wav
196,39,12000,36406,3.034,287773190,bank196/039.wav
196,40,15000,25552,1.703,287773190,bank196/040.wav
196,41,12000,22876,1.906,287773190,bank196/041.wav
196,42,15000,17730,1.182,287773190,bank196/042.wav
196,43,12000,42298,3.525,287773190,bank196/043.wav
196,44,12000,21276,1.773,287773190,bank196/044.wav
196,45,12000,25253,2.104,287773190,bank196/045.wav
196,46,15000,5747,0.383,287773190,bank196/046.wav
196,47,12000,11642,0.97,287773190,bank196/047.wav
196,48,12000,32619,2.718,287773190,bank196/048.wav
196,49,15000,17180,1.145,287773190,bank196/049.wav
196,50,12000,11744,0.979,287773190,bank196/050.wav
196,51,12000,24768,2.064,287773190,bank196/051.wav
196,52,15000,44723,2.982,287773190,bank196/052.wav
196,53,15000,26621,1.775,287773190,bank196/053.wav
196,54,15000,45733,3.049,287773190,bank196/054.wav
196,55,12000,47162,3.93,287773190,bank196/055.wav
196,56,15000,20780,1.385,287773190,bank196/056.wav
196,57,15000,13299,0.887,287773190,bank196/057.wav
196,58,12000,24564,2.047,287773190,bank196/058.wav
196,59,12000,36563,3.047,287773190,bank196/059.wav
196,60,12000,56271,4.689,287773190,bank196/060.wav
196,61,15000,36920,2.461,287773190,bank196/061.wav
196,62,12000,31191,2.599,287773190,bank196/062.wav
196,63,15000,44583,2.972,287773190,bank196/063.wav
196,64,12000,28054,2.338,287773190,bank196/064.wav
196,65,12000,26122,2.177,287773190,bank196/065.wav
196,66,12000,11488,0.957,287773190,bank196/066.wav
196,67,12000,43722,3.643,287773190,bank196/067.wav
196,68,15000,26241,1.749,287773190,bank196/068.wav
196,69,15000,27688,1.846,287773190,bank196/069.wav
196,70,15000,25758,1.717,287773190,bank196/070.wav
196,71,15000,38737,2.582,287773190,bank196/071.wav
196,72,15000,14708,0.981,287773190,bank196/072.wav
197,0,12000,10553,0.879,292010556,bank197/000.wav
197,1,12000,23363,1.947,292010556,bank197/001.wav
197,2,12000,24451,2.038,292010556,bank197/002.wav
197,3,12000,17486,1.457,292010556,bank197/003.wav
197,4,12000,15118,1.26,292010556,bank197/004.wav
197,5,12000,17536,1.461,292010556,bank197/005.wav
197,6,12000,22036,1.836,292010556,bank197/006.wav
197,7,12000,19226,1.602,292010556,bank197/007.wav
197,8,12000,18283,1.524,292010556,bank197/008.wav
197,9,12000,21716,1.81,292010556,bank197/009.wav
197,10,12000,16706,1.392,292010556,bank197/010.wav
197,11,12000,23818,1.985,292010556,bank197/011.wav
197,12,12000,18635,1.553,292010556,bank197/012.wav
197,13,12000,12899,1.075,292010556,bank197/013.wav
197,14,12000,22405,1.867,292010556,bank197/014.wav
197,15,12000,20395,1.7,292010556,bank197/015.wav
197,16,12000,22393,1.866,292010556,bank197/016.wav
197,17,12000,18380,1.532,292010556,bank197/017.wav
197,18,12000,8536,0.711,292010556,bank197/018.wav
197,19,12000,9755,0.813,292010556,bank197/019.wav
197,20,12000,20584,1.715,292010556,bank197/020.wav
197,21,12000,20574,1.714,292010556,bank197/021.wav
197,22,12000,25896,2.158,292010556,bank197/022.wav
197,23,12000,22495,1.875,292010556,bank197/023.wav
197,24,12000,15915,1.326,292010556,bank197/024.wav
197,25,12000,17032,1.419,292010556,bank197/025.wav
197,26,12000,20737,1.728,292010556,bank197/026.wav
197,27,12000,22072,1.839,292010556,bank197/027.wav
197,28,12000,16278,1.357,292010556,bank197/028.wav
197,29,12000,18993,1.583,292010556,bank197/029.wav
197,30,12000,24594,2.05,292010556,bank197/030.wav
197,31,12000,14655,1.221,292010556,bank197/031.wav
197,32,12000,20139,1.678,292010556,bank197/032.wav
198,0,12000,32676,2.723,293262668,bank198/000.wav
198,1,12000,2324,0.194,293262668,bank198/001.wav
198,2,12000,12748,1.062,293262668,bank198/002.wav
198,3,15000,5407,0.36,293262668,bank198/003.wav
198,4,12000,8224,0.685,293262668,bank198/004.wav
199,0,18000,11116,0.618,293390230,bank199/000.wav
200,0,12000,28677,2.39,293417266,bank200/000.wav
200,1,12000,29948,2.496,293417266,bank200/001.wav
200,2,12000,22465,1.872,293417266,bank200/002.wav
200,3,12000,29995,2.5,293417266,bank200/003.wav
200,4,12000,29987,2.499,293417266,bank200/004.wav
200,5,12000,27188,2.266,293417266,bank200/005.wav
200,6,12000,29954,2.496,293417266,bank200/006.wav
200,7,12000,25541,2.128,293417266,bank200/007.wav
200,8,12000,17920,1.493,293417266,bank200/008.wav
200,9,12000,18318,1.526,293417266,bank200/009.wav
200,10,12000,15127,1.261,293417266,bank200/010.wav
200,11,12000,19969,1.664,293417266,bank200/011.wav
201,0,12000,10787,0.899,294012248,bank201/000.wav
201,1,12000,22195,1.85,294012248,bank201/001.wav
201,2,12000,19897,1.658,294012248,bank201/002.wav
201,3,12000,14799,1.233,294012248,bank201/003.wav
201,4,12000,7029,0.586,294012248,bank201/004.wav
201,5,12000,12847,1.071,294012248,bank201/005.wav
201,6,12000,22060,1.838,294012248,bank201/006.wav
201,7,12000,25304,2.109,294012248,bank201/007.wav
201,8,12000,16221,1.352,294012248,bank201/008.wav
202,0,15000,42490,2.833,294319330,bank202/000.wav
202,1,12000,20925,1.744,294319330,bank202/001.wav
202,2,12000,25061,2.088,294319330,bank202/002.wav
202,3,12000,41556,3.463,294319330,bank202/003.wav
202,4,12000,31446,2.62,294319330,bank202/004.wav
202,5,12000,13868,1.156,294319330,bank202/005.wav
202,6,12000,15572,1.298,294319330,bank202/006.wav
202,7,12000,56400,4.7,294319330,bank202/007.wav
202,8,12000,21195,1.766,294319330,bank202/008.wav
202,9,15000,20303,1.354,294319330,bank202/009.wav
202,10,15000,46507,3.1,294319330,bank202/010.wav
202,11,12000,12003,1.0,294319330,bank202/011.wav
202,12,12000,20438,1.703,294319330,bank202/012.wav
202,13,12000,37910,3.159,294319330,bank202/013.wav
202,14,12000,35461,2.955,294319330,bank202/014.wav
202,15,15000,28395,1.893,294319330,bank202/015.wav
202,16,12000,33035,2.753,294319330,bank202/016.wav
202,17,12000,20943,1.745,294319330,bank202/017.wav
202,18,15000,30058,2.004,294319330,bank202/018.wav
202,19,12000,12652,1.054,294319330,bank202/019.wav
202,20,15000,38742,2.583,294319330,bank202/020.wav
202,21,12000,44606,3.717,294319330,bank202/021.wav
202,22,15000,16485,1.099,294319330,bank202/022.wav
202,23,12000,31657,2.638,294319330,bank202/023.wav
202,24,15000,46217,3.081,294319330,bank202/024.wav
203,0,23300,104848,4.5,295811984,bank203/000.wav
203,1,20000,103065,5.153,295811984,bank203/001.wav
204,0,8000,821,0.103,296232614,bank204/000.wav
204,1,12000,9072,0.756,296232614,bank204/001.wav
204,2,18000,2378,0.132,296232614,bank204/002.wav
204,3,18000,7106,0.395,296232614,bank204/003.wav
205,0,44100,11272,0.256,296276172,bank205/000.wav
205,1,22050,30720,1.393,296276172,bank205/001.wav
206,0,15000,43491,2.899,296364960,bank206/000.wav
206,1,15000,20424,1.362,296364960,bank206/001.wav
206,2,15000,34320,2.288,296364960,bank206/002.wav
206,3,15000,37281,2.485,296364960,bank206/003.wav
206,4,15000,24087,1.606,296364960,bank206/004.wav
206,5,15000,36496,2.433,296364960,bank206/005.wav
206,6,15000,35685,2.379,296364960,bank206/006.wav
207,0,12000,26279,2.19,296833332,bank207/000.wav
207,1,12000,29375,2.448,296833332,bank207/001.wav
207,2,12000,46257,3.855,296833332,bank207/002.wav
207,3,12000,24438,2.037,296833332,bank207/003.wav
207,4,12000,26661,2.222,296833332,bank207/004.wav
207,5,12000,29278,2.44,296833332,bank207/005.wav
207,6,12000,24436,2.036,296833332,bank207/006.wav
207,7,12000,51346,4.279,296833332,bank207/007.wav
208,0,12000,13427,1.119,297354276,bank208/000.wav
208,1,12000,18307,1.526,297354276,bank208/001.wav
208,2,12000,21298,1.775,297354276,bank208/002.wav
208,3,12000,22815,1.901,297354276,bank208/003.wav
208,4,12000,24642,2.054,297354276,bank208/004.wav
208,5,12000,25833,2.153,297354276,bank208/005.wav
208,6,12000,27025,2.252,297354276,bank208/006.wav
208,7,12000,22851,1.904,297354276,bank208/007.wav
208,8,12000,15220,1.268,297354276,bank208/008.wav
208,9,12000,18232,1.519,297354276,bank208/009.wav
208,10,12000,12519,1.043,297354276,bank208/010.wav
208,11,12000,12792,1.066,297354276,bank208/011.wav
208,12,12000,17613,1.468,297354276,bank208/012.wav
208,13,12000,14442,1.204,297354276,bank208/013.wav
208,14,12000,12493,1.041,297354276,bank208/014.wav
208,15,12000,13590,1.133,297354276,bank208/015.wav
208,16,12000,16205,1.35,297354276,bank208/016.wav
208,17,12000,14520,1.21,297354276,bank208/017.wav
208,18,12000,16155,1.346,297354276,bank208/018.wav
208,19,12000,16746,1.395,297354276,bank208/019.wav
208,20,12000,13049,1.087,297354276,bank208/020.wav
208,21,12000,12604,1.05,297354276,bank208/021.wav
208,22,12000,16500,1.375,297354276,bank208/022.wav
208,23,12000,13463,1.122,297354276,bank208/023.wav
208,24,12000,15065,1.255,297354276,bank208/024.wav
208,25,12000,12983,1.082,297354276,bank208/025.wav
208,26,12000,12635,1.053,297354276,bank208/026.wav
208,27,12000,13305,1.109,297354276,bank208/027.wav
208,28,12000,11090,0.924,297354276,bank208/028.wav
208,29,12000,10285,0.857,297354276,bank208/029.wav
208,30,12000,11532,0.961,297354276,bank208/030.wav
208,31,12000,9992,0.833,297354276,bank208/031.wav
208,32,12000,11640,0.97,297354276,bank208/032.wav
208,33,12000,10122,0.844,297354276,bank208/033.wav
208,34,12000,11347,0.946,297354276,bank208/034.wav
208,35,12000,12209,1.017,297354276,bank208/035.wav
208,36,12000,12158,1.013,297354276,bank208/036.wav
208,37,12000,11199,0.933,297354276,bank208/037.wav
208,38,12000,7522,0.627,297354276,bank208/038.wav
208,39,12000,15075,1.256,297354276,bank208/039.wav
208,40,12000,11078,0.923,297354276,bank208/040.wav
208,41,12000,11035,0.92,297354276,bank208/041.wav
208,42,12000,9704,0.809,297354276,bank208/042.wav
208,43,12000,10999,0.917,297354276,bank208/043.wav
208,44,12000,15654,1.304,297354276,bank208/044.wav
208,45,12000,14213,1.184,297354276,bank208/045.wav
208,46,12000,8614,0.718,297354276,bank208/046.wav
208,47,12000,14658,1.222,297354276,bank208/047.wav
208,48,12000,6017,0.501,297354276,bank208/048.wav
208,49,12000,19118,1.593,297354276,bank208/049.wav
208,50,12000,10513,0.876,297354276,bank208/050.wav
208,51,12000,27014,2.251,297354276,bank208/051.wav
208,52,12000,25962,2.163,297354276,bank208/052.wav
208,53,12000,17833,1.486,297354276,bank208/053.wav
208,54,12000,11695,0.975,297354276,bank208/054.wav
208,55,12000,16077,1.34,297354276,bank208/055.wav
208,56,12000,12819,1.068,297354276,bank208/056.wav
208,57,12000,15563,1.297,297354276,bank208/057.wav
208,58,12000,13466,1.122,297354276,bank208/058.wav
208,59,12000,15922,1.327,297354276,bank208/059.wav
208,60,12000,14541,1.212,297354276,bank208/060.wav
208,61,12000,8888,0.741,297354276,bank208/061.wav
208,62,12000,17257,1.438,297354276,bank208/062.wav
208,63,12000,23802,1.984,297354276,bank208/063.wav
208,64,12000,23993,1.999,297354276,bank208/064.wav
209,0,12000,35034,2.92,299312950,bank209/000.wav
209,1,15000,16003,1.067,299312950,bank209/001.wav
209,2,15000,28244,1.883,299312950,bank209/002.wav
209,3,12000,28674,2.389,299312950,bank209/003.wav
209,4,12000,31036,2.586,299312950,bank209/004.wav
209,5,12000,26081,2.173,299312950,bank209/005.wav
209,6,15000,33790,2.253,299312950,bank209/006.wav
209,7,12000,45122,3.76,299312950,bank209/007.wav
209,8,12000,48907,4.076,299312950,bank209/008.wav
209,9,15000,23637,1.576,299312950,bank209/009.wav
209,10,12000,12378,1.032,299312950,bank209/010.wav
209,11,12000,13062,1.089,299312950,bank209/011.wav
209,12,15000,14369,0.958,299312950,bank209/012.wav
209,13,12000,8534,0.711,299312950,bank209/013.wav
209,14,12000,10928,0.911,299312950,bank209/014.wav
209,15,15000,18637,1.242,299312950,bank209/015.wav
209,16,15000,9909,0.661,299312950,bank209/016.wav
209,17,12000,22702,1.892,299312950,bank209/017.wav
209,18,12000,6798,0.567,299312950,bank209/018.wav
209,19,12000,16450,1.371,299312950,bank209/019.wav
209,20,15000,25925,1.728,299312950,bank209/020.wav
209,21,12000,25713,2.143,299312950,bank209/021.wav
209,22,12000,13664,1.139,299312950,bank209/022.wav
209,23,12000,14032,1.169,299312950,bank209/023.wav
209,24,12000,27262,2.272,299312950,bank209/024.wav
209,25,12000,20550,1.712,299312950,bank209/025.wav
209,26,12000,26833,2.236,299312950,bank209/026.wav
209,27,12000,31733,2.644,299312950,bank209/027.wav
209,28,12000,33379,2.782,299312950,bank209/028.wav
209,29,12000,22891,1.908,299312950,bank209/029.wav
209,30,12000,40838,3.403,299312950,bank209/030.wav
209,31,12000,20449,1.704,299312950,bank209/031.wav
209,32,12000,31037,2.586,299312950,bank209/032.wav
209,33,12000,20206,1.684,299312950,bank209/033.wav
209,34,12000,36288,3.024,299312950,bank209/034.wav
209,35,12000,39410,3.284,299312950,bank209/035.wav
209,36,12000,10789,0.899,299312950,bank209/036.wav
209,37,15000,35333,2.356,299312950,bank209/037.wav
209,38,12000,39496,3.291,299312950,bank209/038.wav
209,39,15000,20451,1.363,299312950,bank209/039.wav
209,40,12000,45233,3.769,299312950,bank209/040.wav
209,41,15000,31649,2.11,299312950,bank209/041.wav
209,42,12000,3260,0.272,299312950,bank209/042.wav
209,43,12000,44447,3.704,299312950,bank209/043.wav
209,44,12000,10082,0.84,299312950,bank209/044.wav
209,45,12000,21367,1.781,299312950,bank209/045.wav
209,46,12000,22425,1.869,299312950,bank209/046.wav
209,47,12000,25086,2.091,299312950,bank209/047.wav
209,48,12000,26528,2.211,299312950,bank209/048.wav
209,49,15000,31777,2.118,299312950,bank209/049.wav
209,50,12000,12455,1.038,299312950,bank209/050.wav
209,51,12000,24030,2.002,299312950,bank209/051.wav
209,52,15000,31262,2.084,299312950,bank209/052.wav
209,53,12000,19303,1.609,299312950,bank209/053.wav
209,54,12000,48492,4.041,299312950,bank209/054.wav
209,55,12000,26264,2.189,299312950,bank209/055.wav
209,56,12000,29009,2.417,299312950,bank209/056.wav
209,57,12000,20306,1.692,299312950,bank209/057.wav
209,58,12000,25379,2.115,299312950,bank209/058.wav
209,59,12000,21944,1.829,299312950,bank209/059.wav
209,60,12000,5304,0.442,299312950,bank209/060.wav
209,61,12000,31624,2.635,299312950,bank209/061.wav
209,62,12000,19524,1.627,299312950,bank209/062.wav
209,63,12000,10706,0.892,299312950,bank209/063.wav
209,64,12000,26615,2.218,299312950,bank209/064.wav
209,65,12000,45812,3.818,299312950,bank209/065.wav
209,66,12000,36523,3.044,299312950,bank209/066.wav
209,67,12000,40541,3.378,299312950,bank209/067.wav
209,68,12000,26976,2.248,299312950,bank209/068.wav
209,69,12000,32305,2.692,299312950,bank209/069.wav
209,70,12000,23289,1.941,299312950,bank209/070.wav
209,71,12000,20940,1.745,299312950,bank209/071.wav
209,72,12000,21958,1.83,299312950,bank209/072.wav
209,73,12000,31924,2.66,299312950,bank209/073.wav
209,74,15000,29789,1.986,299312950,bank209/074.wav
209,75,15000,28935,1.929,299312950,bank209/075.wav
209,76,15000,23415,1.561,299312950,bank209/076.wav
209,77,15000,21391,1.426,299312950,bank209/077.wav
209,78,15000,16090,1.073,299312950,bank209/078.wav
209,79,15000,19150,1.277,299312950,bank209/079.wav
209,80,15000,39155,2.61,299312950,bank209/080.wav
209,81,15000,8162,0.544,299312950,bank209/081.wav
209,82,15000,33928,2.262,299312950,bank209/082.wav
209,83,15000,13483,0.899,299312950,bank209/083.wav
209,84,15000,15828,1.055,299312950,bank209/084.wav
209,85,15000,18869,1.258,299312950,bank209/085.wav
209,86,15000,19961,1.331,299312950,bank209/086.wav
209,87,15000,18161,1.211,299312950,bank209/087.wav
209,88,15000,16423,1.095,299312950,bank209/088.wav
209,89,15000,15522,1.035,299312950,bank209/089.wav
209,90,15000,21545,1.436,299312950,bank209/090.wav
209,91,15000,29884,1.992,299312950,bank209/091.wav
209,92,12000,28477,2.373,299312950,bank209/092.wav
209,93,12000,31919,2.66,299312950,bank209/093.wav
209,94,15000,22123,1.475,299312950,bank209/094.wav
209,95,12000,28237,2.353,299312950,bank209/095.wav
209,96,12000,29489,2.457,299312950,bank209/096.wav
209,97,12000,25445,2.12,299312950,bank209/097.wav
209,98,12000,45156,3.763,299312950,bank209/098.wav
209,99,15000,31975,2.132,299312950,bank209/099.wav
209,100,12000,6927,0.577,299312950,bank209/100.wav
209,101,12000,40418,3.368,299312950,bank209/101.wav
209,102,12000,41964,3.497,299312950,bank209/102.wav
209,103,15000,51427,3.428,299312950,bank209/103.wav
209,104,12000,7972,0.664,299312950,bank209/104.wav
209,105,12000,34569,2.881,299312950,bank209/105.wav
210,0,12000,18946,1.579,304711158,bank210/000.wav
210,1,12000,17174,1.431,304711158,bank210/001.wav
210,2,12000,11577,0.965,304711158,bank210/002.wav
210,3,12000,19236,1.603,304711158,bank210/003.wav
210,4,12000,23038,1.92,304711158,bank210/004.wav
210,5,12000,22355,1.863,304711158,bank210/005.wav
210,6,12000,29247,2.437,304711158,bank210/006.wav
210,7,12000,20287,1.691,304711158,bank210/007.wav
210,8,12000,22410,1.867,304711158,bank210/008.wav
210,9,12000,8004,0.667,304711158,bank210/009.wav
210,10,12000,9815,0.818,304711158,bank210/010.wav
210,11,12000,10393,0.866,304711158,bank210/011.wav
210,12,12000,19304,1.609,304711158,bank210/012.wav
210,13,12000,21085,1.757,304711158,bank210/013.wav
210,14,12000,24949,2.079,304711158,bank210/014.wav
210,15,12000,9956,0.83,304711158,bank210/015.wav
210,16,12000,15878,1.323,304711158,bank210/016.wav
210,17,12000,9687,0.807,304711158,bank210/017.wav
210,18,12000,7391,0.616,304711158,bank210/018.wav
210,19,12000,16005,1.334,304711158,bank210/019.wav
210,20,12000,13149,1.096,304711158,bank210/020.wav
210,21,12000,5062,0.422,304711158,bank210/021.wav
210,22,12000,2314,0.193,304711158,bank210/022.wav
210,23,12000,7200,0.6,304711158,bank210/023.wav
210,24,12000,16026,1.335,304711158,bank210/024.wav
210,25,12000,18789,1.566,304711158,bank210/025.wav
210,26,12000,22116,1.843,304711158,bank210/026.wav
210,27,12000,19383,1.615,304711158,bank210/027.wav
210,28,12000,6144,0.512,304711158,bank210/028.wav
210,29,12000,11902,0.992,304711158,bank210/029.wav
210,30,12000,13938,1.161,304711158,bank210/030.wav
210,31,12000,19912,1.659,304711158,bank210/031.wav
210,32,12000,17374,1.448,304711158,bank210/032.wav
210,33,12000,18264,1.522,304711158,bank210/033.wav
210,34,12000,17292,1.441,304711158,bank210/034.wav
210,35,12000,26405,2.2,304711158,bank210/035.wav
210,36,12000,24215,2.018,304711158,bank210/036.wav
210,37,12000,13526,1.127,304711158,bank210/037.wav
210,38,12000,24229,2.019,304711158,bank210/038.wav
210,39,12000,23893,1.991,304711158,bank210/039.wav
210,40,12000,33901,2.825,304711158,bank210/040.wav
210,41,12000,22045,1.837,304711158,bank210/041.wav
210,42,12000,9436,0.786,304711158,bank210/042.wav
210,43,12000,8116,0.676,304711158,bank210/043.wav
210,44,12000,15147,1.262,304711158,bank210/044.wav
210,45,12000,14098,1.175,304711158,bank210/045.wav
210,46,12000,14848,1.237,304711158,bank210/046.wav
210,47,12000,13491,1.124,304711158,bank210/047.wav
210,48,12000,24861,2.072,304711158,bank210/048.wav
210,49,12000,13389,1.116,304711158,bank210/049.wav
210,50,12000,22665,1.889,304711158,bank210/050.wav
210,51,12000,12495,1.041,304711158,bank210/051.wav
210,52,12000,15367,1.281,304711158,bank210/052.wav
210,53,12000,29435,2.453,304711158,bank210/053.wav
210,54,12000,21472,1.789,304711158,bank210/054.wav
210,55,12000,14511,1.209,304711158,bank210/055.wav
210,56,12000,18761,1.563,304711158,bank210/056.wav
210,57,12000,9090,0.757,304711158,bank210/057.wav
210,58,12000,21298,1.775,304711158,bank210/058.wav
210,59,12000,18747,1.562,304711158,bank210/059.wav
210,60,12000,17871,1.489,304711158,bank210/060.wav
210,61,12000,18441,1.537,304711158,bank210/061.wav
210,62,12000,30544,2.545,304711158,bank210/062.wav
210,63,12000,21365,1.78,304711158,bank210/063.wav
210,64,12000,17067,1.422,304711158,bank210/064.wav
210,65,12000,30421,2.535,304711158,bank210/065.wav
210,66,12000,19015,1.585,304711158,bank210/066.wav
210,67,12000,19063,1.589,304711158,bank210/067.wav
210,68,12000,22814,1.901,304711158,bank210/068.wav
210,69,12000,19122,1.593,304711158,bank210/069.wav
210,70,12000,15864,1.322,304711158,bank210/070.wav
210,71,12000,9472,0.789,304711158,bank210/071.wav
210,72,12000,28648,2.387,304711158,bank210/072.wav
210,73,12000,22798,1.9,304711158,bank210/073.wav
210,74,12000,17413,1.451,304711158,bank210/074.wav
210,75,12000,19308,1.609,304711158,bank210/075.wav
210,76,12000,16670,1.389,304711158,bank210/076.wav
210,77,12000,19760,1.647,304711158,bank210/077.wav
210,78,12000,14363,1.197,304711158,bank210/078.wav
210,79,12000,20697,1.725,304711158,bank210/079.wav
210,80,12000,23143,1.929,304711158,bank210/080.wav
210,81,12000,19638,1.637,304711158,bank210/081.wav
210,82,12000,19756,1.646,304711158,bank210/082.wav
210,83,12000,13469,1.122,304711158,bank210/083.wav
210,84,12000,17135,1.428,304711158,bank210/084.wav
210,85,12000,13115,1.093,304711158,bank210/085.wav
210,86,12000,18704,1.559,304711158,bank210/086.wav
210,87,12000,20119,1.677,304711158,bank210/087.wav
210,88,12000,26505,2.209,304711158,bank210/088.wav
210,89,12000,15809,1.317,304711158,bank210/089.wav
210,90,12000,11419,0.952,304711158,bank210/090.wav
210,91,12000,12921,1.077,304711158,bank210/091.wav
210,92,12000,17260,1.438,304711158,bank210/092.wav
210,93,12000,8777,0.731,304711158,bank210/093.wav
210,94,12000,20717,1.726,304711158,bank210/094.wav
210,95,12000,10986,0.915,304711158,bank210/095.wav
210,96,12000,11632,0.969,304711158,bank210/096.wav
210,97,12000,18797,1.566,304711158,bank210/097.wav
210,98,12000,11763,0.98,304711158,bank210/098.wav
210,99,12000,10202,0.85,304711158,bank210/099.wav
210,100,12000,16038,1.337,304711158,bank210/100.wav
210,101,12000,12243,1.02,304711158,bank210/101.wav
210,102,12000,12334,1.028,304711158,bank210/102.wav
210,103,12000,14269,1.189,304711158,bank210/103.wav
210,104,12000,11703,0.975,304711158,bank210/104.wav
210,105,12000,8928,0.744,304711158,bank210/105.wav
210,106,12000,23306,1.942,304711158,bank210/106.wav
210,107,12000,19422,1.619,304711158,bank210/107.wav
211,0,12000,18301,1.525,308419700,bank211/000.wav
211,1,12000,31346,2.612,308419700,bank211/001.wav
211,2,12000,29697,2.475,308419700,bank211/002.wav
211,3,12000,40140,3.345,308419700,bank211/003.wav
211,4,12000,17924,1.494,308419700,bank211/004.wav
211,5,12000,11903,0.992,308419700,bank211/005.wav
211,6,12000,21735,1.811,308419700,bank211/006.wav
211,7,12000,16208,1.351,308419700,bank211/007.wav
211,8,12000,29252,2.438,308419700,bank211/008.wav
211,9,12000,40318,3.36,308419700,bank211/009.wav
211,10,15000,44084,2.939,308419700,bank211/010.wav
211,11,12000,36895,3.075,308419700,bank211/011.wav
211,12,12000,24973,2.081,308419700,bank211/012.wav
211,13,12000,17425,1.452,308419700,bank211/013.wav
211,14,12000,24864,2.072,308419700,bank211/014.wav
211,15,12000,24252,2.021,308419700,bank211/015.wav
211,16,12000,29356,2.446,308419700,bank211/016.wav
211,17,12000,49484,4.124,308419700,bank211/017.wav
211,18,12000,21495,1.791,308419700,bank211/018.wav
211,19,12000,22122,1.843,308419700,bank211/019.wav
211,20,12000,26853,2.238,308419700,bank211/020.wav
211,21,12000,29508,2.459,308419700,bank211/021.wav
211,22,15000,27223,1.815,308419700,bank211/022.wav
211,23,15000,26840,1.789,308419700,bank211/023.wav
211,24,12000,26432,2.203,308419700,bank211/024.wav
211,25,12000,23293,1.941,308419700,bank211/025.wav
211,26,15000,11434,0.762,308419700,bank211/026.wav
211,27,12000,28358,2.363,308419700,bank211/027.wav
211,28,15000,20974,1.398,308419700,bank211/028.wav
211,29,12000,31766,2.647,308419700,bank211/029.wav
211,30,15000,20364,1.358,308419700,bank211/030.wav
211,31,12000,29130,2.428,308419700,bank211/031.wav
211,32,15000,11438,0.763,308419700,bank211/032.wav
211,33,12000,16448,1.371,308419700,bank211/033.wav
211,34,15000,31170,2.078,308419700,bank211/034.wav
211,35,12000,20451,1.704,308419700,bank211/035.wav
211,36,12000,48492,4.041,308419700,bank211/036.wav
211,37,12000,29009,2.417,308419700,bank211/037.wav
211,38,12000,20306,1.692,308419700,bank211/038.wav
211,39,12000,26197,2.183,308419700,bank211/039.wav
211,40,15000,20895,1.393,308419700,bank211/040.wav
211,41,12000,6837,0.57,308419700,bank211/041.wav
211,42,12000,9903,0.825,308419700,bank211/042.wav
211,43,12000,13338,1.111,308419700,bank211/043.wav
211,44,15000,20669,1.378,308419700,bank211/044.wav
211,45,15000,32585,2.172,308419700,bank211/045.wav
211,46,12000,23660,1.972,308419700,bank211/046.wav
211,47,15000,34123,2.275,308419700,bank211/047.wav
212,0,12000,11879,0.99,310863444,bank212/000.wav
212,1,12000,10272,0.856,310863444,bank212/001.wav
212,2,12000,12372,1.031,310863444,bank212/002.wav
212,3,12000,12145,1.012,310863444,bank212/003.wav
212,4,12000,11695,0.975,310863444,bank212/004.wav
212,5,12000,11765,0.98,310863444,bank212/005.wav
212,6,12000,12364,1.03,310863444,bank212/006.wav
212,7,12000,16789,1.399,310863444,bank212/007.wav
212,8,12000,11316,0.943,310863444,bank212/008.wav
212,9,12000,9034,0.753,310863444,bank212/009.wav
212,10,12000,13289,1.107,310863444,bank212/010.wav
212,11,12000,16202,1.35,310863444,bank212/011.wav
212,12,12000,12582,1.048,310863444,bank212/012.wav
212,13,12000,7623,0.635,310863444,bank212/013.wav
212,14,12000,11495,0.958,310863444,bank212/014.wav
212,15,12000,9908,0.826,310863444,bank212/015.wav
212,16,12000,21251,1.771,310863444,bank212/016.wav
212,17,12000,5143,0.429,310863444,bank212/017.wav
212,18,12000,19845,1.654,310863444,bank212/018.wav
212,19,12000,11801,0.983,310863444,bank212/019.wav
212,20,12000,16594,1.383,310863444,bank212/020.wav
212,21,12000,14702,1.225,310863444,bank212/021.wav
212,22,12000,14313,1.193,310863444,bank212/022.wav
212,23,12000,11353,0.946,310863444,bank212/023.wav
212,24,12000,11792,0.983,310863444,bank212/024.wav
212,25,12000,16510,1.376,310863444,bank212/025.wav
212,26,12000,12196,1.016,310863444,bank212/026.wav
212,27,12000,6853,0.571,310863444,bank212/027.wav
212,28,12000,12138,1.012,310863444,bank212/028.wav
212,29,12000,16136,1.345,310863444,bank212/029.wav
212,30,12000,15842,1.32,310863444,bank212/030.wav
212,31,12000,11103,0.925,310863444,bank212/031.wav
212,32,12000,18470,1.539,310863444,bank212/032.wav
212,33,12000,9438,0.786,310863444,bank212/033.wav
212,34,12000,5123,0.427,310863444,bank212/034.wav
212,35,12000,14024,1.169,310863444,bank212/035.wav
212,36,12000,21039,1.753,310863444,bank212/036.wav
212,37,12000,20512,1.709,310863444,bank212/037.wav
212,38,12000,18341,1.528,310863444,bank212/038.wav
212,39,12000,24580,2.048,310863444,bank212/039.wav
212,40,12000,21487,1.791,310863444,bank212/040.wav
212,41,12000,20273,1.689,310863444,bank212/041.wav
212,42,12000,11082,0.923,310863444,bank212/042.wav
212,43,12000,15067,1.256,310863444,bank212/043.wav
212,44,12000,20752,1.729,310863444,bank212/044.wav
213,0,12000,23631,1.969,312125228,bank213/000.wav
213,1,15000,22345,1.49,312125228,bank213/001.wav
213,2,12000,24795,2.066,312125228,bank213/002.wav
213,3,15000,33526,2.235,312125228,bank213/003.wav
213,4,12000,35370,2.947,312125228,bank213/004.wav
213,5,12000,19365,1.614,312125228,bank213/005.wav
213,6,12000,36075,3.006,312125228,bank213/006.wav
213,7,12000,20644,1.72,312125228,bank213/007.wav
213,8,12000,28208,2.351,312125228,bank213/008.wav
213,9,12000,24863,2.072,312125228,bank213/009.wav
213,10,12000,23423,1.952,312125228,bank213/010.wav
213,11,12000,18589,1.549,312125228,bank213/011.wav
213,12,12000,18936,1.578,312125228,bank213/012.wav
213,13,12000,23497,1.958,312125228,bank213/013.wav
213,14,12000,24383,2.032,312125228,bank213/014.wav
213,15,12000,20997,1.75,312125228,bank213/015.wav
213,16,12000,26917,2.243,312125228,bank213/016.wav
213,17,12000,24114,2.01,312125228,bank213/017.wav
213,18,12000,23764,1.98,312125228,bank213/018.wav
213,19,12000,28936,2.411,312125228,bank213/019.wav
213,20,12000,18198,1.516,312125228,bank213/020.wav
213,21,12000,55800,4.65,312125228,bank213/021.wav
213,22,12000,55800,4.65,312125228,bank213/022.wav
213,23,12000,47225,3.935,312125228,bank213/023.wav
213,24,12000,34402,2.867,312125228,bank213/024.wav
213,25,12000,31758,2.647,312125228,bank213/025.wav
213,26,12000,10662,0.888,312125228,bank213/026.wav
213,27,12000,39971,3.331,312125228,bank213/027.wav
213,28,12000,33539,2.795,312125228,bank213/028.wav
213,29,12000,41646,3.47,312125228,bank213/029.wav
213,30,12000,49776,4.148,312125228,bank213/030.wav
213,31,12000,35513,2.959,312125228,bank213/031.wav
214,0,12000,26920,2.243,314043368,bank214/000.wav
214,1,12000,39544,3.295,314043368,bank214/001.wav
214,2,12000,26438,2.203,314043368,bank214/002.wav
214,3,12000,49352,4.113,314043368,bank214/003.wav
214,4,12000,41987,3.499,314043368,bank214/004.wav
214,5,12000,32777,2.731,314043368,bank214/005.wav
214,6,12000,23529,1.961,314043368,bank214/006.wav
214,7,12000,27565,2.297,314043368,bank214/007.wav
214,8,12000,31838,2.653,314043368,bank214/008.wav
214,9,12000,30586,2.549,314043368,bank214/009.wav
214,10,12000,43953,3.663,314043368,bank214/010.wav
214,11,12000,29808,2.484,314043368,bank214/011.wav
214,12,12000,23416,1.951,314043368,bank214/012.wav
214,13,12000,34992,2.916,314043368,bank214/013.wav
214,14,12000,30423,2.535,314043368,bank214/014.wav
214,15,12000,11327,0.944,314043368,bank214/015.wav
214,16,12000,33132,2.761,314043368,bank214/016.wav
214,17,12000,50629,4.219,314043368,bank214/017.wav
214,18,12000,52379,4.365,314043368,bank214/018.wav
214,19,12000,37378,3.115,314043368,bank214/019.wav
214,20,12000,33416,2.785,314043368,bank214/020.wav
215,0,12000,37469,3.122,315470950,bank215/000.wav
215,1,12000,18816,1.568,315470950,bank215/001.wav
215,2,12000,28872,2.406,315470950,bank215/002.wav
215,3,12000,41200,3.433,315470950,bank215/003.wav
215,4,12000,28824,2.402,315470950,bank215/004.wav
215,5,12000,26494,2.208,315470950,bank215/005.wav
215,6,12000,27737,2.311,315470950,bank215/006.wav
215,7,12000,32873,2.739,315470950,bank215/007.wav
215,8,12000,36085,3.007,315470950,bank215/008.wav
215,9,12000,26818,2.235,315470950,bank215/009.wav
215,10,12000,38691,3.224,315470950,bank215/010.wav
215,11,12000,29629,2.469,315470950,bank215/011.wav
216,0,12000,35749,2.979,316222770,bank216/000.wav
216,1,15000,28414,1.894,316222770,bank216/001.wav
216,2,12000,31008,2.584,316222770,bank216/002.wav
216,3,12000,47790,3.982,316222770,bank216/003.wav
216,4,12000,49341,4.112,316222770,bank216/004.wav
216,5,12000,21599,1.8,316222770,bank216/005.wav
216,6,12000,30512,2.543,316222770,bank216/006.wav
216,7,12000,28613,2.384,316222770,bank216/007.wav
216,8,12000,29335,2.445,316222770,bank216/008.wav
216,9,12000,39418,3.285,316222770,bank216/009.wav
216,10,12000,33317,2.776,316222770,bank216/010.wav
216,11,12000,31178,2.598,316222770,bank216/011.wav
216,12,12000,18272,1.523,316222770,bank216/012.wav
216,13,12000,16446,1.371,316222770,bank216/013.wav
216,14,12000,26881,2.24,316222770,bank216/014.wav
216,15,12000,27911,2.326,316222770,bank216/015.wav
216,16,12000,38850,3.237,316222770,bank216/016.wav
216,17,12000,15373,1.281,316222770,bank216/017.wav
216,18,12000,43834,3.653,316222770,bank216/018.wav
216,19,12000,32402,2.7,316222770,bank216/019.wav
216,20,12000,17367,1.447,316222770,bank216/020.wav
216,21,12000,37097,3.091,316222770,bank216/021.wav
216,22,12000,27107,2.259,316222770,bank216/022.wav
216,23,12000,28191,2.349,316222770,bank216/023.wav
216,24,12000,28597,2.383,316222770,bank216/024.wav
216,25,12000,33989,2.832,316222770,bank216/025.wav
216,26,12000,24532,2.044,316222770,bank216/026.wav
216,27,12000,20512,1.709,316222770,bank216/027.wav
216,28,12000,33655,2.805,316222770,bank216/028.wav
216,29,12000,25699,2.142,316222770,bank216/029.wav
216,30,12000,40039,3.337,316222770,bank216/030.wav
216,31,12000,18690,1.558,316222770,bank216/031.wav
216,32,12000,16736,1.395,316222770,bank216/032.wav
216,33,12000,18826,1.569,316222770,bank216/033.wav
216,34,12000,22794,1.899,316222770,bank216/034.wav
216,35,12000,37129,3.094,316222770,bank216/035.wav
216,36,12000,30421,2.535,316222770,bank216/036.wav
216,37,12000,38150,3.179,316222770,bank216/037.wav
216,38,12000,38642,3.22,316222770,bank216/038.wav
216,39,12000,29227,2.436,316222770,bank216/039.wav
216,40,12000,22255,1.855,316222770,bank216/040.wav
216,41,12000,46814,3.901,316222770,bank216/041.wav
216,42,12000,39499,3.292,316222770,bank216/042.wav
216,43,12000,30593,2.549,316222770,bank216/043.wav
216,44,12000,22080,1.84,316222770,bank216/044.wav
216,45,12000,44251,3.688,316222770,bank216/045.wav
216,46,12000,34532,2.878,316222770,bank216/046.wav
216,47,12000,45274,3.773,316222770,bank216/047.wav
216,48,12000,50418,4.202,316222770,bank216/048.wav
216,49,12000,26635,2.22,316222770,bank216/049.wav
216,50,12000,38924,3.244,316222770,bank216/050.wav
216,51,12000,19565,1.63,316222770,bank216/051.wav
216,52,12000,24750,2.062,316222770,bank216/052.wav
216,53,12000,21313,1.776,316222770,bank216/053.wav
216,54,12000,41477,3.456,316222770,bank216/054.wav
216,55,12000,23292,1.941,316222770,bank216/055.wav
217,0,22050,2440,0.111,319678204,bank217/000.wav
